
############################################################
# LEAGUE: epl
############################################################
[predict] League: epl (English Premier League), source: , type: league
[predict] Fetching football-data.org: https://api.football-data.org/v4/competitions/PL/matches
[predict] Got 380 events
[predict] form/records 数据源未提供且无历史比赛可推导，状态/战绩信号回退为中性值
[predict] Past: 50, Future: 330, In progress: 0
[predict] Saved results: /home/ubuntu/work/sports-lottery/scripts/results/result_2026-09-27.json (250 matches, merged)
[predict] Fetching ESPN (attempt 1/3): https://site.api.espn.com/apis/site/v2/sports/soccer/eng.1/scoreboard?dates=20261010&limit=50
[predict] Fetching ESPN (attempt 1/3): https://site.api.espn.com/apis/site/v2/sports/soccer/eng.1/scoreboard?dates=20261011&limit=50
[predict] odds_enrich: ESPN 赔率回填 8/8 场
[predict] League epl: ESPN odds enriched 8/8 future matches
[predict] Using built-in default FIFA rankings (57 teams)
[predict] FIFA rankings loaded: 57 teams
[predict] Loaded ELO ratings for 153 teams from /home/ubuntu/work/sports-lottery/references/.elo_ratings.json (saved=2026-09-27T13:27:25Z)
[predict] Saved ELO ratings for 153 teams to /home/ubuntu/work/sports-lottery/references/.elo_ratings.json
[predict] ELO ratings: 153 teams
[predict] Calibration: {"total_matches": 50, "home_wins": 18, "draws": 16, "away_wins": 16, "home_win_rate": 0.36, "draw_rate": 0.32, "away_win_rate": 0.32, "favored_by_odds": 0, "favored_won": 0, "odds_accuracy": 0}
[predict] Loaded previous calibration offset (league=epl, sample_size=1191)
[predict] Exponential smoothing applied (α=0.7)
[predict] Calibration offset(n=1191, weight=1.00): home×0.993 draw×0.934 away×1.066 | onside_home×0.996 onside_away×1.033
[predict] Calibration offset: {"home_correction": 0.993, "draw_correction": 0.934, "away_correction": 1.066, "onside_home_correction": 0.996, "onside_away_correction": 1.033, "sample_size": 1191, "sample_weight": 1.0, "actual_home_rate": 0.447, "actual_draw_rate": 0.233, "actual_away_rate": 0.32, "_saved_at": "2026-09-27T13:27:52Z", "_league": "epl"}
[predict] rho fit: 50 matches, lambda_h=1.52 lambda_a=1.30, rho=-0.043 (LL=-155.8)
[predict] calibration applied (n=1191, home×0.993/draw×0.934/away×1.066)
[predict] calibration applied (n=1191, home×0.993/draw×0.934/away×1.066)
[predict] calibration applied (n=1191, home×0.993/draw×0.934/away×1.066)
[predict] calibration applied (n=1191, home×0.993/draw×0.934/away×1.066)
[predict] calibration applied (n=1191, home×0.993/draw×0.934/away×1.066)
[predict] calibration applied (n=1191, home×0.993/draw×0.934/away×1.066)
[predict] calibration applied (n=1191, home×0.993/draw×0.934/away×1.066)
[predict] calibration applied (n=1191, home×0.993/draw×0.934/away×1.066)
[predict] Predicted 8 matches
[predict] Fetching football-data.org: https://api.football-data.org/v4/competitions/PL/matches
[predict] form/records 数据源未提供且无历史比赛可推导，状态/战绩信号回退为中性值
[predict] Season MC inputs: finished=50, remaining=330
[predict] Starting Monte Carlo simulation: 100 iterations, type=league
[predict] Monte Carlo complete. Top champion: [('曼城', 0.49), ('布莱顿', 0.35), ('切尔西', 0.08)]
[predict] Saved: /home/ubuntu/work/sports-lottery/scripts/predictions/prediction_2026-09-27_21_epl.json

============================================================
Window calibration: 50 finished | home win 36% draw 32% away win 32%
    Odds favorite accuracy: 0% (0/0)
Calibration offset(n=1191): home x0.993 draw x0.934 away x1.066
   Actual distribution: home 0.447 | draw 0.233 | away 0.32
To predict: 8 matches
  阿森纳 vs 利兹联 | 阿森纳 胜 3-star [cal] [DC] | 2-1 | l=1.94[0-5.0]/1.12[0-3.6] | 1-1(11%) / 2-1(10%) / 2-0(9%)
  桑德兰 vs 布莱顿 | 布莱顿 胜 2-star [cal] [DC] | 0-1 | l=1.05[0-3.5]/1.63[0-4.5] | 1-1(13%) / 0-1(11%) / 1-2(10%)
  切尔西 vs 伯恩茅斯 | 切尔西 胜 2-star [cal] [DC] | 1-0 | l=1.59[0-4.4]/0.93[0-3.3] | 1-1(13%) / 1-0(12%) / 2-0(10%)
  伊普斯维奇 vs 富勒姆 | 伊普斯维奇 胜 (接近) 1-star [cal] [DC] | 1-0 | l=1.36[0-4.0]/1.04[0-3.5] | 1-1(14%) / 1-0(12%) / 0-0(9%)
  阿斯顿维拉 vs 布伦特福德 | 布伦特福德 胜 (接近) 2-star [cal] [DC] | 0-1 | l=1.1[0-3.6]/1.52[0-4.3] | 1-1(13%) / 0-1(11%) / 1-2(9%)
  曼联 vs 热刺 | 曼联 胜 2-star [cal] [DC] | 1-0 | l=1.53[0-4.3]/0.84[0-3.1] | 1-0(14%) / 1-1(13%) / 2-0(11%)
  赫尔城 vs 埃弗顿 | 埃弗顿 胜 (接近) 1-star [cal] [DC] | 1-2 | l=1.33[0-4.0]/1.46[0-4.2] | 1-1(13%) / 1-2(9%) / 0-1(8%)
  水晶宫 vs 诺丁汉森林 | 诺丁汉森林 胜 (接近) 1-star [cal] [DC] | 0-1 | l=1.18[0-3.7]/1.25[0-3.8] | 1-1(14%) / 0-1(10%) / 1-0(10%)

Monte Carlo champion prediction (n=100):
  曼城: 49.0%
  布莱顿: 35.0%
  切尔西: 8.0%
  布伦特福德: 3.0%
  纽卡斯尔联: 2.0%
============================================================
Total runtime: 6947ms
============================================================

############################################################
# LEAGUE: laliga
############################################################
[predict] League: laliga (La Liga), source: , type: league
[predict] Fetching football-data.org: https://api.football-data.org/v4/competitions/PD/matches
[predict] Got 380 events
[predict] form/records 数据源未提供且无历史比赛可推导，状态/战绩信号回退为中性值
[predict] Past: 69, Future: 311, In progress: 0
[predict] Saved results: /home/ubuntu/work/sports-lottery/scripts/results/result_2026-09-27.json (250 matches, merged)
[predict] Fetching ESPN (attempt 1/3): https://site.api.espn.com/apis/site/v2/sports/soccer/esp.1/scoreboard?dates=20261009&limit=50
[predict] Fetching ESPN (attempt 1/3): https://site.api.espn.com/apis/site/v2/sports/soccer/esp.1/scoreboard?dates=20261010&limit=50
[predict] Fetching ESPN (attempt 1/3): https://site.api.espn.com/apis/site/v2/sports/soccer/esp.1/scoreboard?dates=20261011&limit=50
[predict] odds_enrich: ESPN 赔率回填 6/6 场
[predict] League laliga: ESPN odds enriched 6/6 future matches
[predict] Accumulated 5 historical past matches (league=laliga)
[predict] Using built-in default FIFA rankings (57 teams)
[predict] FIFA rankings loaded: 57 teams
[predict] Loaded ELO ratings for 153 teams from /home/ubuntu/work/sports-lottery/references/.elo_ratings.json (saved=2026-09-27T13:27:52Z)
[predict] Saved ELO ratings for 153 teams to /home/ubuntu/work/sports-lottery/references/.elo_ratings.json
[predict] ELO ratings: 153 teams
[predict] Calibration: {"total_matches": 69, "home_wins": 31, "draws": 17, "away_wins": 21, "home_win_rate": 0.449, "draw_rate": 0.246, "away_win_rate": 0.304, "favored_by_odds": 0, "favored_won": 0, "odds_accuracy": 0}
[predict] Calibration offset(n=1209, weight=1.00): home×1.009 draw×1.026 away×0.965 | onside_home×1.005 onside_away×0.982
[predict] Calibration offset: {"home_correction": 1.009, "draw_correction": 1.026, "away_correction": 0.965, "onside_home_correction": 1.005, "onside_away_correction": 0.982, "sample_size": 1209, "sample_weight": 1.0, "actual_home_rate": 0.454, "actual_draw_rate": 0.256, "actual_away_rate": 0.289, "_saved_at": "2026-09-27T13:28:00Z", "_league": "laliga"}
[predict] tau_correction clamped to 0: tau=-0.0041 (h=1,a=1,λ_h=1.71,λ_a=1.33,ρ=0.440) —— 后续同类钳位已抑制（热路径，逐次记录会淹没日志）
[predict] rho fit: 69 matches, lambda_h=1.71 lambda_a=1.33, rho=0.469 (LL=-197.9)
[predict] calibration applied (n=1209, home×1.009/draw×1.026/away×0.965)
[predict] calibration applied (n=1209, home×1.009/draw×1.026/away×0.965)
[predict] calibration applied (n=1209, home×1.009/draw×1.026/away×0.965)
[predict] calibration applied (n=1209, home×1.009/draw×1.026/away×0.965)
[predict] calibration applied (n=1209, home×1.009/draw×1.026/away×0.965)
[predict] calibration applied (n=1209, home×1.009/draw×1.026/away×0.965)
[predict] Predicted 6 matches
[predict] Fetching football-data.org: https://api.football-data.org/v4/competitions/PD/matches
[predict] form/records 数据源未提供且无历史比赛可推导，状态/战绩信号回退为中性值
[predict] Season MC inputs: finished=69, remaining=311
[predict] Starting Monte Carlo simulation: 100 iterations, type=league
[predict] Monte Carlo complete. Top champion: [('巴塞罗那', 0.93), ('皇家马德里', 0.04), ('塞维利亚', 0.01)]
[predict] Saved: /home/ubuntu/work/sports-lottery/scripts/predictions/prediction_2026-09-27_21_laliga.json

============================================================
Window calibration: 69 finished | home win 45% draw 25% away win 30%
    Odds favorite accuracy: 0% (0/0)
Calibration offset(n=1209): home x1.009 draw x1.026 away x0.965
   Actual distribution: home 0.454 | draw 0.256 | away 0.289
To predict: 6 matches
  马拉加 vs 西班牙人 | 马拉加 胜 (接近) 1-star [cal] [DC] | 0-1 | l=1.08[0-3.5]/1.09[0-3.6] | 0-1(19%) / 1-0(19%) / 1-2(7%)
  巴列卡诺 vs 毕尔巴鄂竞技 | 毕尔巴鄂竞技 胜 (接近) 1-star [cal] [DC] | 0-1 | l=1.27[0-3.9]/1.33[0-4.0] | 0-1(16%) / 1-0(15%) / 1-2(8%)
  阿拉维斯 vs 马德里竞技 | 马德里竞技 胜 (接近) 1-star [cal] [DC] | 0-1 | l=1.16[0-3.7]/1.64[0-4.5] | 0-1(15%) / 1-0(12%) / 1-2(9%)
  巴塞罗那 vs 赫塔菲 | 巴塞罗那 胜 4-star [cal] [DC] | 1-0 | l=2.33[0-5.6]/0.69[0-2.8] | 1-0(15%) / 2-0(13%) / 3-0(10%)
  皇家马德里 vs 比利亚雷亚尔 | 皇家马德里 胜 3-star [cal] [DC] | 1-0 | l=1.8[0-4.8]/0.91[0-3.2] | 1-0(17%) / 0-1(11%) / 2-0(11%)
  埃尔切 vs 维戈塞尔塔 | 埃尔切 胜 (接近) 1-star [cal] [DC] | 0-1 | l=1.17[0-3.7]/1.18[0-3.7] | 0-1(17%) / 1-0(17%) / 1-2(8%)

Monte Carlo champion prediction (n=100):
  巴塞罗那: 93.0%
  皇家马德里: 4.0%
  塞维利亚: 1.0%
  皇家贝蒂斯: 1.0%
  马德里竞技: 1.0%
============================================================
Total runtime: 6990ms
============================================================

############################################################
# LEAGUE: bundesliga
############################################################
[predict] League: bundesliga (Bundesliga), source: , type: league
[predict] Fetching football-data.org: https://api.football-data.org/v4/competitions/BL1/matches
[predict] Got 306 events
[predict] form/records 数据源未提供且无历史比赛可推导，状态/战绩信号回退为中性值
[predict] Past: 36, Future: 270, In progress: 0
[predict] Saved results: /home/ubuntu/work/sports-lottery/scripts/results/result_2026-09-27.json (250 matches, merged)
[predict] Fetching ESPN (attempt 1/3): https://site.api.espn.com/apis/site/v2/sports/soccer/ger.1/scoreboard?dates=20261009&limit=50
[predict] Fetching ESPN (attempt 1/3): https://site.api.espn.com/apis/site/v2/sports/soccer/ger.1/scoreboard?dates=20261010&limit=50
[predict] odds_enrich: 2026-10-10 时点 13:30 有 5 场候选无法唯一化，跳过 美因茨05 vs 勒沃库森
[predict] odds_enrich: ESPN 赔率回填 6/7 场
[predict] League bundesliga: ESPN odds enriched 6/7 future matches
[predict] Using built-in default FIFA rankings (57 teams)
[predict] FIFA rankings loaded: 57 teams
[predict] Loaded ELO ratings for 153 teams from /home/ubuntu/work/sports-lottery/references/.elo_ratings.json (saved=2026-09-27T13:28:00Z)
[predict] Saved ELO ratings for 153 teams to /home/ubuntu/work/sports-lottery/references/.elo_ratings.json
[predict] ELO ratings: 153 teams
[predict] Calibration: {"total_matches": 36, "home_wins": 19, "draws": 7, "away_wins": 10, "home_win_rate": 0.528, "draw_rate": 0.194, "away_win_rate": 0.278, "favored_by_odds": 0, "favored_won": 0, "odds_accuracy": 0}
[predict] Calibration offset(n=960, weight=1.00): home×0.965 draw×1.008 away×1.045 | onside_home×0.983 onside_away×1.023
[predict] Calibration offset: {"home_correction": 0.965, "draw_correction": 1.008, "away_correction": 1.045, "onside_home_correction": 0.983, "onside_away_correction": 1.023, "sample_size": 960, "sample_weight": 1.0, "actual_home_rate": 0.434, "actual_draw_rate": 0.252, "actual_away_rate": 0.314, "_saved_at": "2026-09-27T13:28:07Z", "_league": "bundesliga"}
[predict] rho fit: 36 matches, lambda_h=2.39 lambda_a=1.42, rho=0.295 (LL=-124.4)
[predict] calibration applied (n=960, home×0.965/draw×1.008/away×1.045)
[predict] calibration applied (n=960, home×0.965/draw×1.008/away×1.045)
[predict] calibration applied (n=960, home×0.965/draw×1.008/away×1.045)
[predict] calibration applied (n=960, home×0.965/draw×1.008/away×1.045)
[predict] calibration applied (n=960, home×0.965/draw×1.008/away×1.045)
[predict] calibration applied (n=960, home×0.965/draw×1.008/away×1.045)
[predict] calibration applied (n=960, home×0.965/draw×1.008/away×1.045)
[predict] Predicted 7 matches
[predict] Fetching football-data.org: https://api.football-data.org/v4/competitions/BL1/matches
[predict] form/records 数据源未提供且无历史比赛可推导，状态/战绩信号回退为中性值
[predict] Season MC inputs: finished=36, remaining=270
[predict] Starting Monte Carlo simulation: 100 iterations, type=league
[predict] Monte Carlo complete. Top champion: [('拜仁慕尼黑', 0.29), ('弗赖堡', 0.16), ('多特蒙德', 0.12)]
[predict] Saved: /home/ubuntu/work/sports-lottery/scripts/predictions/prediction_2026-09-27_21_bundesliga.json

============================================================
Window calibration: 36 finished | home win 53% draw 19% away win 28%
    Odds favorite accuracy: 0% (0/0)
Calibration offset(n=960): home x0.965 draw x1.008 away x1.045
   Actual distribution: home 0.434 | draw 0.252 | away 0.314
To predict: 7 matches
  多特蒙德 vs 云达不莱梅 | 多特蒙德 胜 2-star [cal] [DC] | 2-1 | l=2.38[0-5.7]/1.28[0-3.9] | 2-1(9%) / 1-0(8%) / 3-1(7%)
  美因茨05 vs 勒沃库森 | 美因茨05 胜 (接近) 1-star [cal] [DC] | 1-0 | l=1.76[0-4.7]/1.48[0-4.2] | 1-0(10%) / 2-1(9%) / 0-1(9%)
  帕德博恩07 vs 斯图加特 | 斯图加特 胜 (接近) 1-star [cal] [DC] | 0-1 | l=1.28[0-3.9]/1.54[0-4.3] | 0-1(13%) / 1-0(11%) / 1-2(9%)
  柏林联合 vs 鄂尔士贝格 | 鄂尔士贝格 胜 (接近) 1-star [cal] [DC] | 0-1 | l=1.18[0-3.7]/1.66[0-4.5] | 0-1(13%) / 1-0(10%) / 1-2(10%)
  霍芬海姆 vs 汉堡 | 霍芬海姆 胜 2-star [cal] [DC] | 1-0 | l=1.57[0-4.4]/1.15[0-3.7] | 1-0(14%) / 0-1(11%) / 2-1(9%)
  奥格斯堡 vs 拜仁慕尼黑 | 拜仁慕尼黑 胜 2-star [cal] [DC] | 1-2 | l=1.36[0-4.0]/2.22[0-5.5] | 1-2(9%) / 0-1(9%) / 1-3(7%)
  莱比锡红牛 vs 法兰克福 | 莱比锡红牛 胜 2-star [cal] [DC] | 1-0 | l=1.84[0-4.8]/1.25[0-3.8] | 1-0(11%) / 2-1(10%) / 0-1(9%)

Monte Carlo champion prediction (n=100):
  拜仁慕尼黑: 29.0%
  弗赖堡: 16.0%
  多特蒙德: 12.0%
  美因茨05: 11.0%
  奥格斯堡: 10.0%
============================================================
Total runtime: 6558ms
============================================================

############################################################
# LEAGUE: seriea
############################################################
[predict] League: seriea (Serie A), source: , type: league
[predict] Fetching football-data.org: https://api.football-data.org/v4/competitions/SA/matches
[predict] Got 380 events
[predict] form/records 数据源未提供且无历史比赛可推导，状态/战绩信号回退为中性值
[predict] Past: 50, Future: 330, In progress: 0
[predict] Saved results: /home/ubuntu/work/sports-lottery/scripts/results/result_2026-09-27.json (250 matches, merged)
[predict] Fetching ESPN (attempt 1/3): https://site.api.espn.com/apis/site/v2/sports/soccer/ita.1/scoreboard?dates=20261010&limit=50
[predict] Fetching ESPN (attempt 1/3): https://site.api.espn.com/apis/site/v2/sports/soccer/ita.1/scoreboard?dates=20261011&limit=50
[predict] odds_enrich: ESPN 赔率回填 6/6 场
[predict] League seriea: ESPN odds enriched 6/6 future matches
[predict] Using built-in default FIFA rankings (57 teams)
[predict] FIFA rankings loaded: 57 teams
[predict] Loaded ELO ratings for 153 teams from /home/ubuntu/work/sports-lottery/references/.elo_ratings.json (saved=2026-09-27T13:28:07Z)
[predict] Saved ELO ratings for 153 teams to /home/ubuntu/work/sports-lottery/references/.elo_ratings.json
[predict] ELO ratings: 153 teams
[predict] Calibration: {"total_matches": 50, "home_wins": 22, "draws": 9, "away_wins": 19, "home_win_rate": 0.44, "draw_rate": 0.18, "away_win_rate": 0.38, "favored_by_odds": 0, "favored_won": 0, "odds_accuracy": 0}
[predict] Calibration offset(n=1191, weight=1.00): home×0.920 draw×1.105 away×1.033 | onside_home×0.960 onside_away×1.016
[predict] Calibration offset: {"home_correction": 0.92, "draw_correction": 1.105, "away_correction": 1.033, "onside_home_correction": 0.96, "onside_away_correction": 1.016, "sample_size": 1191, "sample_weight": 1.0, "actual_home_rate": 0.414, "actual_draw_rate": 0.276, "actual_away_rate": 0.31, "_saved_at": "2026-09-27T13:28:14Z", "_league": "seriea"}
[predict] rho fit: 50 matches, lambda_h=1.48 lambda_a=1.42, rho=0.500 (LL=-129.7)
[predict] calibration applied (n=1191, home×0.92/draw×1.105/away×1.033)
[predict] calibration applied (n=1191, home×0.92/draw×1.105/away×1.033)
[predict] calibration applied (n=1191, home×0.92/draw×1.105/away×1.033)
[predict] calibration applied (n=1191, home×0.92/draw×1.105/away×1.033)
[predict] calibration applied (n=1191, home×0.92/draw×1.105/away×1.033)
[predict] calibration applied (n=1191, home×0.92/draw×1.105/away×1.033)
[predict] Predicted 6 matches
[predict] Fetching football-data.org: https://api.football-data.org/v4/competitions/SA/matches
[predict] form/records 数据源未提供且无历史比赛可推导，状态/战绩信号回退为中性值
[predict] Season MC inputs: finished=50, remaining=330
[predict] Starting Monte Carlo simulation: 100 iterations, type=league
[predict] Monte Carlo complete. Top champion: [('国际米兰', 0.56), ('罗马', 0.17), ('AC米兰', 0.08)]
[predict] Saved: /home/ubuntu/work/sports-lottery/scripts/predictions/prediction_2026-09-27_21_seriea.json

============================================================
Window calibration: 50 finished | home win 44% draw 18% away win 38%
    Odds favorite accuracy: 0% (0/0)
Calibration offset(n=1191): home x0.92 draw x1.105 away x1.033
   Actual distribution: home 0.414 | draw 0.276 | away 0.31
To predict: 6 matches
  热那亚 vs 佛罗伦萨 | 佛罗伦萨 胜 (接近) 1-star [cal] [DC] | 0-1 | l=0.87[0-3.2]/1.1[0-3.6] | 0-1(22%) / 1-0(19%) / 0-2(8%)
  国际米兰 vs 帕尔马 | 国际米兰 胜 4-star [cal] [DC] | 1-0 | l=1.91[0-4.9]/0.7[0-2.9] | 1-0(19%) / 2-0(13%) / 0-1(10%)
  那不勒斯 vs 弗罗西诺内 | 那不勒斯 胜 (接近) 1-star [cal] [DC] | 1-0 | l=1.37[0-4.0]/1.17[0-3.7] | 1-0(17%) / 0-1(16%) / 2-1(9%)
  科莫 vs 罗马 | 罗马 胜 (接近) 1-star [cal] [DC] | 0-1 | l=1.29[0-3.9]/1.44[0-4.2] | 0-1(15%) / 1-0(14%) / 1-2(9%)
  莱切 vs 博洛尼亚 | 莱切 胜 (接近) 1-star [cal] [DC] | 1-0 | l=1.07[0-3.5]/1.02[0-3.4] | 1-0(20%) / 0-1(19%) / 2-1(7%)
  拉齐奥 vs 蒙扎 | 拉齐奥 胜 3-star [cal] [DC] | 1-0 | l=1.67[0-4.6]/0.82[0-3.1] | 1-0(20%) / 0-1(12%) / 2-0(12%)

Monte Carlo champion prediction (n=100):
  国际米兰: 56.0%
  罗马: 17.0%
  AC米兰: 8.0%
  尤文图斯: 4.0%
  科莫: 3.0%
============================================================
Total runtime: 8076ms
============================================================

############################################################
# LEAGUE: ligue1
############################################################
[predict] League: ligue1 (Ligue 1), source: , type: league
[predict] Fetching football-data.org: https://api.football-data.org/v4/competitions/FL1/matches
[predict] Got 306 events
[predict] form/records 数据源未提供且无历史比赛可推导，状态/战绩信号回退为中性值
[predict] Past: 45, Future: 261, In progress: 0
[predict] Saved results: /home/ubuntu/work/sports-lottery/scripts/results/result_2026-09-27.json (250 matches, merged)
[predict] Fetching ESPN (attempt 1/3): https://site.api.espn.com/apis/site/v2/sports/soccer/fra.1/scoreboard?dates=20261009&limit=50
[predict] Fetching ESPN (attempt 1/3): https://site.api.espn.com/apis/site/v2/sports/soccer/fra.1/scoreboard?dates=20261010&limit=50
[predict] Fetching ESPN (attempt 1/3): https://site.api.espn.com/apis/site/v2/sports/soccer/fra.1/scoreboard?dates=20261011&limit=50
[predict] odds_enrich: ESPN 赔率回填 7/7 场
[predict] League ligue1: ESPN odds enriched 7/7 future matches
[predict] Using built-in default FIFA rankings (57 teams)
[predict] FIFA rankings loaded: 57 teams
[predict] Loaded ELO ratings for 153 teams from /home/ubuntu/work/sports-lottery/references/.elo_ratings.json (saved=2026-09-27T13:28:14Z)
[predict] Saved ELO ratings for 153 teams to /home/ubuntu/work/sports-lottery/references/.elo_ratings.json
[predict] ELO ratings: 153 teams
[predict] Calibration: {"total_matches": 45, "home_wins": 18, "draws": 13, "away_wins": 14, "home_win_rate": 0.4, "draw_rate": 0.289, "away_win_rate": 0.311, "favored_by_odds": 0, "favored_won": 0, "odds_accuracy": 0}
[predict] Calibration offset(n=1041, weight=1.00): home×0.952 draw×0.961 away×1.105 | onside_home×0.976 onside_away×1.052
[predict] Calibration offset: {"home_correction": 0.952, "draw_correction": 0.961, "away_correction": 1.105, "onside_home_correction": 0.976, "onside_away_correction": 1.052, "sample_size": 1041, "sample_weight": 1.0, "actual_home_rate": 0.428, "actual_draw_rate": 0.24, "actual_away_rate": 0.331, "_saved_at": "2026-09-27T13:28:21Z", "_league": "ligue1"}
[predict] rho fit: 45 matches, lambda_h=1.56 lambda_a=1.29, rho=-0.042 (LL=-133.7)
[predict] calibration applied (n=1041, home×0.952/draw×0.961/away×1.105)
[predict] calibration applied (n=1041, home×0.952/draw×0.961/away×1.105)
[predict] calibration applied (n=1041, home×0.952/draw×0.961/away×1.105)
[predict] calibration applied (n=1041, home×0.952/draw×0.961/away×1.105)
[predict] calibration applied (n=1041, home×0.952/draw×0.961/away×1.105)
[predict] calibration applied (n=1041, home×0.952/draw×0.961/away×1.105)
[predict] calibration applied (n=1041, home×0.952/draw×0.961/away×1.105)
[predict] Predicted 7 matches
[predict] Fetching football-data.org: https://api.football-data.org/v4/competitions/FL1/matches
[predict] Request attempt 1/3 failed: HTTPError: HTTP Error 429: 
[predict] Retrying in 30s...
[predict] form/records 数据源未提供且无历史比赛可推导，状态/战绩信号回退为中性值
[predict] Season MC inputs: finished=45, remaining=261
[predict] Starting Monte Carlo simulation: 100 iterations, type=league
[predict] Monte Carlo complete. Top champion: [('摩纳哥', 0.21), ('里昂', 0.19), ('斯特拉斯堡', 0.17)]
[predict] Saved: /home/ubuntu/work/sports-lottery/scripts/predictions/prediction_2026-09-27_21_ligue1.json

============================================================
Window calibration: 45 finished | home win 40% draw 29% away win 31%
    Odds favorite accuracy: 0% (0/0)
Calibration offset(n=1041): home x0.952 draw x0.961 away x1.105
   Actual distribution: home 0.428 | draw 0.24 | away 0.331
To predict: 7 matches
  朗斯 vs 里昂 | 里昂 胜 (接近) 1-star [cal] [DC] | 0-1 | l=1.12[0-3.6]/1.51[0-4.3] | 1-1(13%) / 0-1(10%) / 1-2(9%)
  里尔 vs 勒阿弗尔 | 里尔 胜 2-star [cal] [DC] | 1-0 | l=1.77[0-4.7]/0.76[0-3.0] | 1-0(14%) / 2-0(12%) / 1-1(11%)
  布雷斯特 vs 昂热 | 布雷斯特 胜 (接近) 1-star [cal] [DC] | 1-0 | l=1.29[0-3.9]/1.2[0-3.8] | 1-1(14%) / 1-0(10%) / 0-1(9%)
  洛里昂 vs 巴黎FC | 巴黎FC 胜 (接近) 1-star [cal] [DC] | 0-1 | l=1.07[0-3.5]/1.58[0-4.4] | 1-1(13%) / 0-1(11%) / 1-2(9%)
  巴黎圣日耳曼 vs 勒芒 | 巴黎圣日耳曼 胜 3-star [cal] [DC] | 1-0 | l=1.84[0-4.8]/0.88[0-3.2] | 1-0(12%) / 1-1(11%) / 2-0(11%)
  摩纳哥 vs 图卢兹 | 摩纳哥 胜 2-star [cal] [DC] | 1-0 | l=1.83[0-4.8]/0.96[0-3.3] | 1-1(12%) / 1-0(11%) / 2-0(10%)
  尼斯 vs 斯特拉斯堡 | 尼斯 胜 (接近) 1-star [cal] [DC] | 1-0 | l=1.2[0-3.7]/1.29[0-3.9] | 1-1(14%) / 0-1(10%) / 1-0(9%)

Monte Carlo champion prediction (n=100):
  摩纳哥: 21.0%
  里昂: 19.0%
  斯特拉斯堡: 17.0%
  里尔: 8.0%
  雷恩: 7.0%
============================================================
Total runtime: 37853ms
============================================================

############################################################
# LEAGUE: nba
############################################################
[predict] League: nba (NBA), source: , type: league
[predict] the-odds 数据源不支持整季取数，退回日期区间
[predict] Fetching ESPN (attempt 1/3): https://site.api.espn.com/apis/site/v2/sports/soccer/epl/scoreboard?dates=&limit=50
[predict] Attempt 1 failed: HTTPError: HTTP Error 400: Bad Request
[predict] Retrying in 30s...
[predict] Fetching ESPN (attempt 2/3): https://site.api.espn.com/apis/site/v2/sports/soccer/epl/scoreboard?dates=&limit=50
[predict] Attempt 2 failed: HTTPError: HTTP Error 400: Bad Request
[predict] Retrying in 60s...
[predict] Fetching ESPN (attempt 3/3): https://site.api.espn.com/apis/site/v2/sports/soccer/epl/scoreboard?dates=&limit=50
[predict] Attempt 3 failed: HTTPError: HTTP Error 400: Bad Request
[predict] All 3 attempts failed for ESPN
[predict] Prediction failed for nba: HTTP Error 400: Bad Request
[
  {
    "generated_at": "2026-09-27T21:27:50.488120+08:00",
    "data_window": "20260828-20261011",
    "status": "ok",
    "league": "epl",
    "tournament_type": "league",
    "data_source": "",
    "dixon_coles_enabled": true,
    "dixon_coles_rho": -0.043,
    "calibration": {
      "total_matches": 50,
      "home_wins": 18,
      "draws": 16,
      "away_wins": 16,
      "home_win_rate": 0.36,
      "draw_rate": 0.32,
      "away_win_rate": 0.32,
      "favored_by_odds": 0,
      "favored_won": 0,
      "odds_accuracy": 0
    },
    "calibration_offset": {
      "home_correction": 0.993,
      "draw_correction": 0.934,
      "away_correction": 1.066,
      "onside_home_correction": 0.996,
      "onside_away_correction": 1.033,
      "sample_size": 1191,
      "sample_weight": 1.0,
      "actual_home_rate": 0.447,
      "actual_draw_rate": 0.233,
      "actual_away_rate": 0.32,
      "_saved_at": "2026-09-27T13:27:52Z",
      "_league": "epl"
    },
    "past_matches": [
      {
        "name": "阿森纳 vs 考文垂",
        "status": "STATUS_FULL_TIME",
        "completed": true,
        "kickoff_utc": "2026-08-21T19:00:00Z",
        "time_to_kickoff_h": -882.5,
        "home": "阿森纳",
        "away": "考文垂",
        "home_en": "Arsenal FC",
        "away_en": "Coventry City FC",
        "home_abbr": "UNK",
        "away_abbr": "UNK",
        "score": "3-0",
        "home_form": "",
        "away_form": "",
        "home_form_score": 0.5,
        "away_form_score": 0.5,
        "home_record": "",
        "away_record": "",
        "home_record_score": 0.5,
        "away_record_score": 0.5,
        "ml_home_close": null,
        "draw_ml": null,
        "home_ml_implied": null,
        "draw_implied": null,
        "home_true_prob": null,
        "draw_true_prob": null,
        "away_true_prob": null,
        "spread_home_line": "",
        "spread_home_close_odds": "",
        "spread_movement_score": 0.0,
        "total_over_close": "",
        "total_under_close": "",
        "odds_data_available": false
      },
      {
        "name": "赫尔城 vs 曼联",
        "status": "STATUS_FULL_TIME",
        "completed": true,
        "kickoff_utc": "2026-08-22T11:30:00Z",
        "time_to_kickoff_h": -866.0,
        "home": "赫尔城",
        "away": "曼联",
        "home_en": "Hull City AFC",
        "away_en": "Manchester United FC",
        "home_abbr": "UNK",
        "away_abbr": "UNK",
        "score": "2-0",
        "home_form": "",
        "away_form": "",
        "home_form_score": 0.5,
        "away_form_score": 0.5,
        "home_record": "",
        "away_record": "",
        "home_record_score": 0.5,
        "away_record_score": 0.5,
        "ml_home_close": null,
        "draw_ml": null,
        "home_ml_implied": null,
        "draw_implied": null,
        "home_true_prob": null,
        "draw_true_prob": null,
        "away_true_prob": null,
        "spread_home_line": "",
        "spread_home_close_odds": "",
        "spread_movement_score": 0.0,
        "total_over_close": "",
        "total_under_close": "",
        "odds_data_available": false
      },
      {
        "name": "伊普斯维奇 vs 桑德兰",
        "status": "STATUS_FULL_TIME",
        "completed": true,
        "kickoff_utc": "2026-08-22T14:00:00Z",
        "time_to_kickoff_h": -863.5,
        "home": "伊普斯维奇",
        "away": "桑德兰",
        "home_en": "Ipswich Town FC",
        "away_en": "Sunderland AFC",
        "home_abbr": "UNK",
        "away_abbr": "UNK",
        "score": "2-1",
        "home_form": "",
        "away_form": "",
        "home_form_score": 0.5,
        "away_form_score": 0.5,
        "home_record": "",
        "away_record": "",
        "home_record_score": 0.5,
        "away_record_score": 0.5,
        "ml_home_close": null,
        "draw_ml": null,
        "home_ml_implied": null,
        "draw_implied": null,
        "home_true_prob": null,
        "draw_true_prob": null,
        "away_true_prob": null,
        "spread_home_line": "",
        "spread_home_close_odds": "",
        "spread_movement_score": 0.0,
        "total_over_close": "",
        "total_under_close": "",
        "odds_data_available": false
      },
      {
        "name": "诺丁汉森林 vs 利兹联",
        "status": "STATUS_FULL_TIME",
        "completed": true,
        "kickoff_utc": "2026-08-22T14:00:00Z",
        "time_to_kickoff_h": -863.5,
        "home": "诺丁汉森林",
        "away": "利兹联",
        "home_en": "Nottingham Forest FC",
        "away_en": "Leeds United FC",
        "home_abbr": "UNK",
        "away_abbr": "UNK",
        "score": "0-1",
        "home_form": "",
        "away_form": "",
        "home_form_score": 0.5,
        "away_form_score": 0.5,
        "home_record": "",
        "away_record": "",
        "home_record_score": 0.5,
        "away_record_score": 0.5,
        "ml_home_close": null,
        "draw_ml": null,
        "home_ml_implied": null,
        "draw_implied": null,
        "home_true_prob": null,
        "draw_true_prob": null,
        "away_true_prob": null,
        "spread_home_line": "",
        "spread_home_close_odds": "",
        "spread_movement_score": 0.0,
        "total_over_close": "",
        "total_under_close": "",
        "odds_data_available": false
      },
      {
        "name": "埃弗顿 vs 水晶宫",
        "status": "STATUS_FULL_TIME",
        "completed": true,
        "kickoff_utc": "2026-08-22T14:00:00Z",
        "time_to_kickoff_h": -863.5,
        "home": "埃弗顿",
        "away": "水晶宫",
        "home_en": "Everton FC",
        "away_en": "Crystal Palace FC",
        "home_abbr": "UNK",
        "away_abbr": "UNK",
        "score": "2-0",
        "home_form": "",
        "away_form": "",
        "home_form_score": 0.5,
        "away_form_score": 0.5,
        "home_record": "",
        "away_record": "",
        "home_record_score": 0.5,
        "away_record_score": 0.5,
        "ml_home_close": null,
        "draw_ml": null,
        "home_ml_implied": null,
        "draw_implied": null,
        "home_true_prob": null,
        "draw_true_prob": null,
        "away_true_prob": null,
        "spread_home_line": "",
        "spread_home_close_odds": "",
        "spread_movement_score": 0.0,
        "total_over_close": "",
        "total_under_close": "",
        "odds_data_available": false
      },
      {
        "name": "布伦特福德 vs 热刺",
        "status": "STATUS_FULL_TIME",
        "completed": true,
        "kickoff_utc": "2026-08-22T16:30:00Z",
        "time_to_kickoff_h": -861.0,
        "home": "布伦特福德",
        "away": "热刺",
        "home_en": "Brentford FC",
        "away_en": "Tottenham Hotspur FC",
        "home_abbr": "UNK",
        "away_abbr": "UNK",
        "score": "3-0",
        "home_form": "",
        "away_form": "",
        "home_form_score": 0.5,
        "away_form_score": 0.5,
        "home_record": "",
        "away_record": "",
        "home_record_score": 0.5,
        "away_record_score": 0.5,
        "ml_home_close": null,
        "draw_ml": null,
        "home_ml_implied": null,
        "draw_implied": null,
        "home_true_prob": null,
        "draw_true_prob": null,
        "away_true_prob": null,
        "spread_home_line": "",
        "spread_home_close_odds": "",
        "spread_movement_score": 0.0,
        "total_over_close": "",
        "total_under_close": "",
        "odds_data_available": false
      },
      {
        "name": "曼城 vs 伯恩茅斯",
        "status": "STATUS_FULL_TIME",
        "completed": true,
        "kickoff_utc": "2026-08-23T13:00:00Z",
        "time_to_kickoff_h": -840.5,
        "home": "曼城",
        "away": "伯恩茅斯",
        "home_en": "Manchester City FC",
        "away_en": "AFC Bournemouth",
        "home_abbr": "UNK",
        "away_abbr": "UNK",
        "score": "2-1",
        "home_form": "",
        "away_form": "",
        "home_form_score": 0.5,
        "away_form_score": 0.5,
        "home_record": "",
        "away_record": "",
        "home_record_score": 0.5,
        "away_record_score": 0.5,
        "ml_home_close": null,
        "draw_ml": null,
        "home_ml_implied": null,
        "draw_implied": null,
        "home_true_prob": null,
        "draw_true_prob": null,
        "away_true_prob": null,
        "spread_home_line": "",
        "spread_home_close_odds": "",
        "spread_movement_score": 0.0,
        "total_over_close": "",
        "total_under_close": "",
        "odds_data_available": false
      },
      {
        "name": "布莱顿 vs 阿斯顿维拉",
        "status": "STATUS_FULL_TIME",
        "completed": true,
        "kickoff_utc": "2026-08-23T13:00:00Z",
        "time_to_kickoff_h": -840.5,
        "home": "布莱顿",
        "away": "阿斯顿维拉",
        "home_en": "Brighton & Hove Albion FC",
        "away_en": "Aston Villa FC",
        "home_abbr": "UNK",
        "away_abbr": "UNK",
        "score": "4-0",
        "home_form": "",
        "away_form": "",
        "home_form_score": 0.5,
        "away_form_score": 0.5,
        "home_record": "",
        "away_record": "",
        "home_record_score": 0.5,
        "away_record_score": 0.5,
        "ml_home_close": null,
        "draw_ml": null,
        "home_ml_implied": null,
        "draw_implied": null,
        "home_true_prob": null,
        "draw_true_prob": null,
        "away_true_prob": null,
        "spread_home_line": "",
        "spread_home_close_odds": "",
        "spread_movement_score": 0.0,
        "total_over_close": "",
        "total_under_close": "",
        "odds_data_available": false
      },
      {
        "name": "纽卡斯尔联 vs 利物浦",
        "status": "STATUS_FULL_TIME",
        "completed": true,
        "kickoff_utc": "2026-08-23T15:30:00Z",
        "time_to_kickoff_h": -838.0,
        "home": "纽卡斯尔联",
        "away": "利物浦",
        "home_en": "Newcastle United FC",
        "away_en": "Liverpool FC",
        "home_abbr": "UNK",
        "away_abbr": "UNK",
        "score": "2-2",
        "home_form": "",
        "away_form": "",
        "home_form_score": 0.5,
        "away_form_score": 0.5,
        "home_record": "",
        "away_record": "",
        "home_record_score": 0.5,
        "away_record_score": 0.5,
        "ml_home_close": null,
        "draw_ml": null,
        "home_ml_implied": null,
        "draw_implied": null,
        "home_true_prob": null,
        "draw_true_prob": null,
        "away_true_prob": null,
        "spread_home_line": "",
        "spread_home_close_odds": "",
        "spread_movement_score": 0.0,
        "total_over_close": "",
        "total_under_close": "",
        "odds_data_available": false
      },
      {
        "name": "富勒姆 vs 切尔西",
        "status": "STATUS_FULL_TIME",
        "completed": true,
        "kickoff_utc": "2026-08-24T19:00:00Z",
        "time_to_kickoff_h": -810.5,
        "home": "富勒姆",
        "away": "切尔西",
        "home_en": "Fulham FC",
        "away_en": "Chelsea FC",
        "home_abbr": "UNK",
        "away_abbr": "UNK",
        "score": "2-3",
        "home_form": "",
        "away_form": "",
        "home_form_score": 0.5,
        "away_form_score": 0.5,
        "home_record": "",
        "away_record": "",
        "home_record_score": 0.5,
        "away_record_score": 0.5,
        "ml_home_close": null,
        "draw_ml": null,
        "home_ml_implied": null,
        "draw_implied": null,
        "home_true_prob": null,
        "draw_true_prob": null,
        "away_true_prob": null,
        "spread_home_line": "",
        "spread_home_close_odds": "",
        "spread_movement_score": 0.0,
        "total_over_close": "",
        "total_under_close": "",
        "odds_data_available": false
      },
      {
        "name": "水晶宫 vs 曼城",
        "status": "STATUS_FULL_TIME",
        "completed": true,
        "kickoff_utc": "2026-08-28T19:00:00Z",
        "time_to_kickoff_h": -714.5,
        "home": "水晶宫",
        "away": "曼城",
        "home_en": "Crystal Palace FC",
        "away_en": "Manchester City FC",
        "home_abbr": "UNK",
        "away_abbr": "UNK",
        "score": "1-4",
        "home_form": "L",
        "away_form": "W",
        "home_form_score": 0.0,
        "away_form_score": 1.0,
        "home_record": "0-0-1",
        "away_record": "1-0-0",
        "home_record_score": 0.0,
        "away_record_score": 1.0,
        "ml_home_close": null,
        "draw_ml": null,
        "home_ml_implied": null,
        "draw_implied": null,
        "home_true_prob": null,
        "draw_true_prob": null,
        "away_true_prob": null,
        "spread_home_line": "",
        "spread_home_close_odds": "",
        "spread_movement_score": 0.0,
        "total_over_close": "",
        "total_under_close": "",
        "odds_data_available": false
      },
      {
        "name": "利物浦 vs 诺丁汉森林",
        "status": "STATUS_FULL_TIME",
        "completed": true,
        "kickoff_utc": "2026-08-29T11:30:00Z",
        "time_to_kickoff_h": -698.0,
        "home": "利物浦",
        "away": "诺丁汉森林",
        "home_en": "Liverpool FC",
        "away_en": "Nottingham Forest FC",
        "home_abbr": "UNK",
        "away_abbr": "UNK",
        "score": "2-2",
        "home_form": "D",
        "away_form": "L",
        "home_form_score": 0.5,
        "away_form_score": 0.0,
        "home_record": "0-1-0",
        "away_record": "0-0-1",
        "home_record_score": 0.0,
        "away_record_score": 0.0,
        "ml_home_close": null,
        "draw_ml": null,
        "home_ml_implied": null,
        "draw_implied": null,
        "home_true_prob": null,
        "draw_true_prob": null,
        "away_true_prob": null,
        "spread_home_line": "",
        "spread_home_close_odds": "",
        "spread_movement_score": 0.0,
        "total_over_close": "",
        "total_under_close": "",
        "odds_data_available": false
      },
      {
        "name": "伯恩茅斯 vs 埃弗顿",
        "status": "STATUS_FULL_TIME",
        "completed": true,
        "kickoff_utc": "2026-08-29T14:00:00Z",
        "time_to_kickoff_h": -695.5,
        "home": "伯恩茅斯",
        "away": "埃弗顿",
        "home_en": "AFC Bournemouth",
        "away_en": "Everton FC",
        "home_abbr": "UNK",
        "away_abbr": "UNK",
        "score": "1-1",
        "home_form": "L",
        "away_form": "W",
        "home_form_score": 0.0,
        "away_form_score": 1.0,
        "home_record": "0-0-1",
        "away_record": "1-0-0",
        "home_record_score": 0.0,
        "away_record_score": 1.0,
        "ml_home_close": null,
        "draw_ml": null,
        "home_ml_implied": null,
        "draw_implied": null,
        "home_true_prob": null,
        "draw_true_prob": null,
        "away_true_prob": null,
        "spread_home_line": "",
        "spread_home_close_odds": "",
        "spread_movement_score": 0.0,
        "total_over_close": "",
        "total_under_close": "",
        "odds_data_available": false
      },
      {
        "name": "考文垂 vs 赫尔城",
        "status": "STATUS_FULL_TIME",
        "completed": true,
        "kickoff_utc": "2026-08-29T14:00:00Z",
        "time_to_kickoff_h": -695.5,
        "home": "考文垂",
        "away": "赫尔城",
        "home_en": "Coventry City FC",
        "away_en": "Hull City AFC",
        "home_abbr": "UNK",
        "away_abbr": "UNK",
        "score": "0-1",
        "home_form": "L",
        "away_form": "W",
        "home_form_score": 0.0,
        "away_form_score": 1.0,
        "home_record": "0-0-1",
        "away_record": "1-0-0",
        "home_record_score": 0.0,
        "away_record_score": 1.0,
        "ml_home_close": null,
        "draw_ml": null,
        "home_ml_implied": null,
        "draw_implied": null,
        "home_true_prob": null,
        "draw_true_prob": null,
        "away_true_prob": null,
        "spread_home_line": "",
        "spread_home_close_odds": "",
        "spread_movement_score": 0.0,
        "total_over_close": "",
        "total_under_close": "",
        "odds_data_available": false
      },
      {
        "name": "热刺 vs 纽卡斯尔联",
        "status": "STATUS_FULL_TIME",
        "completed": true,
        "kickoff_utc": "2026-08-29T16:30:00Z",
        "time_to_kickoff_h": -693.0,
        "home": "热刺",
        "away": "纽卡斯尔联",
        "home_en": "Tottenham Hotspur FC",
        "away_en": "Newcastle United FC",
        "home_abbr": "UNK",
        "away_abbr": "UNK",
        "score": "0-2",
        "home_form": "L",
        "away_form": "D",
        "home_form_score": 0.0,
        "away_form_score": 0.5,
        "home_record": "0-0-1",
        "away_record": "0-1-0",
        "home_record_score": 0.0,
        "away_record_score": 0.0,
        "ml_home_close": null,
        "draw_ml": null,
        "home_ml_implied": null,
        "draw_implied": null,
        "home_true_prob": null,
        "draw_true_prob": null,
        "away_true_prob": null,
        "spread_home_line": "",
        "spread_home_close_odds": "",
        "spread_movement_score": 0.0,
        "total_over_close": "",
        "total_under_close": "",
        "odds_data_available": false
      },
      {
        "name": "桑德兰 vs 富勒姆",
        "status": "STATUS_FULL_TIME",
        "completed": true,
        "kickoff_utc": "2026-08-30T13:00:00Z",
        "time_to_kickoff_h": -672.5,
        "home": "桑德兰",
        "away": "富勒姆",
        "home_en": "Sunderland AFC",
        "away_en": "Fulham FC",
        "home_abbr": "UNK",
        "away_abbr": "UNK",
        "score": "1-0",
        "home_form": "L",
        "away_form": "L",
        "home_form_score": 0.0,
        "away_form_score": 0.0,
        "home_record": "0-0-1",
        "away_record": "0-0-1",
        "home_record_score": 0.0,
        "away_record_score": 0.0,
        "ml_home_close": null,
        "draw_ml": null,
        "home_ml_implied": null,
        "draw_implied": null,
        "home_true_prob": null,
        "draw_true_prob": null,
        "away_true_prob": null,
        "spread_home_line": "",
        "spread_home_close_odds": "",
        "spread_movement_score": 0.0,
        "total_over_close": "",
        "total_under_close": "",
        "odds_data_available": false
      },
      {
        "name": "切尔西 vs 布莱顿",
        "status": "STATUS_FULL_TIME",
        "completed": true,
        "kickoff_utc": "2026-08-30T13:00:00Z",
        "time_to_kickoff_h": -672.5,
        "home": "切尔西",
        "away": "布莱顿",
        "home_en": "Chelsea FC",
        "away_en": "Brighton & Hove Albion FC",
        "home_abbr": "UNK",
        "away_abbr": "UNK",
        "score": "4-3",
        "home_form": "W",
        "away_form": "W",
        "home_form_score": 1.0,
        "away_form_score": 1.0,
        "home_record": "1-0-0",
        "away_record": "1-0-0",
        "home_record_score": 1.0,
        "away_record_score": 1.0,
        "ml_home_close": null,
        "draw_ml": null,
        "home_ml_implied": null,
        "draw_implied": null,
        "home_true_prob": null,
        "draw_true_prob": null,
        "away_true_prob": null,
        "spread_home_line": "",
        "spread_home_close_odds": "",
        "spread_movement_score": 0.0,
        "total_over_close": "",
        "total_under_close": "",
        "odds_data_available": false
      },
      {
        "name": "利兹联 vs 布伦特福德",
        "status": "STATUS_FULL_TIME",
        "completed": true,
        "kickoff_utc": "2026-08-30T13:00:00Z",
        "time_to_kickoff_h": -672.5,
        "home": "利兹联",
        "away": "布伦特福德",
        "home_en": "Leeds United FC",
        "away_en": "Brentford FC",
        "home_abbr": "UNK",
        "away_abbr": "UNK",
        "score": "1-1",
        "home_form": "W",
        "away_form": "W",
        "home_form_score": 1.0,
        "away_form_score": 1.0,
        "home_record": "1-0-0",
        "away_record": "1-0-0",
        "home_record_score": 1.0,
        "away_record_score": 1.0,
        "ml_home_close": null,
        "draw_ml": null,
        "home_ml_implied": null,
        "draw_implied": null,
        "home_true_prob": null,
        "draw_true_prob": null,
        "away_true_prob": null,
        "spread_home_line": "",
        "spread_home_close_odds": "",
        "spread_movement_score": 0.0,
        "total_over_close": "",
        "total_under_close": "",
        "odds_data_available": false
      },
      {
        "name": "曼联 vs 伊普斯维奇",
        "status": "STATUS_FULL_TIME",
        "completed": true,
        "kickoff_utc": "2026-08-30T15:30:00Z",
        "time_to_kickoff_h": -670.0,
        "home": "曼联",
        "away": "伊普斯维奇",
        "home_en": "Manchester United FC",
        "away_en": "Ipswich Town FC",
        "home_abbr": "UNK",
        "away_abbr": "UNK",
        "score": "5-2",
        "home_form": "L",
        "away_form": "W",
        "home_form_score": 0.0,
        "away_form_score": 1.0,
        "home_record": "0-0-1",
        "away_record": "1-0-0",
        "home_record_score": 0.0,
        "away_record_score": 1.0,
        "ml_home_close": null,
        "draw_ml": null,
        "home_ml_implied": null,
        "draw_implied": null,
        "home_true_prob": null,
        "draw_true_prob": null,
        "away_true_prob": null,
        "spread_home_line": "",
        "spread_home_close_odds": "",
        "spread_movement_score": 0.0,
        "total_over_close": "",
        "total_under_close": "",
        "odds_data_available": false
      },
      {
        "name": "阿斯顿维拉 vs 阿森纳",
        "status": "STATUS_FULL_TIME",
        "completed": true,
        "kickoff_utc": "2026-08-31T19:00:00Z",
        "time_to_kickoff_h": -642.5,
        "home": "阿斯顿维拉",
        "away": "阿森纳",
        "home_en": "Aston Villa FC",
        "away_en": "Arsenal FC",
        "home_abbr": "UNK",
        "away_abbr": "UNK",
        "score": "0-1",
        "home_form": "L",
        "away_form": "W",
        "home_form_score": 0.0,
        "away_form_score": 1.0,
        "home_record": "0-0-1",
        "away_record": "1-0-0",
        "home_record_score": 0.0,
        "away_record_score": 1.0,
        "ml_home_close": null,
        "draw_ml": null,
        "home_ml_implied": null,
        "draw_implied": null,
        "home_true_prob": null,
        "draw_true_prob": null,
        "away_true_prob": null,
        "spread_home_line": "",
        "spread_home_close_odds": "",
        "spread_movement_score": 0.0,
        "total_over_close": "",
        "total_under_close": "",
        "odds_data_available": false
      },
      {
        "name": "伊普斯维奇 vs 利物浦",
        "status": "STATUS_FULL_TIME",
        "completed": true,
        "kickoff_utc": "2026-09-04T19:00:00Z",
        "time_to_kickoff_h": -546.5,
        "home": "伊普斯维奇",
        "away": "利物浦",
        "home_en": "Ipswich Town FC",
        "away_en": "Liverpool FC",
        "home_abbr": "UNK",
        "away_abbr": "UNK",
        "score": "0-2",
        "home_form": "WL",
        "away_form": "DD",
        "home_form_score": 0.5,
        "away_form_score": 0.5,
        "home_record": "1-0-1",
        "away_record": "0-2-0",
        "home_record_score": 0.5,
        "away_record_score": 0.0,
        "ml_home_close": null,
        "draw_ml": null,
        "home_ml_implied": null,
        "draw_implied": null,
        "home_true_prob": null,
        "draw_true_prob": null,
        "away_true_prob": null,
        "spread_home_line": "",
        "spread_home_close_odds": "",
        "spread_movement_score": 0.0,
        "total_over_close": "",
        "total_under_close": "",
        "odds_data_available": false
      },
      {
        "name": "纽卡斯尔联 vs 伯恩茅斯",
        "status": "STATUS_FULL_TIME",
        "completed": true,
        "kickoff_utc": "2026-09-05T11:30:00Z",
        "time_to_kickoff_h": -530.0,
        "home": "纽卡斯尔联",
        "away": "伯恩茅斯",
        "home_en": "Newcastle United FC",
        "away_en": "AFC Bournemouth",
        "home_abbr": "UNK",
        "away_abbr": "UNK",
        "score": "2-2",
        "home_form": "DW",
        "away_form": "LD",
        "home_form_score": 0.75,
        "away_form_score": 0.25,
        "home_record": "1-1-0",
        "away_record": "0-1-1",
        "home_record_score": 0.5,
        "away_record_score": 0.0,
        "ml_home_close": null,
        "draw_ml": null,
        "home_ml_implied": null,
        "draw_implied": null,
        "home_true_prob": null,
        "draw_true_prob": null,
        "away_true_prob": null,
        "spread_home_line": "",
        "spread_home_close_odds": "",
        "spread_movement_score": 0.0,
        "total_over_close": "",
        "total_under_close": "",
        "odds_data_available": false
      },
      {
        "name": "诺丁汉森林 vs 热刺",
        "status": "STATUS_FULL_TIME",
        "completed": true,
        "kickoff_utc": "2026-09-05T14:00:00Z",
        "time_to_kickoff_h": -527.5,
        "home": "诺丁汉森林",
        "away": "热刺",
        "home_en": "Nottingham Forest FC",
        "away_en": "Tottenham Hotspur FC",
        "home_abbr": "UNK",
        "away_abbr": "UNK",
        "score": "0-0",
        "home_form": "LD",
        "away_form": "LL",
        "home_form_score": 0.25,
        "away_form_score": 0.0,
        "home_record": "0-1-1",
        "away_record": "0-0-2",
        "home_record_score": 0.0,
        "away_record_score": 0.0,
        "ml_home_close": null,
        "draw_ml": null,
        "home_ml_implied": null,
        "draw_implied": null,
        "home_true_prob": null,
        "draw_true_prob": null,
        "away_true_prob": null,
        "spread_home_line": "",
        "spread_home_close_odds": "",
        "spread_movement_score": 0.0,
        "total_over_close": "",
        "total_under_close": "",
        "odds_data_available": false
      },
      {
        "name": "曼城 vs 考文垂",
        "status": "STATUS_FULL_TIME",
        "completed": true,
        "kickoff_utc": "2026-09-05T14:00:00Z",
        "time_to_kickoff_h": -527.5,
        "home": "曼城",
        "away": "考文垂",
        "home_en": "Manchester City FC",
        "away_en": "Coventry City FC",
        "home_abbr": "UNK",
        "away_abbr": "UNK",
        "score": "1-0",
        "home_form": "WW",
        "away_form": "LL",
        "home_form_score": 1.0,
        "away_form_score": 0.0,
        "home_record": "2-0-0",
        "away_record": "0-0-2",
        "home_record_score": 1.0,
        "away_record_score": 0.0,
        "ml_home_close": null,
        "draw_ml": null,
        "home_ml_implied": null,
        "draw_implied": null,
        "home_true_prob": null,
        "draw_true_prob": null,
        "away_true_prob": null,
        "spread_home_line": "",
        "spread_home_close_odds": "",
        "spread_movement_score": 0.0,
        "total_over_close": "",
        "total_under_close": "",
        "odds_data_available": false
      },
      {
        "name": "布莱顿 vs 利兹联",
        "status": "STATUS_FULL_TIME",
        "completed": true,
        "kickoff_utc": "2026-09-05T14:00:00Z",
        "time_to_kickoff_h": -527.5,
        "home": "布莱顿",
        "away": "利兹联",
        "home_en": "Brighton & Hove Albion FC",
        "away_en": "Leeds United FC",
        "home_abbr": "UNK",
        "away_abbr": "UNK",
        "score": "1-1",
        "home_form": "WL",
        "away_form": "WD",
        "home_form_score": 0.5,
        "away_form_score": 0.75,
        "home_record": "1-0-1",
        "away_record": "1-1-0",
        "home_record_score": 0.5,
        "away_record_score": 0.5,
        "ml_home_close": null,
        "draw_ml": null,
        "home_ml_implied": null,
        "draw_implied": null,
        "home_true_prob": null,
        "draw_true_prob": null,
        "away_true_prob": null,
        "spread_home_line": "",
        "spread_home_close_odds": "",
        "spread_movement_score": 0.0,
        "total_over_close": "",
        "total_under_close": "",
        "odds_data_available": false
      },
      {
        "name": "布伦特福德 vs 桑德兰",
        "status": "STATUS_FULL_TIME",
        "completed": true,
        "kickoff_utc": "2026-09-05T14:00:00Z",
        "time_to_kickoff_h": -527.5,
        "home": "布伦特福德",
        "away": "桑德兰",
        "home_en": "Brentford FC",
        "away_en": "Sunderland AFC",
        "home_abbr": "UNK",
        "away_abbr": "UNK",
        "score": "1-1",
        "home_form": "WD",
        "away_form": "LW",
        "home_form_score": 0.75,
        "away_form_score": 0.5,
        "home_record": "1-1-0",
        "away_record": "1-0-1",
        "home_record_score": 0.5,
        "away_record_score": 0.5,
        "ml_home_close": null,
        "draw_ml": null,
        "home_ml_implied": null,
        "draw_implied": null,
        "home_true_prob": null,
        "draw_true_prob": null,
        "away_true_prob": null,
        "spread_home_line": "",
        "spread_home_close_odds": "",
        "spread_movement_score": 0.0,
        "total_over_close": "",
        "total_under_close": "",
        "odds_data_available": false
      },
      {
        "name": "富勒姆 vs 水晶宫",
        "status": "STATUS_FULL_TIME",
        "completed": true,
        "kickoff_utc": "2026-09-05T14:00:00Z",
        "time_to_kickoff_h": -527.5,
        "home": "富勒姆",
        "away": "水晶宫",
        "home_en": "Fulham FC",
        "away_en": "Crystal Palace FC",
        "home_abbr": "UNK",
        "away_abbr": "UNK",
        "score": "2-3",
        "home_form": "LL",
        "away_form": "LL",
        "home_form_score": 0.0,
        "away_form_score": 0.0,
        "home_record": "0-0-2",
        "away_record": "0-0-2",
        "home_record_score": 0.0,
        "away_record_score": 0.0,
        "ml_home_close": null,
        "draw_ml": null,
        "home_ml_implied": null,
        "draw_implied": null,
        "home_true_prob": null,
        "draw_true_prob": null,
        "away_true_prob": null,
        "spread_home_line": "",
        "spread_home_close_odds": "",
        "spread_movement_score": 0.0,
        "total_over_close": "",
        "total_under_close": "",
        "odds_data_available": false
      },
      {
        "name": "赫尔城 vs 阿斯顿维拉",
        "status": "STATUS_FULL_TIME",
        "completed": true,
        "kickoff_utc": "2026-09-05T16:30:00Z",
        "time_to_kickoff_h": -525.0,
        "home": "赫尔城",
        "away": "阿斯顿维拉",
        "home_en": "Hull City AFC",
        "away_en": "Aston Villa FC",
        "home_abbr": "UNK",
        "away_abbr": "UNK",
        "score": "0-0",
        "home_form": "WW",
        "away_form": "LL",
        "home_form_score": 1.0,
        "away_form_score": 0.0,
        "home_record": "2-0-0",
        "away_record": "0-0-2",
        "home_record_score": 1.0,
        "away_record_score": 0.0,
        "ml_home_close": null,
        "draw_ml": null,
        "home_ml_implied": null,
        "draw_implied": null,
        "home_true_prob": null,
        "draw_true_prob": null,
        "away_true_prob": null,
        "spread_home_line": "",
        "spread_home_close_odds": "",
        "spread_movement_score": 0.0,
        "total_over_close": "",
        "total_under_close": "",
        "odds_data_available": false
      },
      {
        "name": "埃弗顿 vs 曼联",
        "status": "STATUS_FULL_TIME",
        "completed": true,
        "kickoff_utc": "2026-09-06T13:00:00Z",
        "time_to_kickoff_h": -504.5,
        "home": "埃弗顿",
        "away": "曼联",
        "home_en": "Everton FC",
        "away_en": "Manchester United FC",
        "home_abbr": "UNK",
        "away_abbr": "UNK",
        "score": "2-2",
        "home_form": "WD",
        "away_form": "LW",
        "home_form_score": 0.75,
        "away_form_score": 0.5,
        "home_record": "1-1-0",
        "away_record": "1-0-1",
        "home_record_score": 0.5,
        "away_record_score": 0.5,
        "ml_home_close": null,
        "draw_ml": null,
        "home_ml_implied": null,
        "draw_implied": null,
        "home_true_prob": null,
        "draw_true_prob": null,
        "away_true_prob": null,
        "spread_home_line": "",
        "spread_home_close_odds": "",
        "spread_movement_score": 0.0,
        "total_over_close": "",
        "total_under_close": "",
        "odds_data_available": false
      },
      {
        "name": "阿森纳 vs 切尔西",
        "status": "STATUS_FULL_TIME",
        "completed": true,
        "kickoff_utc": "2026-09-06T15:30:00Z",
        "time_to_kickoff_h": -502.0,
        "home": "阿森纳",
        "away": "切尔西",
        "home_en": "Arsenal FC",
        "away_en": "Chelsea FC",
        "home_abbr": "UNK",
        "away_abbr": "UNK",
        "score": "2-1",
        "home_form": "WW",
        "away_form": "WW",
        "home_form_score": 1.0,
        "away_form_score": 1.0,
        "home_record": "2-0-0",
        "away_record": "2-0-0",
        "home_record_score": 1.0,
        "away_record_score": 1.0,
        "ml_home_close": null,
        "draw_ml": null,
        "home_ml_implied": null,
        "draw_implied": null,
        "home_true_prob": null,
        "draw_true_prob": null,
        "away_true_prob": null,
        "spread_home_line": "",
        "spread_home_close_odds": "",
        "spread_movement_score": 0.0,
        "total_over_close": "",
        "total_under_close": "",
        "odds_data_available": false
      },
      {
        "name": "水晶宫 vs 伊普斯维奇",
        "status": "STATUS_FULL_TIME",
        "completed": true,
        "kickoff_utc": "2026-09-12T14:00:00Z",
        "time_to_kickoff_h": -359.5,
        "home": "水晶宫",
        "away": "伊普斯维奇",
        "home_en": "Crystal Palace FC",
        "away_en": "Ipswich Town FC",
        "home_abbr": "UNK",
        "away_abbr": "UNK",
        "score": "2-3",
        "home_form": "LLW",
        "away_form": "WLL",
        "home_form_score": 0.333,
        "away_form_score": 0.333,
        "home_record": "1-0-2",
        "away_record": "1-0-2",
        "home_record_score": 0.333,
        "away_record_score": 0.333,
        "ml_home_close": null,
        "draw_ml": null,
        "home_ml_implied": null,
        "draw_implied": null,
        "home_true_prob": null,
        "draw_true_prob": null,
        "away_true_prob": null,
        "spread_home_line": "",
        "spread_home_close_odds": "",
        "spread_movement_score": 0.0,
        "total_over_close": "",
        "total_under_close": "",
        "odds_data_available": false
      },
      {
        "name": "利物浦 vs 富勒姆",
        "status": "STATUS_FULL_TIME",
        "completed": true,
        "kickoff_utc": "2026-09-12T14:00:00Z",
        "time_to_kickoff_h": -359.5,
        "home": "利物浦",
        "away": "富勒姆",
        "home_en": "Liverpool FC",
        "away_en": "Fulham FC",
        "home_abbr": "UNK",
        "away_abbr": "UNK",
        "score": "0-0",
        "home_form": "DDW",
        "away_form": "LLL",
        "home_form_score": 0.667,
        "away_form_score": 0.0,
        "home_record": "1-2-0",
        "away_record": "0-0-3",
        "home_record_score": 0.333,
        "away_record_score": 0.0,
        "ml_home_close": null,
        "draw_ml": null,
        "home_ml_implied": null,
        "draw_implied": null,
        "home_true_prob": null,
        "draw_true_prob": null,
        "away_true_prob": null,
        "spread_home_line": "",
        "spread_home_close_odds": "",
        "spread_movement_score": 0.0,
        "total_over_close": "",
        "total_under_close": "",
        "odds_data_available": false
      },
      {
        "name": "阿斯顿维拉 vs 诺丁汉森林",
        "status": "STATUS_FULL_TIME",
        "completed": true,
        "kickoff_utc": "2026-09-12T14:00:00Z",
        "time_to_kickoff_h": -359.5,
        "home": "阿斯顿维拉",
        "away": "诺丁汉森林",
        "home_en": "Aston Villa FC",
        "away_en": "Nottingham Forest FC",
        "home_abbr": "UNK",
        "away_abbr": "UNK",
        "score": "1-2",
        "home_form": "LLD",
        "away_form": "LDD",
        "home_form_score": 0.167,
        "away_form_score": 0.333,
        "home_record": "0-1-2",
        "away_record": "0-2-1",
        "home_record_score": 0.0,
        "away_record_score": 0.0,
        "ml_home_close": null,
        "draw_ml": null,
        "home_ml_implied": null,
        "draw_implied": null,
        "home_true_prob": null,
        "draw_true_prob": null,
        "away_true_prob": null,
        "spread_home_line": "",
        "spread_home_close_odds": "",
        "spread_movement_score": 0.0,
        "total_over_close": "",
        "total_under_close": "",
        "odds_data_available": false
      },
      {
        "name": "伯恩茅斯 vs 布伦特福德",
        "status": "STATUS_FULL_TIME",
        "completed": true,
        "kickoff_utc": "2026-09-12T14:00:00Z",
        "time_to_kickoff_h": -359.5,
        "home": "伯恩茅斯",
        "away": "布伦特福德",
        "home_en": "AFC Bournemouth",
        "away_en": "Brentford FC",
        "home_abbr": "UNK",
        "away_abbr": "UNK",
        "score": "2-2",
        "home_form": "LDD",
        "away_form": "WDD",
        "home_form_score": 0.333,
        "away_form_score": 0.667,
        "home_record": "0-2-1",
        "away_record": "1-2-0",
        "home_record_score": 0.0,
        "away_record_score": 0.333,
        "ml_home_close": null,
        "draw_ml": null,
        "home_ml_implied": null,
        "draw_implied": null,
        "home_true_prob": null,
        "draw_true_prob": null,
        "away_true_prob": null,
        "spread_home_line": "",
        "spread_home_close_odds": "",
        "spread_movement_score": 0.0,
        "total_over_close": "",
        "total_under_close": "",
        "odds_data_available": false
      },
      {
        "name": "切尔西 vs 赫尔城",
        "status": "STATUS_FULL_TIME",
        "completed": true,
        "kickoff_utc": "2026-09-12T14:00:00Z",
        "time_to_kickoff_h": -359.5,
        "home": "切尔西",
        "away": "赫尔城",
        "home_en": "Chelsea FC",
        "away_en": "Hull City AFC",
        "home_abbr": "UNK",
        "away_abbr": "UNK",
        "score": "2-2",
        "home_form": "WWL",
        "away_form": "WWD",
        "home_form_score": 0.667,
        "away_form_score": 0.833,
        "home_record": "2-0-1",
        "away_record": "2-1-0",
        "home_record_score": 0.667,
        "away_record_score": 0.667,
        "ml_home_close": null,
        "draw_ml": null,
        "home_ml_implied": null,
        "draw_implied": null,
        "home_true_prob": null,
        "draw_true_prob": null,
        "away_true_prob": null,
        "spread_home_line": "",
        "spread_home_close_odds": "",
        "spread_movement_score": 0.0,
        "total_over_close": "",
        "total_under_close": "",
        "odds_data_available": false
      },
      {
        "name": "热刺 vs 埃弗顿",
        "status": "STATUS_FULL_TIME",
        "completed": true,
        "kickoff_utc": "2026-09-12T16:30:00Z",
        "time_to_kickoff_h": -357.0,
        "home": "热刺",
        "away": "埃弗顿",
        "home_en": "Tottenham Hotspur FC",
        "away_en": "Everton FC",
        "home_abbr": "UNK",
        "away_abbr": "UNK",
        "score": "0-0",
        "home_form": "LLD",
        "away_form": "WDD",
        "home_form_score": 0.167,
        "away_form_score": 0.667,
        "home_record": "0-1-2",
        "away_record": "1-2-0",
        "home_record_score": 0.0,
        "away_record_score": 0.333,
        "ml_home_close": null,
        "draw_ml": null,
        "home_ml_implied": null,
        "draw_implied": null,
        "home_true_prob": null,
        "draw_true_prob": null,
        "away_true_prob": null,
        "spread_home_line": "",
        "spread_home_close_odds": "",
        "spread_movement_score": 0.0,
        "total_over_close": "",
        "total_under_close": "",
        "odds_data_available": false
      },
      {
        "name": "桑德兰 vs 阿森纳",
        "status": "STATUS_FULL_TIME",
        "completed": true,
        "kickoff_utc": "2026-09-12T19:00:00Z",
        "time_to_kickoff_h": -354.5,
        "home": "桑德兰",
        "away": "阿森纳",
        "home_en": "Sunderland AFC",
        "away_en": "Arsenal FC",
        "home_abbr": "UNK",
        "away_abbr": "UNK",
        "score": "0-2",
        "home_form": "LWD",
        "away_form": "WWW",
        "home_form_score": 0.5,
        "away_form_score": 1.0,
        "home_record": "1-1-1",
        "away_record": "3-0-0",
        "home_record_score": 0.333,
        "away_record_score": 1.0,
        "ml_home_close": null,
        "draw_ml": null,
        "home_ml_implied": null,
        "draw_implied": null,
        "home_true_prob": null,
        "draw_true_prob": null,
        "away_true_prob": null,
        "spread_home_line": "",
        "spread_home_close_odds": "",
        "spread_movement_score": 0.0,
        "total_over_close": "",
        "total_under_close": "",
        "odds_data_available": false
      },
      {
        "name": "考文垂 vs 布莱顿",
        "status": "STATUS_FULL_TIME",
        "completed": true,
        "kickoff_utc": "2026-09-13T13:00:00Z",
        "time_to_kickoff_h": -336.5,
        "home": "考文垂",
        "away": "布莱顿",
        "home_en": "Coventry City FC",
        "away_en": "Brighton & Hove Albion FC",
        "home_abbr": "UNK",
        "away_abbr": "UNK",
        "score": "0-5",
        "home_form": "LLL",
        "away_form": "WLD",
        "home_form_score": 0.0,
        "away_form_score": 0.5,
        "home_record": "0-0-3",
        "away_record": "1-1-1",
        "home_record_score": 0.0,
        "away_record_score": 0.333,
        "ml_home_close": null,
        "draw_ml": null,
        "home_ml_implied": null,
        "draw_implied": null,
        "home_true_prob": null,
        "draw_true_prob": null,
        "away_true_prob": null,
        "spread_home_line": "",
        "spread_home_close_odds": "",
        "spread_movement_score": 0.0,
        "total_over_close": "",
        "total_under_close": "",
        "odds_data_available": false
      },
      {
        "name": "曼联 vs 曼城",
        "status": "STATUS_FULL_TIME",
        "completed": true,
        "kickoff_utc": "2026-09-13T15:30:00Z",
        "time_to_kickoff_h": -334.0,
        "home": "曼联",
        "away": "曼城",
        "home_en": "Manchester United FC",
        "away_en": "Manchester City FC",
        "home_abbr": "UNK",
        "away_abbr": "UNK",
        "score": "0-1",
        "home_form": "LWD",
        "away_form": "WWW",
        "home_form_score": 0.5,
        "away_form_score": 1.0,
        "home_record": "1-1-1",
        "away_record": "3-0-0",
        "home_record_score": 0.333,
        "away_record_score": 1.0,
        "ml_home_close": null,
        "draw_ml": null,
        "home_ml_implied": null,
        "draw_implied": null,
        "home_true_prob": null,
        "draw_true_prob": null,
        "away_true_prob": null,
        "spread_home_line": "",
        "spread_home_close_odds": "",
        "spread_movement_score": 0.0,
        "total_over_close": "",
        "total_under_close": "",
        "odds_data_available": false
      },
      {
        "name": "利兹联 vs 纽卡斯尔联",
        "status": "STATUS_FULL_TIME",
        "completed": true,
        "kickoff_utc": "2026-09-14T19:00:00Z",
        "time_to_kickoff_h": -306.5,
        "home": "利兹联",
        "away": "纽卡斯尔联",
        "home_en": "Leeds United FC",
        "away_en": "Newcastle United FC",
        "home_abbr": "UNK",
        "away_abbr": "UNK",
        "score": "4-1",
        "home_form": "WDD",
        "away_form": "DWD",
        "home_form_score": 0.667,
        "away_form_score": 0.667,
        "home_record": "1-2-0",
        "away_record": "1-2-0",
        "home_record_score": 0.333,
        "away_record_score": 0.333,
        "ml_home_close": null,
        "draw_ml": null,
        "home_ml_implied": null,
        "draw_implied": null,
        "home_true_prob": null,
        "draw_true_prob": null,
        "away_true_prob": null,
        "spread_home_line": "",
        "spread_home_close_odds": "",
        "spread_movement_score": 0.0,
        "total_over_close": "",
        "total_under_close": "",
        "odds_data_available": false
      },
      {
        "name": "布伦特福德 vs 切尔西",
        "status": "STATUS_FULL_TIME",
        "completed": true,
        "kickoff_utc": "2026-09-18T19:00:00Z",
        "time_to_kickoff_h": -210.5,
        "home": "布伦特福德",
        "away": "切尔西",
        "home_en": "Brentford FC",
        "away_en": "Chelsea FC",
        "home_abbr": "UNK",
        "away_abbr": "UNK",
        "score": "3-0",
        "home_form": "WDDD",
        "away_form": "WWLD",
        "home_form_score": 0.625,
        "away_form_score": 0.625,
        "home_record": "1-3-0",
        "away_record": "2-1-1",
        "home_record_score": 0.25,
        "away_record_score": 0.5,
        "ml_home_close": null,
        "draw_ml": null,
        "home_ml_implied": null,
        "draw_implied": null,
        "home_true_prob": null,
        "draw_true_prob": null,
        "away_true_prob": null,
        "spread_home_line": "",
        "spread_home_close_odds": "",
        "spread_movement_score": 0.0,
        "total_over_close": "",
        "total_under_close": "",
        "odds_data_available": false
      },
      {
        "name": "热刺 vs 阿斯顿维拉",
        "status": "STATUS_FULL_TIME",
        "completed": true,
        "kickoff_utc": "2026-09-19T11:30:00Z",
        "time_to_kickoff_h": -194.0,
        "home": "热刺",
        "away": "阿斯顿维拉",
        "home_en": "Tottenham Hotspur FC",
        "away_en": "Aston Villa FC",
        "home_abbr": "UNK",
        "away_abbr": "UNK",
        "score": "2-3",
        "home_form": "LLDD",
        "away_form": "LLDL",
        "home_form_score": 0.25,
        "away_form_score": 0.125,
        "home_record": "0-2-2",
        "away_record": "0-1-3",
        "home_record_score": 0.0,
        "away_record_score": 0.0,
        "ml_home_close": null,
        "draw_ml": null,
        "home_ml_implied": null,
        "draw_implied": null,
        "home_true_prob": null,
        "draw_true_prob": null,
        "away_true_prob": null,
        "spread_home_line": "",
        "spread_home_close_odds": "",
        "spread_movement_score": 0.0,
        "total_over_close": "",
        "total_under_close": "",
        "odds_data_available": false
      },
      {
        "name": "埃弗顿 vs 伊普斯维奇",
        "status": "STATUS_FULL_TIME",
        "completed": true,
        "kickoff_utc": "2026-09-19T14:00:00Z",
        "time_to_kickoff_h": -191.5,
        "home": "埃弗顿",
        "away": "伊普斯维奇",
        "home_en": "Everton FC",
        "away_en": "Ipswich Town FC",
        "home_abbr": "UNK",
        "away_abbr": "UNK",
        "score": "1-0",
        "home_form": "WDDD",
        "away_form": "WLLW",
        "home_form_score": 0.625,
        "away_form_score": 0.5,
        "home_record": "1-3-0",
        "away_record": "2-0-2",
        "home_record_score": 0.25,
        "away_record_score": 0.5,
        "ml_home_close": null,
        "draw_ml": null,
        "home_ml_implied": null,
        "draw_implied": null,
        "home_true_prob": null,
        "draw_true_prob": null,
        "away_true_prob": null,
        "spread_home_line": "",
        "spread_home_close_odds": "",
        "spread_movement_score": 0.0,
        "total_over_close": "",
        "total_under_close": "",
        "odds_data_available": false
      },
      {
        "name": "布莱顿 vs 阿森纳",
        "status": "STATUS_FULL_TIME",
        "completed": true,
        "kickoff_utc": "2026-09-19T14:00:00Z",
        "time_to_kickoff_h": -191.5,
        "home": "布莱顿",
        "away": "阿森纳",
        "home_en": "Brighton & Hove Albion FC",
        "away_en": "Arsenal FC",
        "home_abbr": "UNK",
        "away_abbr": "UNK",
        "score": "3-0",
        "home_form": "WLDW",
        "away_form": "WWWW",
        "home_form_score": 0.625,
        "away_form_score": 1.0,
        "home_record": "2-1-1",
        "away_record": "4-0-0",
        "home_record_score": 0.5,
        "away_record_score": 1.0,
        "ml_home_close": null,
        "draw_ml": null,
        "home_ml_implied": null,
        "draw_implied": null,
        "home_true_prob": null,
        "draw_true_prob": null,
        "away_true_prob": null,
        "spread_home_line": "",
        "spread_home_close_odds": "",
        "spread_movement_score": 0.0,
        "total_over_close": "",
        "total_under_close": "",
        "odds_data_available": false
      },
      {
        "name": "纽卡斯尔联 vs 赫尔城",
        "status": "STATUS_FULL_TIME",
        "completed": true,
        "kickoff_utc": "2026-09-19T14:00:00Z",
        "time_to_kickoff_h": -191.5,
        "home": "纽卡斯尔联",
        "away": "赫尔城",
        "home_en": "Newcastle United FC",
        "away_en": "Hull City AFC",
        "home_abbr": "UNK",
        "away_abbr": "UNK",
        "score": "2-1",
        "home_form": "DWDL",
        "away_form": "WWDD",
        "home_form_score": 0.5,
        "away_form_score": 0.75,
        "home_record": "1-2-1",
        "away_record": "2-2-0",
        "home_record_score": 0.25,
        "away_record_score": 0.5,
        "ml_home_close": null,
        "draw_ml": null,
        "home_ml_implied": null,
        "draw_implied": null,
        "home_true_prob": null,
        "draw_true_prob": null,
        "away_true_prob": null,
        "spread_home_line": "",
        "spread_home_close_odds": "",
        "spread_movement_score": 0.0,
        "total_over_close": "",
        "total_under_close": "",
        "odds_data_available": false
      },
      {
        "name": "诺丁汉森林 vs 考文垂",
        "status": "STATUS_FULL_TIME",
        "completed": true,
        "kickoff_utc": "2026-09-19T16:30:00Z",
        "time_to_kickoff_h": -189.0,
        "home": "诺丁汉森林",
        "away": "考文垂",
        "home_en": "Nottingham Forest FC",
        "away_en": "Coventry City FC",
        "home_abbr": "UNK",
        "away_abbr": "UNK",
        "score": "0-1",
        "home_form": "LDDW",
        "away_form": "LLLL",
        "home_form_score": 0.5,
        "away_form_score": 0.0,
        "home_record": "1-2-1",
        "away_record": "0-0-4",
        "home_record_score": 0.25,
        "away_record_score": 0.0,
        "ml_home_close": null,
        "draw_ml": null,
        "home_ml_implied": null,
        "draw_implied": null,
        "home_true_prob": null,
        "draw_true_prob": null,
        "away_true_prob": null,
        "spread_home_line": "",
        "spread_home_close_odds": "",
        "spread_movement_score": 0.0,
        "total_over_close": "",
        "total_under_close": "",
        "odds_data_available": false
      },
      {
        "name": "伯恩茅斯 vs 利物浦",
        "status": "STATUS_FULL_TIME",
        "completed": true,
        "kickoff_utc": "2026-09-20T13:00:00Z",
        "time_to_kickoff_h": -168.5,
        "home": "伯恩茅斯",
        "away": "利物浦",
        "home_en": "AFC Bournemouth",
        "away_en": "Liverpool FC",
        "home_abbr": "UNK",
        "away_abbr": "UNK",
        "score": "0-1",
        "home_form": "LDDD",
        "away_form": "DDWD",
        "home_form_score": 0.375,
        "away_form_score": 0.625,
        "home_record": "0-3-1",
        "away_record": "1-3-0",
        "home_record_score": 0.0,
        "away_record_score": 0.25,
        "ml_home_close": null,
        "draw_ml": null,
        "home_ml_implied": null,
        "draw_implied": null,
        "home_true_prob": null,
        "draw_true_prob": null,
        "away_true_prob": null,
        "spread_home_line": "",
        "spread_home_close_odds": "",
        "spread_movement_score": 0.0,
        "total_over_close": "",
        "total_under_close": "",
        "odds_data_available": false
      },
      {
        "name": "利兹联 vs 水晶宫",
        "status": "STATUS_FULL_TIME",
        "completed": true,
        "kickoff_utc": "2026-09-20T13:00:00Z",
        "time_to_kickoff_h": -168.5,
        "home": "利兹联",
        "away": "水晶宫",
        "home_en": "Leeds United FC",
        "away_en": "Crystal Palace FC",
        "home_abbr": "UNK",
        "away_abbr": "UNK",
        "score": "0-0",
        "home_form": "WDDW",
        "away_form": "LLWL",
        "home_form_score": 0.75,
        "away_form_score": 0.25,
        "home_record": "2-2-0",
        "away_record": "1-0-3",
        "home_record_score": 0.5,
        "away_record_score": 0.25,
        "ml_home_close": null,
        "draw_ml": null,
        "home_ml_implied": null,
        "draw_implied": null,
        "home_true_prob": null,
        "draw_true_prob": null,
        "away_true_prob": null,
        "spread_home_line": "",
        "spread_home_close_odds": "",
        "spread_movement_score": 0.0,
        "total_over_close": "",
        "total_under_close": "",
        "odds_data_available": false
      },
      {
        "name": "曼城 vs 桑德兰",
        "status": "STATUS_FULL_TIME",
        "completed": true,
        "kickoff_utc": "2026-09-20T13:00:00Z",
        "time_to_kickoff_h": -168.5,
        "home": "曼城",
        "away": "桑德兰",
        "home_en": "Manchester City FC",
        "away_en": "Sunderland AFC",
        "home_abbr": "UNK",
        "away_abbr": "UNK",
        "score": "5-3",
        "home_form": "WWWW",
        "away_form": "LWDL",
        "home_form_score": 1.0,
        "away_form_score": 0.375,
        "home_record": "4-0-0",
        "away_record": "1-1-2",
        "home_record_score": 1.0,
        "away_record_score": 0.25,
        "ml_home_close": null,
        "draw_ml": null,
        "home_ml_implied": null,
        "draw_implied": null,
        "home_true_prob": null,
        "draw_true_prob": null,
        "away_true_prob": null,
        "spread_home_line": "",
        "spread_home_close_odds": "",
        "spread_movement_score": 0.0,
        "total_over_close": "",
        "total_under_close": "",
        "odds_data_available": false
      },
      {
        "name": "富勒姆 vs 曼联",
        "status": "STATUS_FULL_TIME",
        "completed": true,
        "kickoff_utc": "2026-09-20T15:30:00Z",
        "time_to_kickoff_h": -166.0,
        "home": "富勒姆",
        "away": "曼联",
        "home_en": "Fulham FC",
        "away_en": "Manchester United FC",
        "home_abbr": "UNK",
        "away_abbr": "UNK",
        "score": "1-1",
        "home_form": "LLLD",
        "away_form": "LWDL",
        "home_form_score": 0.125,
        "away_form_score": 0.375,
        "home_record": "0-1-3",
        "away_record": "1-1-2",
        "home_record_score": 0.0,
        "away_record_score": 0.25,
        "ml_home_close": null,
        "draw_ml": null,
        "home_ml_implied": null,
        "draw_implied": null,
        "home_true_prob": null,
        "draw_true_prob": null,
        "away_true_prob": null,
        "spread_home_line": "",
        "spread_home_close_odds": "",
        "spread_movement_score": 0.0,
        "total_over_close": "",
        "total_under_close": "",
        "odds_data_available": false
      }
    ],
    "predictions": [
      {
        "direction": "阿森纳 胜",
        "stars": "3-star",
        "confidence_score": 0.563,
        "predicted_score": "2-1",
        "poisson_top3": [
          {
            "score": "1-1",
            "prob": 0.1113
          },
          {
            "score": "2-1",
            "prob": 0.0988
          },
          {
            "score": "2-0",
            "prob": 0.0882
          }
        ],
        "lambda_home": 1.94,
        "lambda_away": 1.12,
        "lambda_home_ci95": [
          0,
          5.0
        ],
        "lambda_away_ci95": [
          0,
          3.6
        ],
        "over_under": "Under 2.5",
        "btts": "No",
        "dixon_coles_used": true,
        "dixon_coles_rho": -0.043,
        "ml_model_used": true,
        "ml_proba": [
          0.5002,
          0.3702,
          0.1297
        ],
        "dixon_coles_league_rho": 0.17,
        "onside_signals": {
          "home": {
            "fifa_rank": 127,
            "fifa_score": 0.059,
            "league_footprint": 0.2,
            "host_advantage": 0.5,
            "confederation": 1.0,
            "onside_score": 0.33
          },
          "away": {
            "fifa_rank": 146,
            "fifa_score": 0.038,
            "league_footprint": 0.2,
            "host_advantage": 0.5,
            "confederation": 1.0,
            "onside_score": 0.325
          }
        },
        "confidence_note": null,
        "odds_data_available": true,
        "reasoning_factors": {
          "home_ml_true_prob": 0.683,
          "draw_true_prob": 0.183,
          "away_ml_true_prob": 0.134,
          "home_form_score": 0.8,
          "away_form_score": 0.7,
          "home_record_score": 0.8,
          "away_record_score": 0.4,
          "spread_movement": 0.0,
          "home_onside_score": 0.495,
          "away_onside_score": 0.505,
          "home_prob_weighted": 0.532,
          "draw_prob_weighted": 0.213,
          "away_prob_weighted": 0.255,
          "elo_home_expected": 0.711,
          "raw_lambda_home": 0.6938,
          "raw_lambda_away": 0.4001
        },
        "match": "阿森纳 vs 利兹联",
        "home": "阿森纳",
        "away": "利兹联",
        "home_en": "Arsenal FC",
        "away_en": "Leeds United FC",
        "kickoff_utc": "2026-10-10T11:30:00Z",
        "data_window": "20260828-20261011"
      },
      {
        "direction": "布莱顿 胜",
        "stars": "2-star",
        "confidence_score": 0.414,
        "predicted_score": "0-1",
        "poisson_top3": [
          {
            "score": "1-1",
            "prob": 0.1261
          },
          {
            "score": "0-1",
            "prob": 0.1068
          },
          {
            "score": "1-2",
            "prob": 0.0956
          }
        ],
        "lambda_home": 1.05,
        "lambda_away": 1.63,
        "lambda_home_ci95": [
          0,
          3.5
        ],
        "lambda_away_ci95": [
          0,
          4.5
        ],
        "over_under": "Under 2.5",
        "btts": "No",
        "dixon_coles_used": true,
        "dixon_coles_rho": -0.043,
        "ml_model_used": true,
        "ml_proba": [
          0.3103,
          0.2107,
          0.479
        ],
        "dixon_coles_league_rho": 0.17,
        "onside_signals": {
          "home": {
            "fifa_rank": 227,
            "fifa_score": 0.011,
            "league_footprint": 0.2,
            "host_advantage": 0.5,
            "confederation": 1.0,
            "onside_score": 0.318
          },
          "away": {
            "fifa_rank": 135,
            "fifa_score": 0.049,
            "league_footprint": 0.2,
            "host_advantage": 0.5,
            "confederation": 1.0,
            "onside_score": 0.327
          }
        },
        "confidence_note": null,
        "odds_data_available": true,
        "reasoning_factors": {
          "home_ml_true_prob": 0.329,
          "draw_true_prob": 0.251,
          "away_ml_true_prob": 0.42,
          "home_form_score": 0.3,
          "away_form_score": 0.7,
          "home_record_score": 0.2,
          "away_record_score": 0.6,
          "spread_movement": 0.0,
          "home_onside_score": 0.484,
          "away_onside_score": 0.516,
          "home_prob_weighted": 0.334,
          "draw_prob_weighted": 0.209,
          "away_prob_weighted": 0.457,
          "elo_home_expected": 0.264,
          "raw_lambda_home": 0.3752,
          "raw_lambda_away": 0.5808
        },
        "match": "桑德兰 vs 布莱顿",
        "home": "桑德兰",
        "away": "布莱顿",
        "home_en": "Sunderland AFC",
        "away_en": "Brighton & Hove Albion FC",
        "kickoff_utc": "2026-10-10T14:00:00Z",
        "data_window": "20260828-20261011"
      },
      {
        "direction": "切尔西 胜",
        "stars": "2-star",
        "confidence_score": 0.411,
        "predicted_score": "1-0",
        "poisson_top3": [
          {
            "score": "1-1",
            "prob": 0.1267
          },
          {
            "score": "1-0",
            "prob": 0.1235
          },
          {
            "score": "2-0",
            "prob": 0.102
          }
        ],
        "lambda_home": 1.59,
        "lambda_away": 0.93,
        "lambda_home_ci95": [
          0,
          4.4
        ],
        "lambda_away_ci95": [
          0,
          3.3
        ],
        "over_under": "Under 3.5",
        "btts": "No",
        "dixon_coles_used": true,
        "dixon_coles_rho": -0.043,
        "ml_model_used": true,
        "ml_proba": [
          0.2526,
          0.3677,
          0.3796
        ],
        "dixon_coles_league_rho": 0.17,
        "onside_signals": {
          "home": {
            "fifa_rank": 190,
            "fifa_score": 0.014,
            "league_footprint": 0.2,
            "host_advantage": 0.5,
            "confederation": 1.0,
            "onside_score": 0.319
          },
          "away": {
            "fifa_rank": 220,
            "fifa_score": 0.011,
            "league_footprint": 0.2,
            "host_advantage": 0.5,
            "confederation": 1.0,
            "onside_score": 0.318
          }
        },
        "confidence_note": null,
        "odds_data_available": true,
        "reasoning_factors": {
          "home_ml_true_prob": 0.544,
          "draw_true_prob": 0.219,
          "away_ml_true_prob": 0.238,
          "home_form_score": 0.5,
          "away_form_score": 0.3,
          "home_record_score": 0.4,
          "away_record_score": 0.0,
          "spread_movement": 0.0,
          "home_onside_score": 0.492,
          "away_onside_score": 0.508,
          "home_prob_weighted": 0.456,
          "draw_prob_weighted": 0.223,
          "away_prob_weighted": 0.321,
          "elo_home_expected": 0.751,
          "raw_lambda_home": 0.5662,
          "raw_lambda_away": 0.3307
        },
        "match": "切尔西 vs 伯恩茅斯",
        "home": "切尔西",
        "away": "伯恩茅斯",
        "home_en": "Chelsea FC",
        "away_en": "AFC Bournemouth",
        "kickoff_utc": "2026-10-10T14:00:00Z",
        "data_window": "20260828-20261011"
      },
      {
        "direction": "伊普斯维奇 胜 (接近)",
        "stars": "1-star",
        "confidence_score": 0.19,
        "predicted_score": "1-0",
        "poisson_top3": [
          {
            "score": "1-1",
            "prob": 0.136
          },
          {
            "score": "1-0",
            "prob": 0.1182
          },
          {
            "score": "0-0",
            "prob": 0.0947
          }
        ],
        "lambda_home": 1.36,
        "lambda_away": 1.04,
        "lambda_home_ci95": [
          0,
          4.0
        ],
        "lambda_away_ci95": [
          0,
          3.5
        ],
        "over_under": "Under 2.5",
        "btts": "No",
        "dixon_coles_used": true,
        "dixon_coles_rho": -0.043,
        "ml_model_used": true,
        "ml_proba": [
          0.2335,
          0.2763,
          0.4902
        ],
        "dixon_coles_league_rho": 0.17,
        "onside_signals": {
          "home": {
            "fifa_rank": 242,
            "fifa_score": 0.011,
            "league_footprint": 0.2,
            "host_advantage": 0.5,
            "confederation": 1.0,
            "onside_score": 0.318
          },
          "away": {
            "fifa_rank": 272,
            "fifa_score": 0.011,
            "league_footprint": 0.2,
            "host_advantage": 0.5,
            "confederation": 1.0,
            "onside_score": 0.318
          }
        },
        "confidence_note": null,
        "odds_data_available": true,
        "reasoning_factors": {
          "home_ml_true_prob": 0.355,
          "draw_true_prob": 0.248,
          "away_ml_true_prob": 0.397,
          "home_form_score": 0.4,
          "away_form_score": 0.2,
          "home_record_score": 0.4,
          "away_record_score": 0.0,
          "spread_movement": 0.0,
          "home_onside_score": 0.491,
          "away_onside_score": 0.509,
          "home_prob_weighted": 0.393,
          "draw_prob_weighted": 0.218,
          "away_prob_weighted": 0.388,
          "elo_home_expected": 0.749,
          "raw_lambda_home": 0.487,
          "raw_lambda_away": 0.37
        },
        "match": "伊普斯维奇 vs 富勒姆",
        "home": "伊普斯维奇",
        "away": "富勒姆",
        "home_en": "Ipswich Town FC",
        "away_en": "Fulham FC",
        "kickoff_utc": "2026-10-10T14:00:00Z",
        "data_window": "20260828-20261011"
      },
      {
        "direction": "布伦特福德 胜 (接近)",
        "stars": "2-star",
        "confidence_score": 0.351,
        "predicted_score": "0-1",
        "poisson_top3": [
          {
            "score": "1-1",
            "prob": 0.1305
          },
          {
            "score": "0-1",
            "prob": 0.1052
          },
          {
            "score": "1-2",
            "prob": 0.0925
          }
        ],
        "lambda_home": 1.1,
        "lambda_away": 1.52,
        "lambda_home_ci95": [
          0,
          3.6
        ],
        "lambda_away_ci95": [
          0,
          4.3
        ],
        "over_under": "Under 2.5",
        "btts": "No",
        "dixon_coles_used": true,
        "dixon_coles_rho": -0.043,
        "ml_model_used": true,
        "ml_proba": [
          0.2471,
          0.2286,
          0.5243
        ],
        "dixon_coles_league_rho": 0.17,
        "onside_signals": {
          "home": {
            "fifa_rank": 237,
            "fifa_score": 0.011,
            "league_footprint": 0.2,
            "host_advantage": 0.5,
            "confederation": 1.0,
            "onside_score": 0.318
          },
          "away": {
            "fifa_rank": 160,
            "fifa_score": 0.028,
            "league_footprint": 0.2,
            "host_advantage": 0.5,
            "confederation": 1.0,
            "onside_score": 0.322
          }
        },
        "confidence_note": null,
        "odds_data_available": true,
        "reasoning_factors": {
          "home_ml_true_prob": 0.358,
          "draw_true_prob": 0.25,
          "away_ml_true_prob": 0.392,
          "home_form_score": 0.3,
          "away_form_score": 0.7,
          "home_record_score": 0.2,
          "away_record_score": 0.4,
          "spread_movement": 0.0,
          "home_onside_score": 0.488,
          "away_onside_score": 0.512,
          "home_prob_weighted": 0.342,
          "draw_prob_weighted": 0.212,
          "away_prob_weighted": 0.447,
          "elo_home_expected": 0.318,
          "raw_lambda_home": 0.3937,
          "raw_lambda_away": 0.5426
        },
        "match": "阿斯顿维拉 vs 布伦特福德",
        "home": "阿斯顿维拉",
        "away": "布伦特福德",
        "home_en": "Aston Villa FC",
        "away_en": "Brentford FC",
        "kickoff_utc": "2026-10-10T14:00:00Z",
        "data_window": "20260828-20261011"
      },
      {
        "direction": "曼联 胜",
        "stars": "2-star",
        "confidence_score": 0.427,
        "predicted_score": "1-0",
        "poisson_top3": [
          {
            "score": "1-0",
            "prob": 0.1373
          },
          {
            "score": "1-1",
            "prob": 0.1268
          },
          {
            "score": "2-0",
            "prob": 0.1092
          }
        ],
        "lambda_home": 1.53,
        "lambda_away": 0.84,
        "lambda_home_ci95": [
          0,
          4.3
        ],
        "lambda_away_ci95": [
          0,
          3.1
        ],
        "over_under": "Under 3.5",
        "btts": "No",
        "dixon_coles_used": true,
        "dixon_coles_rho": -0.043,
        "ml_model_used": true,
        "ml_proba": [
          0.2061,
          0.3766,
          0.4173
        ],
        "dixon_coles_league_rho": 0.17,
        "onside_signals": {
          "home": {
            "fifa_rank": 209,
            "fifa_score": 0.011,
            "league_footprint": 0.2,
            "host_advantage": 0.5,
            "confederation": 1.0,
            "onside_score": 0.318
          },
          "away": {
            "fifa_rank": 276,
            "fifa_score": 0.011,
            "league_footprint": 0.2,
            "host_advantage": 0.5,
            "confederation": 1.0,
            "onside_score": 0.318
          }
        },
        "confidence_note": null,
        "odds_data_available": true,
        "reasoning_factors": {
          "home_ml_true_prob": 0.553,
          "draw_true_prob": 0.214,
          "away_ml_true_prob": 0.233,
          "home_form_score": 0.4,
          "away_form_score": 0.2,
          "home_record_score": 0.2,
          "away_record_score": 0.0,
          "spread_movement": 0.0,
          "home_onside_score": 0.491,
          "away_onside_score": 0.509,
          "home_prob_weighted": 0.463,
          "draw_prob_weighted": 0.223,
          "away_prob_weighted": 0.313,
          "elo_home_expected": 0.85,
          "raw_lambda_home": 0.5473,
          "raw_lambda_away": 0.3011
        },
        "match": "曼联 vs 热刺",
        "home": "曼联",
        "away": "热刺",
        "home_en": "Manchester United FC",
        "away_en": "Tottenham Hotspur FC",
        "kickoff_utc": "2026-10-10T16:30:00Z",
        "data_window": "20260828-20261011"
      },
      {
        "direction": "埃弗顿 胜 (接近)",
        "stars": "1-star",
        "confidence_score": 0.174,
        "predicted_score": "1-2",
        "poisson_top3": [
          {
            "score": "1-1",
            "prob": 0.1291
          },
          {
            "score": "1-2",
            "prob": 0.0872
          },
          {
            "score": "0-1",
            "prob": 0.0846
          }
        ],
        "lambda_home": 1.33,
        "lambda_away": 1.46,
        "lambda_home_ci95": [
          0,
          4.0
        ],
        "lambda_away_ci95": [
          0,
          4.2
        ],
        "over_under": "Under 2.5",
        "btts": "No",
        "dixon_coles_used": true,
        "dixon_coles_rho": -0.043,
        "ml_model_used": true,
        "ml_proba": [
          0.3683,
          0.3781,
          0.2537
        ],
        "dixon_coles_league_rho": 0.17,
        "onside_signals": {
          "home": {
            "fifa_rank": 182,
            "fifa_score": 0.017,
            "league_footprint": 0.2,
            "host_advantage": 0.5,
            "confederation": 1.0,
            "onside_score": 0.319
          },
          "away": {
            "fifa_rank": 192,
            "fifa_score": 0.014,
            "league_footprint": 0.2,
            "host_advantage": 0.5,
            "confederation": 1.0,
            "onside_score": 0.318
          }
        },
        "confidence_note": null,
        "odds_data_available": true,
        "reasoning_factors": {
          "home_ml_true_prob": 0.256,
          "draw_true_prob": 0.262,
          "away_ml_true_prob": 0.482,
          "home_form_score": 0.6,
          "away_form_score": 0.7,
          "home_record_score": 0.4,
          "away_record_score": 0.4,
          "spread_movement": 0.0,
          "home_onside_score": 0.492,
          "away_onside_score": 0.508,
          "home_prob_weighted": 0.374,
          "draw_prob_weighted": 0.238,
          "away_prob_weighted": 0.388,
          "elo_home_expected": 0.681,
          "raw_lambda_home": 0.4745,
          "raw_lambda_away": 0.5227
        },
        "match": "赫尔城 vs 埃弗顿",
        "home": "赫尔城",
        "away": "埃弗顿",
        "home_en": "Hull City AFC",
        "away_en": "Everton FC",
        "kickoff_utc": "2026-10-11T13:00:00Z",
        "data_window": "20260828-20261011"
      },
      {
        "direction": "诺丁汉森林 胜 (接近)",
        "stars": "1-star",
        "confidence_score": 0.259,
        "predicted_score": "0-1",
        "poisson_top3": [
          {
            "score": "1-1",
            "prob": 0.1381
          },
          {
            "score": "0-1",
            "prob": 0.1042
          },
          {
            "score": "1-0",
            "prob": 0.0986
          }
        ],
        "lambda_home": 1.18,
        "lambda_away": 1.25,
        "lambda_home_ci95": [
          0,
          3.7
        ],
        "lambda_away_ci95": [
          0,
          3.8
        ],
        "over_under": "Under 2.5",
        "btts": "No",
        "dixon_coles_used": true,
        "dixon_coles_rho": -0.043,
        "ml_model_used": true,
        "ml_proba": [
          0.2277,
          0.2522,
          0.5201
        ],
        "dixon_coles_league_rho": 0.17,
        "onside_signals": {
          "home": {
            "fifa_rank": 248,
            "fifa_score": 0.011,
            "league_footprint": 0.2,
            "host_advantage": 0.5,
            "confederation": 1.0,
            "onside_score": 0.318
          },
          "away": {
            "fifa_rank": 222,
            "fifa_score": 0.011,
            "league_footprint": 0.2,
            "host_advantage": 0.5,
            "confederation": 1.0,
            "onside_score": 0.318
          }
        },
        "confidence_note": null,
        "odds_data_available": true,
        "reasoning_factors": {
          "home_ml_true_prob": 0.357,
          "draw_true_prob": 0.26,
          "away_ml_true_prob": 0.383,
          "home_form_score": 0.3,
          "away_form_score": 0.4,
          "home_record_score": 0.2,
          "away_record_score": 0.2,
          "spread_movement": 0.0,
          "home_onside_score": 0.491,
          "away_onside_score": 0.509,
          "home_prob_weighted": 0.366,
          "draw_prob_weighted": 0.218,
          "away_prob_weighted": 0.416,
          "elo_home_expected": 0.528,
          "raw_lambda_home": 0.4226,
          "raw_lambda_away": 0.4452
        },
        "match": "水晶宫 vs 诺丁汉森林",
        "home": "水晶宫",
        "away": "诺丁汉森林",
        "home_en": "Crystal Palace FC",
        "away_en": "Nottingham Forest FC",
        "kickoff_utc": "2026-10-11T13:00:00Z",
        "data_window": "20260828-20261011"
      }
    ],
    "timing_ms": {
      "total": 6940
    },
    "monte_carlo": {
      "champion_probs": {
        "曼城": 0.49,
        "布莱顿": 0.35,
        "切尔西": 0.08,
        "布伦特福德": 0.03,
        "纽卡斯尔联": 0.02,
        "阿森纳": 0.02,
        "利物浦": 0.01,
        "赫尔城": 0.0,
        "富勒姆": 0.0,
        "考文垂": 0.0,
        "诺丁汉森林": 0.0,
        "热刺": 0.0,
        "利兹联": 0.0,
        "伯恩茅斯": 0.0,
        "曼联": 0.0,
        "桑德兰": 0.0,
        "埃弗顿": 0.0,
        "阿斯顿维拉": 0.0,
        "伊普斯维奇": 0.0,
        "水晶宫": 0.0
      },
      "round_reach_probs": {},
      "simulation_count": 100,
      "model": "dixon_coles",
      "rho": -0.043,
      "convergence_diagnostics": {
        "纽卡斯尔联": {
          "count": 2,
          "probability": 0.02,
          "std_error": 0.014,
          "ci_95_lower": 0.0,
          "ci_95_upper": 0.0474
        },
        "赫尔城": {
          "count": 0,
          "probability": 0.0,
          "std_error": 0.0,
          "ci_95_lower": 0.0,
          "ci_95_upper": 0.0
        },
        "富勒姆": {
          "count": 0,
          "probability": 0.0,
          "std_error": 0.0,
          "ci_95_lower": 0.0,
          "ci_95_upper": 0.0
        },
        "考文垂": {
          "count": 0,
          "probability": 0.0,
          "std_error": 0.0,
          "ci_95_lower": 0.0,
          "ci_95_upper": 0.0
        },
        "阿森纳": {
          "count": 2,
          "probability": 0.02,
          "std_error": 0.014,
          "ci_95_lower": 0.0,
          "ci_95_upper": 0.0474
        },
        "诺丁汉森林": {
          "count": 0,
          "probability": 0.0,
          "std_error": 0.0,
          "ci_95_lower": 0.0,
          "ci_95_upper": 0.0
        },
        "曼城": {
          "count": 49,
          "probability": 0.49,
          "std_error": 0.04999,
          "ci_95_lower": 0.392,
          "ci_95_upper": 0.588
        },
        "热刺": {
          "count": 0,
          "probability": 0.0,
          "std_error": 0.0,
          "ci_95_lower": 0.0,
          "ci_95_upper": 0.0
        },
        "利兹联": {
          "count": 0,
          "probability": 0.0,
          "std_error": 0.0,
          "ci_95_lower": 0.0,
          "ci_95_upper": 0.0
        },
        "伯恩茅斯": {
          "count": 0,
          "probability": 0.0,
          "std_error": 0.0,
          "ci_95_lower": 0.0,
          "ci_95_upper": 0.0
        },
        "利物浦": {
          "count": 1,
          "probability": 0.01,
          "std_error": 0.00995,
          "ci_95_lower": 0.0,
          "ci_95_upper": 0.0295
        },
        "布伦特福德": {
          "count": 3,
          "probability": 0.03,
          "std_error": 0.01706,
          "ci_95_lower": 0.0,
          "ci_95_upper": 0.0634
        },
        "切尔西": {
          "count": 8,
          "probability": 0.08,
          "std_error": 0.02713,
          "ci_95_lower": 0.0268,
          "ci_95_upper": 0.1332
        },
        "曼联": {
          "count": 0,
          "probability": 0.0,
          "std_error": 0.0,
          "ci_95_lower": 0.0,
          "ci_95_upper": 0.0
        },
        "布莱顿": {
          "count": 35,
          "probability": 0.35,
          "std_error": 0.0477,
          "ci_95_lower": 0.2565,
          "ci_95_upper": 0.4435
        },
        "桑德兰": {
          "count": 0,
          "probability": 0.0,
          "std_error": 0.0,
          "ci_95_lower": 0.0,
          "ci_95_upper": 0.0
        },
        "埃弗顿": {
          "count": 0,
          "probability": 0.0,
          "std_error": 0.0,
          "ci_95_lower": 0.0,
          "ci_95_upper": 0.0
        },
        "阿斯顿维拉": {
          "count": 0,
          "probability": 0.0,
          "std_error": 0.0,
          "ci_95_lower": 0.0,
          "ci_95_upper": 0.0
        },
        "伊普斯维奇": {
          "count": 0,
          "probability": 0.0,
          "std_error": 0.0,
          "ci_95_lower": 0.0,
          "ci_95_upper": 0.0
        },
        "水晶宫": {
          "count": 0,
          "probability": 0.0,
          "std_error": 0.0,
          "ci_95_lower": 0.0,
          "ci_95_upper": 0.0
        },
        "_summary": {
          "max_std_error": 0.04999,
          "avg_std_error": 0.00899,
          "teams_with_se_above_1pct": 6,
          "n_simulations": 100
        }
      }
    }
  },
  {
    "generated_at": "2026-09-27T21:27:50.488120+08:00",
    "data_window": "20260828-20261011",
    "status": "ok",
    "league": "laliga",
    "tournament_type": "league",
    "data_source": "",
    "dixon_coles_enabled": true,
    "dixon_coles_rho": 0.469,
    "calibration": {
      "total_matches": 69,
      "home_wins": 31,
      "draws": 17,
      "away_wins": 21,
      "home_win_rate": 0.449,
      "draw_rate": 0.246,
      "away_win_rate": 0.304,
      "favored_by_odds": 0,
      "favored_won": 0,
      "odds_accuracy": 0
    },
    "calibration_offset": {
      "home_correction": 1.009,
      "draw_correction": 1.026,
      "away_correction": 0.965,
      "onside_home_correction": 1.005,
      "onside_away_correction": 0.982,
      "sample_size": 1209,
      "sample_weight": 1.0,
      "actual_home_rate": 0.454,
      "actual_draw_rate": 0.256,
      "actual_away_rate": 0.289,
      "_saved_at": "2026-09-27T13:28:00Z",
      "_league": "laliga"
    },
    "past_matches": [
      {
        "name": "阿拉维斯 vs 赫塔菲",
        "status": "STATUS_FULL_TIME",
        "completed": true,
        "kickoff_utc": "2026-08-15T17:30:00Z",
        "time_to_kickoff_h": -1028.0,
        "home": "阿拉维斯",
        "away": "赫塔菲",
        "home_en": "Deportivo Alavés",
        "away_en": "Getafe CF",
        "home_abbr": "UNK",
        "away_abbr": "UNK",
        "score": "3-0",
        "home_form": "",
        "away_form": "",
        "home_form_score": 0.5,
        "away_form_score": 0.5,
        "home_record": "",
        "away_record": "",
        "home_record_score": 0.5,
        "away_record_score": 0.5,
        "ml_home_close": null,
        "draw_ml": null,
        "home_ml_implied": null,
        "draw_implied": null,
        "home_true_prob": null,
        "draw_true_prob": null,
        "away_true_prob": null,
        "spread_home_line": "",
        "spread_home_close_odds": "",
        "spread_movement_score": 0.0,
        "total_over_close": "",
        "total_under_close": "",
        "odds_data_available": false
      },
      {
        "name": "塞维利亚 vs 巴列卡诺",
        "status": "STATUS_FULL_TIME",
        "completed": true,
        "kickoff_utc": "2026-08-15T19:30:00Z",
        "time_to_kickoff_h": -1026.0,
        "home": "塞维利亚",
        "away": "巴列卡诺",
        "home_en": "Sevilla FC",
        "away_en": "Rayo Vallecano de Madrid",
        "home_abbr": "UNK",
        "away_abbr": "UNK",
        "score": "2-1",
        "home_form": "",
        "away_form": "",
        "home_form_score": 0.5,
        "away_form_score": 0.5,
        "home_record": "",
        "away_record": "",
        "home_record_score": 0.5,
        "away_record_score": 0.5,
        "ml_home_close": null,
        "draw_ml": null,
        "home_ml_implied": null,
        "draw_implied": null,
        "home_true_prob": null,
        "draw_true_prob": null,
        "away_true_prob": null,
        "spread_home_line": "",
        "spread_home_close_odds": "",
        "spread_movement_score": 0.0,
        "total_over_close": "",
        "total_under_close": "",
        "odds_data_available": false
      },
      {
        "name": "桑坦德竞技 vs 比利亚雷亚尔",
        "status": "STATUS_FULL_TIME",
        "completed": true,
        "kickoff_utc": "2026-08-16T15:00:00Z",
        "time_to_kickoff_h": -1006.5,
        "home": "桑坦德竞技",
        "away": "比利亚雷亚尔",
        "home_en": "Real Racing Club de Santander",
        "away_en": "Villarreal CF",
        "home_abbr": "UNK",
        "away_abbr": "UNK",
        "score": "2-2",
        "home_form": "",
        "away_form": "",
        "home_form_score": 0.5,
        "away_form_score": 0.5,
        "home_record": "",
        "away_record": "",
        "home_record_score": 0.5,
        "away_record_score": 0.5,
        "ml_home_close": null,
        "draw_ml": null,
        "home_ml_implied": null,
        "draw_implied": null,
        "home_true_prob": null,
        "draw_true_prob": null,
        "away_true_prob": null,
        "spread_home_line": "",
        "spread_home_close_odds": "",
        "spread_movement_score": 0.0,
        "total_over_close": "",
        "total_under_close": "",
        "odds_data_available": false
      },
      {
        "name": "西班牙人 vs 莱万特",
        "status": "STATUS_FULL_TIME",
        "completed": true,
        "kickoff_utc": "2026-08-16T17:00:00Z",
        "time_to_kickoff_h": -1004.5,
        "home": "西班牙人",
        "away": "莱万特",
        "home_en": "RCD Espanyol de Barcelona",
        "away_en": "Levante UD",
        "home_abbr": "UNK",
        "away_abbr": "UNK",
        "score": "3-0",
        "home_form": "",
        "away_form": "",
        "home_form_score": 0.5,
        "away_form_score": 0.5,
        "home_record": "",
        "away_record": "",
        "home_record_score": 0.5,
        "away_record_score": 0.5,
        "ml_home_close": null,
        "draw_ml": null,
        "home_ml_implied": null,
        "draw_implied": null,
        "home_true_prob": null,
        "draw_true_prob": null,
        "away_true_prob": null,
        "spread_home_line": "",
        "spread_home_close_odds": "",
        "spread_movement_score": 0.0,
        "total_over_close": "",
        "total_under_close": "",
        "odds_data_available": false
      },
      {
        "name": "拉科鲁尼亚 vs 埃尔切",
        "status": "STATUS_FULL_TIME",
        "completed": true,
        "kickoff_utc": "2026-08-17T19:00:00Z",
        "time_to_kickoff_h": -978.5,
        "home": "拉科鲁尼亚",
        "away": "埃尔切",
        "home_en": "RC Deportivo La Coruña",
        "away_en": "Elche CF",
        "home_abbr": "UNK",
        "away_abbr": "UNK",
        "score": "1-1",
        "home_form": "",
        "away_form": "",
        "home_form_score": 0.5,
        "away_form_score": 0.5,
        "home_record": "",
        "away_record": "",
        "home_record_score": 0.5,
        "away_record_score": 0.5,
        "ml_home_close": null,
        "draw_ml": null,
        "home_ml_implied": null,
        "draw_implied": null,
        "home_true_prob": null,
        "draw_true_prob": null,
        "away_true_prob": null,
        "spread_home_line": "",
        "spread_home_close_odds": "",
        "spread_movement_score": 0.0,
        "total_over_close": "",
        "total_under_close": "",
        "odds_data_available": false
      },
      {
        "name": "马德里竞技 vs 马拉加",
        "status": "STATUS_FULL_TIME",
        "completed": true,
        "kickoff_utc": "2026-08-19T19:00:00Z",
        "time_to_kickoff_h": -930.5,
        "home": "马德里竞技",
        "away": "马拉加",
        "home_en": "Club Atlético de Madrid",
        "away_en": "Málaga CF",
        "home_abbr": "UNK",
        "away_abbr": "UNK",
        "score": "2-0",
        "home_form": "",
        "away_form": "",
        "home_form_score": 0.5,
        "away_form_score": 0.5,
        "home_record": "",
        "away_record": "",
        "home_record_score": 0.5,
        "away_record_score": 0.5,
        "ml_home_close": null,
        "draw_ml": null,
        "home_ml_implied": null,
        "draw_implied": null,
        "home_true_prob": null,
        "draw_true_prob": null,
        "away_true_prob": null,
        "spread_home_line": "",
        "spread_home_close_odds": "",
        "spread_movement_score": 0.0,
        "total_over_close": "",
        "total_under_close": "",
        "odds_data_available": false
      },
      {
        "name": "巴列卡诺 vs 阿拉维斯",
        "status": "STATUS_FULL_TIME",
        "completed": true,
        "kickoff_utc": "2026-08-20T19:00:00Z",
        "time_to_kickoff_h": -906.5,
        "home": "巴列卡诺",
        "away": "阿拉维斯",
        "home_en": "Rayo Vallecano de Madrid",
        "away_en": "Deportivo Alavés",
        "home_abbr": "UNK",
        "away_abbr": "UNK",
        "score": "1-1",
        "home_form": "L",
        "away_form": "W",
        "home_form_score": 0.0,
        "away_form_score": 1.0,
        "home_record": "0-0-1",
        "away_record": "1-0-0",
        "home_record_score": 0.0,
        "away_record_score": 1.0,
        "ml_home_close": null,
        "draw_ml": null,
        "home_ml_implied": null,
        "draw_implied": null,
        "home_true_prob": null,
        "draw_true_prob": null,
        "away_true_prob": null,
        "spread_home_line": "",
        "spread_home_close_odds": "",
        "spread_movement_score": 0.0,
        "total_over_close": "",
        "total_under_close": "",
        "odds_data_available": false
      },
      {
        "name": "皇家贝蒂斯 vs 皇家社会",
        "status": "STATUS_FULL_TIME",
        "completed": true,
        "kickoff_utc": "2026-08-21T19:00:00Z",
        "time_to_kickoff_h": -882.5,
        "home": "皇家贝蒂斯",
        "away": "皇家社会",
        "home_en": "Real Betis Balompié",
        "away_en": "Real Sociedad de Fútbol",
        "home_abbr": "UNK",
        "away_abbr": "UNK",
        "score": "1-0",
        "home_form": "",
        "away_form": "",
        "home_form_score": 0.5,
        "away_form_score": 0.5,
        "home_record": "",
        "away_record": "",
        "home_record_score": 0.5,
        "away_record_score": 0.5,
        "ml_home_close": null,
        "draw_ml": null,
        "home_ml_implied": null,
        "draw_implied": null,
        "home_true_prob": null,
        "draw_true_prob": null,
        "away_true_prob": null,
        "spread_home_line": "",
        "spread_home_close_odds": "",
        "spread_movement_score": 0.0,
        "total_over_close": "",
        "total_under_close": "",
        "odds_data_available": false
      },
      {
        "name": "毕尔巴鄂竞技 vs 塞维利亚",
        "status": "STATUS_FULL_TIME",
        "completed": true,
        "kickoff_utc": "2026-08-22T15:00:00Z",
        "time_to_kickoff_h": -862.5,
        "home": "毕尔巴鄂竞技",
        "away": "塞维利亚",
        "home_en": "Athletic Club",
        "away_en": "Sevilla FC",
        "home_abbr": "UNK",
        "away_abbr": "UNK",
        "score": "1-3",
        "home_form": "",
        "away_form": "W",
        "home_form_score": 0.5,
        "away_form_score": 1.0,
        "home_record": "",
        "away_record": "1-0-0",
        "home_record_score": 0.5,
        "away_record_score": 1.0,
        "ml_home_close": null,
        "draw_ml": null,
        "home_ml_implied": null,
        "draw_implied": null,
        "home_true_prob": null,
        "draw_true_prob": null,
        "away_true_prob": null,
        "spread_home_line": "",
        "spread_home_close_odds": "",
        "spread_movement_score": 0.0,
        "total_over_close": "",
        "total_under_close": "",
        "odds_data_available": false
      },
      {
        "name": "瓦伦西亚 vs 维戈塞尔塔",
        "status": "STATUS_FULL_TIME",
        "completed": true,
        "kickoff_utc": "2026-08-22T17:30:00Z",
        "time_to_kickoff_h": -860.0,
        "home": "瓦伦西亚",
        "away": "维戈塞尔塔",
        "home_en": "Valencia CF",
        "away_en": "RC Celta de Vigo",
        "home_abbr": "UNK",
        "away_abbr": "UNK",
        "score": "0-0",
        "home_form": "",
        "away_form": "",
        "home_form_score": 0.5,
        "away_form_score": 0.5,
        "home_record": "",
        "away_record": "",
        "home_record_score": 0.5,
        "away_record_score": 0.5,
        "ml_home_close": null,
        "draw_ml": null,
        "home_ml_implied": null,
        "draw_implied": null,
        "home_true_prob": null,
        "draw_true_prob": null,
        "away_true_prob": null,
        "spread_home_line": "",
        "spread_home_close_odds": "",
        "spread_movement_score": 0.0,
        "total_over_close": "",
        "total_under_close": "",
        "odds_data_available": false
      },
      {
        "name": "西班牙人 vs 皇家马德里",
        "status": "STATUS_FULL_TIME",
        "completed": true,
        "kickoff_utc": "2026-08-22T19:30:00Z",
        "time_to_kickoff_h": -858.0,
        "home": "西班牙人",
        "away": "皇家马德里",
        "home_en": "RCD Espanyol de Barcelona",
        "away_en": "Real Madrid CF",
        "home_abbr": "UNK",
        "away_abbr": "UNK",
        "score": "1-2",
        "home_form": "W",
        "away_form": "",
        "home_form_score": 1.0,
        "away_form_score": 0.5,
        "home_record": "1-0-0",
        "away_record": "",
        "home_record_score": 1.0,
        "away_record_score": 0.5,
        "ml_home_close": null,
        "draw_ml": null,
        "home_ml_implied": null,
        "draw_implied": null,
        "home_true_prob": null,
        "draw_true_prob": null,
        "away_true_prob": null,
        "spread_home_line": "",
        "spread_home_close_odds": "",
        "spread_movement_score": 0.0,
        "total_over_close": "",
        "total_under_close": "",
        "odds_data_available": false
      },
      {
        "name": "马德里竞技 vs 比利亚雷亚尔",
        "status": "STATUS_FULL_TIME",
        "completed": true,
        "kickoff_utc": "2026-08-23T15:00:00Z",
        "time_to_kickoff_h": -838.5,
        "home": "马德里竞技",
        "away": "比利亚雷亚尔",
        "home_en": "Club Atlético de Madrid",
        "away_en": "Villarreal CF",
        "home_abbr": "UNK",
        "away_abbr": "UNK",
        "score": "2-2",
        "home_form": "W",
        "away_form": "D",
        "home_form_score": 1.0,
        "away_form_score": 0.5,
        "home_record": "1-0-0",
        "away_record": "0-1-0",
        "home_record_score": 1.0,
        "away_record_score": 0.0,
        "ml_home_close": null,
        "draw_ml": null,
        "home_ml_implied": null,
        "draw_implied": null,
        "home_true_prob": null,
        "draw_true_prob": null,
        "away_true_prob": null,
        "spread_home_line": "",
        "spread_home_close_odds": "",
        "spread_movement_score": 0.0,
        "total_over_close": "",
        "total_under_close": "",
        "odds_data_available": false
      },
      {
        "name": "赫塔菲 vs 桑坦德竞技",
        "status": "STATUS_FULL_TIME",
        "completed": true,
        "kickoff_utc": "2026-08-23T17:30:00Z",
        "time_to_kickoff_h": -836.0,
        "home": "赫塔菲",
        "away": "桑坦德竞技",
        "home_en": "Getafe CF",
        "away_en": "Real Racing Club de Santander",
        "home_abbr": "UNK",
        "away_abbr": "UNK",
        "score": "1-0",
        "home_form": "L",
        "away_form": "D",
        "home_form_score": 0.0,
        "away_form_score": 0.5,
        "home_record": "0-0-1",
        "away_record": "0-1-0",
        "home_record_score": 0.0,
        "away_record_score": 0.0,
        "ml_home_close": null,
        "draw_ml": null,
        "home_ml_implied": null,
        "draw_implied": null,
        "home_true_prob": null,
        "draw_true_prob": null,
        "away_true_prob": null,
        "spread_home_line": "",
        "spread_home_close_odds": "",
        "spread_movement_score": 0.0,
        "total_over_close": "",
        "total_under_close": "",
        "odds_data_available": false
      },
      {
        "name": "埃尔切 vs 巴塞罗那",
        "status": "STATUS_FULL_TIME",
        "completed": true,
        "kickoff_utc": "2026-08-23T19:30:00Z",
        "time_to_kickoff_h": -834.0,
        "home": "埃尔切",
        "away": "巴塞罗那",
        "home_en": "Elche CF",
        "away_en": "FC Barcelona",
        "home_abbr": "UNK",
        "away_abbr": "UNK",
        "score": "0-5",
        "home_form": "D",
        "away_form": "",
        "home_form_score": 0.5,
        "away_form_score": 0.5,
        "home_record": "0-1-0",
        "away_record": "",
        "home_record_score": 0.0,
        "away_record_score": 0.5,
        "ml_home_close": null,
        "draw_ml": null,
        "home_ml_implied": null,
        "draw_implied": null,
        "home_true_prob": null,
        "draw_true_prob": null,
        "away_true_prob": null,
        "spread_home_line": "",
        "spread_home_close_odds": "",
        "spread_movement_score": 0.0,
        "total_over_close": "",
        "total_under_close": "",
        "odds_data_available": false
      },
      {
        "name": "奥萨苏纳 vs 莱万特",
        "status": "STATUS_FULL_TIME",
        "completed": true,
        "kickoff_utc": "2026-08-24T17:30:00Z",
        "time_to_kickoff_h": -812.0,
        "home": "奥萨苏纳",
        "away": "莱万特",
        "home_en": "CA Osasuna",
        "away_en": "Levante UD",
        "home_abbr": "UNK",
        "away_abbr": "UNK",
        "score": "0-0",
        "home_form": "",
        "away_form": "L",
        "home_form_score": 0.5,
        "away_form_score": 0.0,
        "home_record": "",
        "away_record": "0-0-1",
        "home_record_score": 0.5,
        "away_record_score": 0.0,
        "ml_home_close": null,
        "draw_ml": null,
        "home_ml_implied": null,
        "draw_implied": null,
        "home_true_prob": null,
        "draw_true_prob": null,
        "away_true_prob": null,
        "spread_home_line": "",
        "spread_home_close_odds": "",
        "spread_movement_score": 0.0,
        "total_over_close": "",
        "total_under_close": "",
        "odds_data_available": false
      },
      {
        "name": "马拉加 vs 拉科鲁尼亚",
        "status": "STATUS_FULL_TIME",
        "completed": true,
        "kickoff_utc": "2026-08-24T19:30:00Z",
        "time_to_kickoff_h": -810.0,
        "home": "马拉加",
        "away": "拉科鲁尼亚",
        "home_en": "Málaga CF",
        "away_en": "RC Deportivo La Coruña",
        "home_abbr": "UNK",
        "away_abbr": "UNK",
        "score": "1-1",
        "home_form": "L",
        "away_form": "D",
        "home_form_score": 0.0,
        "away_form_score": 0.5,
        "home_record": "0-0-1",
        "away_record": "0-1-0",
        "home_record_score": 0.0,
        "away_record_score": 0.0,
        "ml_home_close": null,
        "draw_ml": null,
        "home_ml_implied": null,
        "draw_implied": null,
        "home_true_prob": null,
        "draw_true_prob": null,
        "away_true_prob": null,
        "spread_home_line": "",
        "spread_home_close_odds": "",
        "spread_movement_score": 0.0,
        "total_over_close": "",
        "total_under_close": "",
        "odds_data_available": false
      },
      {
        "name": "瓦伦西亚 vs 皇家贝蒂斯",
        "status": "STATUS_FULL_TIME",
        "completed": true,
        "kickoff_utc": "2026-08-25T19:00:00Z",
        "time_to_kickoff_h": -786.5,
        "home": "瓦伦西亚",
        "away": "皇家贝蒂斯",
        "home_en": "Valencia CF",
        "away_en": "Real Betis Balompié",
        "home_abbr": "UNK",
        "away_abbr": "UNK",
        "score": "0-1",
        "home_form": "D",
        "away_form": "W",
        "home_form_score": 0.5,
        "away_form_score": 1.0,
        "home_record": "0-1-0",
        "away_record": "1-0-0",
        "home_record_score": 0.0,
        "away_record_score": 1.0,
        "ml_home_close": null,
        "draw_ml": null,
        "home_ml_implied": null,
        "draw_implied": null,
        "home_true_prob": null,
        "draw_true_prob": null,
        "away_true_prob": null,
        "spread_home_line": "",
        "spread_home_close_odds": "",
        "spread_movement_score": 0.0,
        "total_over_close": "",
        "total_under_close": "",
        "odds_data_available": false
      },
      {
        "name": "皇家马德里 vs 皇家社会",
        "status": "STATUS_FULL_TIME",
        "completed": true,
        "kickoff_utc": "2026-08-26T19:00:00Z",
        "time_to_kickoff_h": -762.5,
        "home": "皇家马德里",
        "away": "皇家社会",
        "home_en": "Real Madrid CF",
        "away_en": "Real Sociedad de Fútbol",
        "home_abbr": "UNK",
        "away_abbr": "UNK",
        "score": "4-1",
        "home_form": "W",
        "away_form": "L",
        "home_form_score": 1.0,
        "away_form_score": 0.0,
        "home_record": "1-0-0",
        "away_record": "0-0-1",
        "home_record_score": 1.0,
        "away_record_score": 0.0,
        "ml_home_close": null,
        "draw_ml": null,
        "home_ml_implied": null,
        "draw_implied": null,
        "home_true_prob": null,
        "draw_true_prob": null,
        "away_true_prob": null,
        "spread_home_line": "",
        "spread_home_close_odds": "",
        "spread_movement_score": 0.0,
        "total_over_close": "",
        "total_under_close": "",
        "odds_data_available": false
      },
      {
        "name": "维戈塞尔塔 vs 奥萨苏纳",
        "status": "STATUS_FULL_TIME",
        "completed": true,
        "kickoff_utc": "2026-08-27T18:30:00Z",
        "time_to_kickoff_h": -739.0,
        "home": "维戈塞尔塔",
        "away": "奥萨苏纳",
        "home_en": "RC Celta de Vigo",
        "away_en": "CA Osasuna",
        "home_abbr": "UNK",
        "away_abbr": "UNK",
        "score": "1-2",
        "home_form": "D",
        "away_form": "D",
        "home_form_score": 0.5,
        "away_form_score": 0.5,
        "home_record": "0-1-0",
        "away_record": "0-1-0",
        "home_record_score": 0.0,
        "away_record_score": 0.0,
        "ml_home_close": null,
        "draw_ml": null,
        "home_ml_implied": null,
        "draw_implied": null,
        "home_true_prob": null,
        "draw_true_prob": null,
        "away_true_prob": null,
        "spread_home_line": "",
        "spread_home_close_odds": "",
        "spread_movement_score": 0.0,
        "total_over_close": "",
        "total_under_close": "",
        "odds_data_available": false
      },
      {
        "name": "巴塞罗那 vs 毕尔巴鄂竞技",
        "status": "STATUS_FULL_TIME",
        "completed": true,
        "kickoff_utc": "2026-08-27T19:00:00Z",
        "time_to_kickoff_h": -738.5,
        "home": "巴塞罗那",
        "away": "毕尔巴鄂竞技",
        "home_en": "FC Barcelona",
        "away_en": "Athletic Club",
        "home_abbr": "UNK",
        "away_abbr": "UNK",
        "score": "2-0",
        "home_form": "W",
        "away_form": "L",
        "home_form_score": 1.0,
        "away_form_score": 0.0,
        "home_record": "1-0-0",
        "away_record": "0-0-1",
        "home_record_score": 1.0,
        "away_record_score": 0.0,
        "ml_home_close": null,
        "draw_ml": null,
        "home_ml_implied": null,
        "draw_implied": null,
        "home_true_prob": null,
        "draw_true_prob": null,
        "away_true_prob": null,
        "spread_home_line": "",
        "spread_home_close_odds": "",
        "spread_movement_score": 0.0,
        "total_over_close": "",
        "total_under_close": "",
        "odds_data_available": false
      },
      {
        "name": "桑坦德竞技 vs 埃尔切",
        "status": "STATUS_FULL_TIME",
        "completed": true,
        "kickoff_utc": "2026-08-28T17:00:00Z",
        "time_to_kickoff_h": -716.5,
        "home": "桑坦德竞技",
        "away": "埃尔切",
        "home_en": "Real Racing Club de Santander",
        "away_en": "Elche CF",
        "home_abbr": "UNK",
        "away_abbr": "UNK",
        "score": "3-2",
        "home_form": "DL",
        "away_form": "DL",
        "home_form_score": 0.25,
        "away_form_score": 0.25,
        "home_record": "0-1-1",
        "away_record": "0-1-1",
        "home_record_score": 0.0,
        "away_record_score": 0.0,
        "ml_home_close": null,
        "draw_ml": null,
        "home_ml_implied": null,
        "draw_implied": null,
        "home_true_prob": null,
        "draw_true_prob": null,
        "away_true_prob": null,
        "spread_home_line": "",
        "spread_home_close_odds": "",
        "spread_movement_score": 0.0,
        "total_over_close": "",
        "total_under_close": "",
        "odds_data_available": false
      },
      {
        "name": "阿拉维斯 vs 比利亚雷亚尔",
        "status": "STATUS_FULL_TIME",
        "completed": true,
        "kickoff_utc": "2026-08-28T19:30:00Z",
        "time_to_kickoff_h": -714.0,
        "home": "阿拉维斯",
        "away": "比利亚雷亚尔",
        "home_en": "Deportivo Alavés",
        "away_en": "Villarreal CF",
        "home_abbr": "UNK",
        "away_abbr": "UNK",
        "score": "1-0",
        "home_form": "WD",
        "away_form": "DD",
        "home_form_score": 0.75,
        "away_form_score": 0.5,
        "home_record": "1-1-0",
        "away_record": "0-2-0",
        "home_record_score": 0.5,
        "away_record_score": 0.0,
        "ml_home_close": null,
        "draw_ml": null,
        "home_ml_implied": null,
        "draw_implied": null,
        "home_true_prob": null,
        "draw_true_prob": null,
        "away_true_prob": null,
        "spread_home_line": "",
        "spread_home_close_odds": "",
        "spread_movement_score": 0.0,
        "total_over_close": "",
        "total_under_close": "",
        "odds_data_available": false
      },
      {
        "name": "莱万特 vs 皇家贝蒂斯",
        "status": "STATUS_FULL_TIME",
        "completed": true,
        "kickoff_utc": "2026-08-29T15:00:00Z",
        "time_to_kickoff_h": -694.5,
        "home": "莱万特",
        "away": "皇家贝蒂斯",
        "home_en": "Levante UD",
        "away_en": "Real Betis Balompié",
        "home_abbr": "UNK",
        "away_abbr": "UNK",
        "score": "5-2",
        "home_form": "LD",
        "away_form": "WW",
        "home_form_score": 0.25,
        "away_form_score": 1.0,
        "home_record": "0-1-1",
        "away_record": "2-0-0",
        "home_record_score": 0.0,
        "away_record_score": 1.0,
        "ml_home_close": null,
        "draw_ml": null,
        "home_ml_implied": null,
        "draw_implied": null,
        "home_true_prob": null,
        "draw_true_prob": null,
        "away_true_prob": null,
        "spread_home_line": "",
        "spread_home_close_odds": "",
        "spread_movement_score": 0.0,
        "total_over_close": "",
        "total_under_close": "",
        "odds_data_available": false
      },
      {
        "name": "皇家社会 vs 西班牙人",
        "status": "STATUS_FULL_TIME",
        "completed": true,
        "kickoff_utc": "2026-08-29T17:00:00Z",
        "time_to_kickoff_h": -692.5,
        "home": "皇家社会",
        "away": "西班牙人",
        "home_en": "Real Sociedad de Fútbol",
        "away_en": "RCD Espanyol de Barcelona",
        "home_abbr": "UNK",
        "away_abbr": "UNK",
        "score": "2-1",
        "home_form": "LL",
        "away_form": "WL",
        "home_form_score": 0.0,
        "away_form_score": 0.5,
        "home_record": "0-0-2",
        "away_record": "1-0-1",
        "home_record_score": 0.0,
        "away_record_score": 0.5,
        "ml_home_close": null,
        "draw_ml": null,
        "home_ml_implied": null,
        "draw_implied": null,
        "home_true_prob": null,
        "draw_true_prob": null,
        "away_true_prob": null,
        "spread_home_line": "",
        "spread_home_close_odds": "",
        "spread_movement_score": 0.0,
        "total_over_close": "",
        "total_under_close": "",
        "odds_data_available": false
      },
      {
        "name": "塞维利亚 vs 马德里竞技",
        "status": "STATUS_FULL_TIME",
        "completed": true,
        "kickoff_utc": "2026-08-29T19:30:00Z",
        "time_to_kickoff_h": -690.0,
        "home": "塞维利亚",
        "away": "马德里竞技",
        "home_en": "Sevilla FC",
        "away_en": "Club Atlético de Madrid",
        "home_abbr": "UNK",
        "away_abbr": "UNK",
        "score": "1-3",
        "home_form": "WW",
        "away_form": "WD",
        "home_form_score": 1.0,
        "away_form_score": 0.75,
        "home_record": "2-0-0",
        "away_record": "1-1-0",
        "home_record_score": 1.0,
        "away_record_score": 0.5,
        "ml_home_close": null,
        "draw_ml": null,
        "home_ml_implied": null,
        "draw_implied": null,
        "home_true_prob": null,
        "draw_true_prob": null,
        "away_true_prob": null,
        "spread_home_line": "",
        "spread_home_close_odds": "",
        "spread_movement_score": 0.0,
        "total_over_close": "",
        "total_under_close": "",
        "odds_data_available": false
      },
      {
        "name": "皇家马德里 vs 马拉加",
        "status": "STATUS_FULL_TIME",
        "completed": true,
        "kickoff_utc": "2026-08-30T15:00:00Z",
        "time_to_kickoff_h": -670.5,
        "home": "皇家马德里",
        "away": "马拉加",
        "home_en": "Real Madrid CF",
        "away_en": "Málaga CF",
        "home_abbr": "UNK",
        "away_abbr": "UNK",
        "score": "4-0",
        "home_form": "WW",
        "away_form": "LD",
        "home_form_score": 1.0,
        "away_form_score": 0.25,
        "home_record": "2-0-0",
        "away_record": "0-1-1",
        "home_record_score": 1.0,
        "away_record_score": 0.0,
        "ml_home_close": null,
        "draw_ml": null,
        "home_ml_implied": null,
        "draw_implied": null,
        "home_true_prob": null,
        "draw_true_prob": null,
        "away_true_prob": null,
        "spread_home_line": "",
        "spread_home_close_odds": "",
        "spread_movement_score": 0.0,
        "total_over_close": "",
        "total_under_close": "",
        "odds_data_available": false
      },
      {
        "name": "拉科鲁尼亚 vs 瓦伦西亚",
        "status": "STATUS_FULL_TIME",
        "completed": true,
        "kickoff_utc": "2026-08-30T17:30:00Z",
        "time_to_kickoff_h": -668.0,
        "home": "拉科鲁尼亚",
        "away": "瓦伦西亚",
        "home_en": "RC Deportivo La Coruña",
        "away_en": "Valencia CF",
        "home_abbr": "UNK",
        "away_abbr": "UNK",
        "score": "3-1",
        "home_form": "DD",
        "away_form": "DL",
        "home_form_score": 0.5,
        "away_form_score": 0.25,
        "home_record": "0-2-0",
        "away_record": "0-1-1",
        "home_record_score": 0.0,
        "away_record_score": 0.0,
        "ml_home_close": null,
        "draw_ml": null,
        "home_ml_implied": null,
        "draw_implied": null,
        "home_true_prob": null,
        "draw_true_prob": null,
        "away_true_prob": null,
        "spread_home_line": "",
        "spread_home_close_odds": "",
        "spread_movement_score": 0.0,
        "total_over_close": "",
        "total_under_close": "",
        "odds_data_available": false
      },
      {
        "name": "维戈塞尔塔 vs 毕尔巴鄂竞技",
        "status": "STATUS_FULL_TIME",
        "completed": true,
        "kickoff_utc": "2026-08-30T19:30:00Z",
        "time_to_kickoff_h": -666.0,
        "home": "维戈塞尔塔",
        "away": "毕尔巴鄂竞技",
        "home_en": "RC Celta de Vigo",
        "away_en": "Athletic Club",
        "home_abbr": "UNK",
        "away_abbr": "UNK",
        "score": "0-2",
        "home_form": "DL",
        "away_form": "LL",
        "home_form_score": 0.25,
        "away_form_score": 0.0,
        "home_record": "0-1-1",
        "away_record": "0-0-2",
        "home_record_score": 0.0,
        "away_record_score": 0.0,
        "ml_home_close": null,
        "draw_ml": null,
        "home_ml_implied": null,
        "draw_implied": null,
        "home_true_prob": null,
        "draw_true_prob": null,
        "away_true_prob": null,
        "spread_home_line": "",
        "spread_home_close_odds": "",
        "spread_movement_score": 0.0,
        "total_over_close": "",
        "total_under_close": "",
        "odds_data_available": false
      },
      {
        "name": "奥萨苏纳 vs 赫塔菲",
        "status": "STATUS_FULL_TIME",
        "completed": true,
        "kickoff_utc": "2026-08-31T17:30:00Z",
        "time_to_kickoff_h": -644.0,
        "home": "奥萨苏纳",
        "away": "赫塔菲",
        "home_en": "CA Osasuna",
        "away_en": "Getafe CF",
        "home_abbr": "UNK",
        "away_abbr": "UNK",
        "score": "1-0",
        "home_form": "DW",
        "away_form": "LW",
        "home_form_score": 0.75,
        "away_form_score": 0.5,
        "home_record": "1-1-0",
        "away_record": "1-0-1",
        "home_record_score": 0.5,
        "away_record_score": 0.5,
        "ml_home_close": null,
        "draw_ml": null,
        "home_ml_implied": null,
        "draw_implied": null,
        "home_true_prob": null,
        "draw_true_prob": null,
        "away_true_prob": null,
        "spread_home_line": "",
        "spread_home_close_odds": "",
        "spread_movement_score": 0.0,
        "total_over_close": "",
        "total_under_close": "",
        "odds_data_available": false
      },
      {
        "name": "巴塞罗那 vs 巴列卡诺",
        "status": "STATUS_FULL_TIME",
        "completed": true,
        "kickoff_utc": "2026-08-31T19:30:00Z",
        "time_to_kickoff_h": -642.0,
        "home": "巴塞罗那",
        "away": "巴列卡诺",
        "home_en": "FC Barcelona",
        "away_en": "Rayo Vallecano de Madrid",
        "home_abbr": "UNK",
        "away_abbr": "UNK",
        "score": "5-2",
        "home_form": "WW",
        "away_form": "LD",
        "home_form_score": 1.0,
        "away_form_score": 0.25,
        "home_record": "2-0-0",
        "away_record": "0-1-1",
        "home_record_score": 1.0,
        "away_record_score": 0.0,
        "ml_home_close": null,
        "draw_ml": null,
        "home_ml_implied": null,
        "draw_implied": null,
        "home_true_prob": null,
        "draw_true_prob": null,
        "away_true_prob": null,
        "spread_home_line": "",
        "spread_home_close_odds": "",
        "spread_movement_score": 0.0,
        "total_over_close": "",
        "total_under_close": "",
        "odds_data_available": false
      },
      {
        "name": "皇家社会 vs 维戈塞尔塔",
        "status": "STATUS_FULL_TIME",
        "completed": true,
        "kickoff_utc": "2026-09-03T19:00:00Z",
        "time_to_kickoff_h": -570.5,
        "home": "皇家社会",
        "away": "维戈塞尔塔",
        "home_en": "Real Sociedad de Fútbol",
        "away_en": "RC Celta de Vigo",
        "home_abbr": "UNK",
        "away_abbr": "UNK",
        "score": "0-0",
        "home_form": "LLW",
        "away_form": "DLL",
        "home_form_score": 0.333,
        "away_form_score": 0.167,
        "home_record": "1-0-2",
        "away_record": "0-1-2",
        "home_record_score": 0.333,
        "away_record_score": 0.0,
        "ml_home_close": null,
        "draw_ml": null,
        "home_ml_implied": null,
        "draw_implied": null,
        "home_true_prob": null,
        "draw_true_prob": null,
        "away_true_prob": null,
        "spread_home_line": "",
        "spread_home_close_odds": "",
        "spread_movement_score": 0.0,
        "total_over_close": "",
        "total_under_close": "",
        "odds_data_available": false
      },
      {
        "name": "皇家贝蒂斯 vs 皇家马德里",
        "status": "STATUS_FULL_TIME",
        "completed": true,
        "kickoff_utc": "2026-09-04T19:00:00Z",
        "time_to_kickoff_h": -546.5,
        "home": "皇家贝蒂斯",
        "away": "皇家马德里",
        "home_en": "Real Betis Balompié",
        "away_en": "Real Madrid CF",
        "home_abbr": "UNK",
        "away_abbr": "UNK",
        "score": "1-0",
        "home_form": "WWL",
        "away_form": "WWW",
        "home_form_score": 0.667,
        "away_form_score": 1.0,
        "home_record": "2-0-1",
        "away_record": "3-0-0",
        "home_record_score": 0.667,
        "away_record_score": 1.0,
        "ml_home_close": null,
        "draw_ml": null,
        "home_ml_implied": null,
        "draw_implied": null,
        "home_true_prob": null,
        "draw_true_prob": null,
        "away_true_prob": null,
        "spread_home_line": "",
        "spread_home_close_odds": "",
        "spread_movement_score": 0.0,
        "total_over_close": "",
        "total_under_close": "",
        "odds_data_available": false
      },
      {
        "name": "毕尔巴鄂竞技 vs 马德里竞技",
        "status": "STATUS_FULL_TIME",
        "completed": true,
        "kickoff_utc": "2026-09-05T14:15:00Z",
        "time_to_kickoff_h": -527.2,
        "home": "毕尔巴鄂竞技",
        "away": "马德里竞技",
        "home_en": "Athletic Club",
        "away_en": "Club Atlético de Madrid",
        "home_abbr": "UNK",
        "away_abbr": "UNK",
        "score": "3-0",
        "home_form": "LLW",
        "away_form": "WDW",
        "home_form_score": 0.333,
        "away_form_score": 0.833,
        "home_record": "1-0-2",
        "away_record": "2-1-0",
        "home_record_score": 0.333,
        "away_record_score": 0.667,
        "ml_home_close": null,
        "draw_ml": null,
        "home_ml_implied": null,
        "draw_implied": null,
        "home_true_prob": null,
        "draw_true_prob": null,
        "away_true_prob": null,
        "spread_home_line": "",
        "spread_home_close_odds": "",
        "spread_movement_score": 0.0,
        "total_over_close": "",
        "total_under_close": "",
        "odds_data_available": false
      },
      {
        "name": "巴列卡诺 vs 桑坦德竞技",
        "status": "STATUS_FULL_TIME",
        "completed": true,
        "kickoff_utc": "2026-09-05T16:30:00Z",
        "time_to_kickoff_h": -525.0,
        "home": "巴列卡诺",
        "away": "桑坦德竞技",
        "home_en": "Rayo Vallecano de Madrid",
        "away_en": "Real Racing Club de Santander",
        "home_abbr": "UNK",
        "away_abbr": "UNK",
        "score": "3-2",
        "home_form": "LDL",
        "away_form": "DLW",
        "home_form_score": 0.167,
        "away_form_score": 0.5,
        "home_record": "0-1-2",
        "away_record": "1-1-1",
        "home_record_score": 0.0,
        "away_record_score": 0.333,
        "ml_home_close": null,
        "draw_ml": null,
        "home_ml_implied": null,
        "draw_implied": null,
        "home_true_prob": null,
        "draw_true_prob": null,
        "away_true_prob": null,
        "spread_home_line": "",
        "spread_home_close_odds": "",
        "spread_movement_score": 0.0,
        "total_over_close": "",
        "total_under_close": "",
        "odds_data_available": false
      },
      {
        "name": "比利亚雷亚尔 vs 拉科鲁尼亚",
        "status": "STATUS_FULL_TIME",
        "completed": true,
        "kickoff_utc": "2026-09-05T19:00:00Z",
        "time_to_kickoff_h": -522.5,
        "home": "比利亚雷亚尔",
        "away": "拉科鲁尼亚",
        "home_en": "Villarreal CF",
        "away_en": "RC Deportivo La Coruña",
        "home_abbr": "UNK",
        "away_abbr": "UNK",
        "score": "2-3",
        "home_form": "DDL",
        "away_form": "DDW",
        "home_form_score": 0.333,
        "away_form_score": 0.667,
        "home_record": "0-2-1",
        "away_record": "1-2-0",
        "home_record_score": 0.0,
        "away_record_score": 0.333,
        "ml_home_close": null,
        "draw_ml": null,
        "home_ml_implied": null,
        "draw_implied": null,
        "home_true_prob": null,
        "draw_true_prob": null,
        "away_true_prob": null,
        "spread_home_line": "",
        "spread_home_close_odds": "",
        "spread_movement_score": 0.0,
        "total_over_close": "",
        "total_under_close": "",
        "odds_data_available": false
      },
      {
        "name": "瓦伦西亚 vs 巴塞罗那",
        "status": "STATUS_FULL_TIME",
        "completed": true,
        "kickoff_utc": "2026-09-06T14:15:00Z",
        "time_to_kickoff_h": -503.2,
        "home": "瓦伦西亚",
        "away": "巴塞罗那",
        "home_en": "Valencia CF",
        "away_en": "FC Barcelona",
        "home_abbr": "UNK",
        "away_abbr": "UNK",
        "score": "0-5",
        "home_form": "DLL",
        "away_form": "WWW",
        "home_form_score": 0.167,
        "away_form_score": 1.0,
        "home_record": "0-1-2",
        "away_record": "3-0-0",
        "home_record_score": 0.0,
        "away_record_score": 1.0,
        "ml_home_close": null,
        "draw_ml": null,
        "home_ml_implied": null,
        "draw_implied": null,
        "home_true_prob": null,
        "draw_true_prob": null,
        "away_true_prob": null,
        "spread_home_line": "",
        "spread_home_close_odds": "",
        "spread_movement_score": 0.0,
        "total_over_close": "",
        "total_under_close": "",
        "odds_data_available": false
      },
      {
        "name": "阿拉维斯 vs 奥萨苏纳",
        "status": "STATUS_FULL_TIME",
        "completed": true,
        "kickoff_utc": "2026-09-06T16:30:00Z",
        "time_to_kickoff_h": -501.0,
        "home": "阿拉维斯",
        "away": "奥萨苏纳",
        "home_en": "Deportivo Alavés",
        "away_en": "CA Osasuna",
        "home_abbr": "UNK",
        "away_abbr": "UNK",
        "score": "5-2",
        "home_form": "WDW",
        "away_form": "DWW",
        "home_form_score": 0.833,
        "away_form_score": 0.833,
        "home_record": "2-1-0",
        "away_record": "2-1-0",
        "home_record_score": 0.667,
        "away_record_score": 0.667,
        "ml_home_close": null,
        "draw_ml": null,
        "home_ml_implied": null,
        "draw_implied": null,
        "home_true_prob": null,
        "draw_true_prob": null,
        "away_true_prob": null,
        "spread_home_line": "",
        "spread_home_close_odds": "",
        "spread_movement_score": 0.0,
        "total_over_close": "",
        "total_under_close": "",
        "odds_data_available": false
      },
      {
        "name": "马拉加 vs 莱万特",
        "status": "STATUS_FULL_TIME",
        "completed": true,
        "kickoff_utc": "2026-09-06T16:30:00Z",
        "time_to_kickoff_h": -501.0,
        "home": "马拉加",
        "away": "莱万特",
        "home_en": "Málaga CF",
        "away_en": "Levante UD",
        "home_abbr": "UNK",
        "away_abbr": "UNK",
        "score": "0-0",
        "home_form": "LDL",
        "away_form": "LDW",
        "home_form_score": 0.167,
        "away_form_score": 0.5,
        "home_record": "0-1-2",
        "away_record": "1-1-1",
        "home_record_score": 0.0,
        "away_record_score": 0.333,
        "ml_home_close": null,
        "draw_ml": null,
        "home_ml_implied": null,
        "draw_implied": null,
        "home_true_prob": null,
        "draw_true_prob": null,
        "away_true_prob": null,
        "spread_home_line": "",
        "spread_home_close_odds": "",
        "spread_movement_score": 0.0,
        "total_over_close": "",
        "total_under_close": "",
        "odds_data_available": false
      },
      {
        "name": "西班牙人 vs 塞维利亚",
        "status": "STATUS_FULL_TIME",
        "completed": true,
        "kickoff_utc": "2026-09-06T19:00:00Z",
        "time_to_kickoff_h": -498.5,
        "home": "西班牙人",
        "away": "塞维利亚",
        "home_en": "RCD Espanyol de Barcelona",
        "away_en": "Sevilla FC",
        "home_abbr": "UNK",
        "away_abbr": "UNK",
        "score": "1-1",
        "home_form": "WLL",
        "away_form": "WWL",
        "home_form_score": 0.333,
        "away_form_score": 0.667,
        "home_record": "1-0-2",
        "away_record": "2-0-1",
        "home_record_score": 0.333,
        "away_record_score": 0.667,
        "ml_home_close": null,
        "draw_ml": null,
        "home_ml_implied": null,
        "draw_implied": null,
        "home_true_prob": null,
        "draw_true_prob": null,
        "away_true_prob": null,
        "spread_home_line": "",
        "spread_home_close_odds": "",
        "spread_movement_score": 0.0,
        "total_over_close": "",
        "total_under_close": "",
        "odds_data_available": false
      },
      {
        "name": "赫塔菲 vs 维戈塞尔塔",
        "status": "STATUS_FULL_TIME",
        "completed": true,
        "kickoff_utc": "2026-09-07T17:00:00Z",
        "time_to_kickoff_h": -476.5,
        "home": "赫塔菲",
        "away": "维戈塞尔塔",
        "home_en": "Getafe CF",
        "away_en": "RC Celta de Vigo",
        "home_abbr": "UNK",
        "away_abbr": "UNK",
        "score": "1-1",
        "home_form": "LWL",
        "away_form": "DLLD",
        "home_form_score": 0.333,
        "away_form_score": 0.25,
        "home_record": "1-0-2",
        "away_record": "0-2-2",
        "home_record_score": 0.333,
        "away_record_score": 0.0,
        "ml_home_close": null,
        "draw_ml": null,
        "home_ml_implied": null,
        "draw_implied": null,
        "home_true_prob": null,
        "draw_true_prob": null,
        "away_true_prob": null,
        "spread_home_line": "",
        "spread_home_close_odds": "",
        "spread_movement_score": 0.0,
        "total_over_close": "",
        "total_under_close": "",
        "odds_data_available": false
      },
      {
        "name": "埃尔切 vs 皇家社会",
        "status": "STATUS_FULL_TIME",
        "completed": true,
        "kickoff_utc": "2026-09-07T19:30:00Z",
        "time_to_kickoff_h": -474.0,
        "home": "埃尔切",
        "away": "皇家社会",
        "home_en": "Elche CF",
        "away_en": "Real Sociedad de Fútbol",
        "home_abbr": "UNK",
        "away_abbr": "UNK",
        "score": "2-3",
        "home_form": "DLL",
        "away_form": "LLWD",
        "home_form_score": 0.167,
        "away_form_score": 0.375,
        "home_record": "0-1-2",
        "away_record": "1-1-2",
        "home_record_score": 0.0,
        "away_record_score": 0.25,
        "ml_home_close": null,
        "draw_ml": null,
        "home_ml_implied": null,
        "draw_implied": null,
        "home_true_prob": null,
        "draw_true_prob": null,
        "away_true_prob": null,
        "spread_home_line": "",
        "spread_home_close_odds": "",
        "spread_movement_score": 0.0,
        "total_over_close": "",
        "total_under_close": "",
        "odds_data_available": false
      },
      {
        "name": "塞维利亚 vs 瓦伦西亚",
        "status": "STATUS_FULL_TIME",
        "completed": true,
        "kickoff_utc": "2026-09-11T19:00:00Z",
        "time_to_kickoff_h": -378.5,
        "home": "塞维利亚",
        "away": "瓦伦西亚",
        "home_en": "Sevilla FC",
        "away_en": "Valencia CF",
        "home_abbr": "UNK",
        "away_abbr": "UNK",
        "score": "1-0",
        "home_form": "WWLD",
        "away_form": "DLLL",
        "home_form_score": 0.625,
        "away_form_score": 0.125,
        "home_record": "2-1-1",
        "away_record": "0-1-3",
        "home_record_score": 0.5,
        "away_record_score": 0.0,
        "ml_home_close": null,
        "draw_ml": null,
        "home_ml_implied": null,
        "draw_implied": null,
        "home_true_prob": null,
        "draw_true_prob": null,
        "away_true_prob": null,
        "spread_home_line": "",
        "spread_home_close_odds": "",
        "spread_movement_score": 0.0,
        "total_over_close": "",
        "total_under_close": "",
        "odds_data_available": false
      },
      {
        "name": "桑坦德竞技 vs 阿拉维斯",
        "status": "STATUS_FULL_TIME",
        "completed": true,
        "kickoff_utc": "2026-09-12T12:00:00Z",
        "time_to_kickoff_h": -361.5,
        "home": "桑坦德竞技",
        "away": "阿拉维斯",
        "home_en": "Real Racing Club de Santander",
        "away_en": "Deportivo Alavés",
        "home_abbr": "UNK",
        "away_abbr": "UNK",
        "score": "2-1",
        "home_form": "DLWL",
        "away_form": "WDWW",
        "home_form_score": 0.375,
        "away_form_score": 0.875,
        "home_record": "1-1-2",
        "away_record": "3-1-0",
        "home_record_score": 0.25,
        "away_record_score": 0.75,
        "ml_home_close": null,
        "draw_ml": null,
        "home_ml_implied": null,
        "draw_implied": null,
        "home_true_prob": null,
        "draw_true_prob": null,
        "away_true_prob": null,
        "spread_home_line": "",
        "spread_home_close_odds": "",
        "spread_movement_score": 0.0,
        "total_over_close": "",
        "total_under_close": "",
        "odds_data_available": false
      },
      {
        "name": "奥萨苏纳 vs 西班牙人",
        "status": "STATUS_FULL_TIME",
        "completed": true,
        "kickoff_utc": "2026-09-12T14:15:00Z",
        "time_to_kickoff_h": -359.2,
        "home": "奥萨苏纳",
        "away": "西班牙人",
        "home_en": "CA Osasuna",
        "away_en": "RCD Espanyol de Barcelona",
        "home_abbr": "UNK",
        "away_abbr": "UNK",
        "score": "0-2",
        "home_form": "DWWL",
        "away_form": "WLLD",
        "home_form_score": 0.625,
        "away_form_score": 0.375,
        "home_record": "2-1-1",
        "away_record": "1-1-2",
        "home_record_score": 0.5,
        "away_record_score": 0.25,
        "ml_home_close": null,
        "draw_ml": null,
        "home_ml_implied": null,
        "draw_implied": null,
        "home_true_prob": null,
        "draw_true_prob": null,
        "away_true_prob": null,
        "spread_home_line": "",
        "spread_home_close_odds": "",
        "spread_movement_score": 0.0,
        "total_over_close": "",
        "total_under_close": "",
        "odds_data_available": false
      },
      {
        "name": "毕尔巴鄂竞技 vs 埃尔切",
        "status": "STATUS_FULL_TIME",
        "completed": true,
        "kickoff_utc": "2026-09-12T16:30:00Z",
        "time_to_kickoff_h": -357.0,
        "home": "毕尔巴鄂竞技",
        "away": "埃尔切",
        "home_en": "Athletic Club",
        "away_en": "Elche CF",
        "home_abbr": "UNK",
        "away_abbr": "UNK",
        "score": "1-1",
        "home_form": "LLWW",
        "away_form": "DLLL",
        "home_form_score": 0.5,
        "away_form_score": 0.125,
        "home_record": "2-0-2",
        "away_record": "0-1-3",
        "home_record_score": 0.5,
        "away_record_score": 0.0,
        "ml_home_close": null,
        "draw_ml": null,
        "home_ml_implied": null,
        "draw_implied": null,
        "home_true_prob": null,
        "draw_true_prob": null,
        "away_true_prob": null,
        "spread_home_line": "",
        "spread_home_close_odds": "",
        "spread_movement_score": 0.0,
        "total_over_close": "",
        "total_under_close": "",
        "odds_data_available": false
      },
      {
        "name": "皇家马德里 vs 巴列卡诺",
        "status": "STATUS_FULL_TIME",
        "completed": true,
        "kickoff_utc": "2026-09-12T19:00:00Z",
        "time_to_kickoff_h": -354.5,
        "home": "皇家马德里",
        "away": "巴列卡诺",
        "home_en": "Real Madrid CF",
        "away_en": "Rayo Vallecano de Madrid",
        "home_abbr": "UNK",
        "away_abbr": "UNK",
        "score": "4-1",
        "home_form": "WWWL",
        "away_form": "LDLW",
        "home_form_score": 0.75,
        "away_form_score": 0.375,
        "home_record": "3-0-1",
        "away_record": "1-1-2",
        "home_record_score": 0.75,
        "away_record_score": 0.25,
        "ml_home_close": null,
        "draw_ml": null,
        "home_ml_implied": null,
        "draw_implied": null,
        "home_true_prob": null,
        "draw_true_prob": null,
        "away_true_prob": null,
        "spread_home_line": "",
        "spread_home_close_odds": "",
        "spread_movement_score": 0.0,
        "total_over_close": "",
        "total_under_close": "",
        "odds_data_available": false
      },
      {
        "name": "维戈塞尔塔 vs 马拉加",
        "status": "STATUS_FULL_TIME",
        "completed": true,
        "kickoff_utc": "2026-09-13T12:00:00Z",
        "time_to_kickoff_h": -337.5,
        "home": "维戈塞尔塔",
        "away": "马拉加",
        "home_en": "RC Celta de Vigo",
        "away_en": "Málaga CF",
        "home_abbr": "UNK",
        "away_abbr": "UNK",
        "score": "1-1",
        "home_form": "DLLDD",
        "away_form": "LDLD",
        "home_form_score": 0.3,
        "away_form_score": 0.25,
        "home_record": "0-3-2",
        "away_record": "0-2-2",
        "home_record_score": 0.0,
        "away_record_score": 0.0,
        "ml_home_close": null,
        "draw_ml": null,
        "home_ml_implied": null,
        "draw_implied": null,
        "home_true_prob": null,
        "draw_true_prob": null,
        "away_true_prob": null,
        "spread_home_line": "",
        "spread_home_close_odds": "",
        "spread_movement_score": 0.0,
        "total_over_close": "",
        "total_under_close": "",
        "odds_data_available": false
      },
      {
        "name": "莱万特 vs 巴塞罗那",
        "status": "STATUS_FULL_TIME",
        "completed": true,
        "kickoff_utc": "2026-09-13T14:15:00Z",
        "time_to_kickoff_h": -335.2,
        "home": "莱万特",
        "away": "巴塞罗那",
        "home_en": "Levante UD",
        "away_en": "FC Barcelona",
        "home_abbr": "UNK",
        "away_abbr": "UNK",
        "score": "2-4",
        "home_form": "LDWD",
        "away_form": "WWWW",
        "home_form_score": 0.5,
        "away_form_score": 1.0,
        "home_record": "1-2-1",
        "away_record": "4-0-0",
        "home_record_score": 0.25,
        "away_record_score": 1.0,
        "ml_home_close": null,
        "draw_ml": null,
        "home_ml_implied": null,
        "draw_implied": null,
        "home_true_prob": null,
        "draw_true_prob": null,
        "away_true_prob": null,
        "spread_home_line": "",
        "spread_home_close_odds": "",
        "spread_movement_score": 0.0,
        "total_over_close": "",
        "total_under_close": "",
        "odds_data_available": false
      },
      {
        "name": "赫塔菲 vs 拉科鲁尼亚",
        "status": "STATUS_FULL_TIME",
        "completed": true,
        "kickoff_utc": "2026-09-13T16:30:00Z",
        "time_to_kickoff_h": -333.0,
        "home": "赫塔菲",
        "away": "拉科鲁尼亚",
        "home_en": "Getafe CF",
        "away_en": "RC Deportivo La Coruña",
        "home_abbr": "UNK",
        "away_abbr": "UNK",
        "score": "1-1",
        "home_form": "LWLD",
        "away_form": "DDWW",
        "home_form_score": 0.375,
        "away_form_score": 0.75,
        "home_record": "1-1-2",
        "away_record": "2-2-0",
        "home_record_score": 0.25,
        "away_record_score": 0.5,
        "ml_home_close": null,
        "draw_ml": null,
        "home_ml_implied": null,
        "draw_implied": null,
        "home_true_prob": null,
        "draw_true_prob": null,
        "away_true_prob": null,
        "spread_home_line": "",
        "spread_home_close_odds": "",
        "spread_movement_score": 0.0,
        "total_over_close": "",
        "total_under_close": "",
        "odds_data_available": false
      },
      {
        "name": "皇家社会 vs 马德里竞技",
        "status": "STATUS_FULL_TIME",
        "completed": true,
        "kickoff_utc": "2026-09-13T19:00:00Z",
        "time_to_kickoff_h": -330.5,
        "home": "皇家社会",
        "away": "马德里竞技",
        "home_en": "Real Sociedad de Fútbol",
        "away_en": "Club Atlético de Madrid",
        "home_abbr": "UNK",
        "away_abbr": "UNK",
        "score": "0-3",
        "home_form": "LLWDW",
        "away_form": "WDWL",
        "home_form_score": 0.5,
        "away_form_score": 0.625,
        "home_record": "2-1-2",
        "away_record": "2-1-1",
        "home_record_score": 0.4,
        "away_record_score": 0.5,
        "ml_home_close": null,
        "draw_ml": null,
        "home_ml_implied": null,
        "draw_implied": null,
        "home_true_prob": null,
        "draw_true_prob": null,
        "away_true_prob": null,
        "spread_home_line": "",
        "spread_home_close_odds": "",
        "spread_movement_score": 0.0,
        "total_over_close": "",
        "total_under_close": "",
        "odds_data_available": false
      },
      {
        "name": "比利亚雷亚尔 vs 皇家贝蒂斯",
        "status": "STATUS_FULL_TIME",
        "completed": true,
        "kickoff_utc": "2026-09-14T19:00:00Z",
        "time_to_kickoff_h": -306.5,
        "home": "比利亚雷亚尔",
        "away": "皇家贝蒂斯",
        "home_en": "Villarreal CF",
        "away_en": "Real Betis Balompié",
        "home_abbr": "UNK",
        "away_abbr": "UNK",
        "score": "1-2",
        "home_form": "DDLL",
        "away_form": "WWLW",
        "home_form_score": 0.25,
        "away_form_score": 0.75,
        "home_record": "0-2-2",
        "away_record": "3-0-1",
        "home_record_score": 0.0,
        "away_record_score": 0.75,
        "ml_home_close": null,
        "draw_ml": null,
        "home_ml_implied": null,
        "draw_implied": null,
        "home_true_prob": null,
        "draw_true_prob": null,
        "away_true_prob": null,
        "spread_home_line": "",
        "spread_home_close_odds": "",
        "spread_movement_score": 0.0,
        "total_over_close": "",
        "total_under_close": "",
        "odds_data_available": false
      },
      {
        "name": "巴列卡诺 vs 西班牙人",
        "status": "STATUS_FULL_TIME",
        "completed": true,
        "kickoff_utc": "2026-09-15T17:00:00Z",
        "time_to_kickoff_h": -284.5,
        "home": "巴列卡诺",
        "away": "西班牙人",
        "home_en": "Rayo Vallecano de Madrid",
        "away_en": "RCD Espanyol de Barcelona",
        "home_abbr": "UNK",
        "away_abbr": "UNK",
        "score": "2-1",
        "home_form": "LDLWL",
        "away_form": "WLLDW",
        "home_form_score": 0.3,
        "away_form_score": 0.5,
        "home_record": "1-1-3",
        "away_record": "2-1-2",
        "home_record_score": 0.2,
        "away_record_score": 0.4,
        "ml_home_close": null,
        "draw_ml": null,
        "home_ml_implied": null,
        "draw_implied": null,
        "home_true_prob": null,
        "draw_true_prob": null,
        "away_true_prob": null,
        "spread_home_line": "",
        "spread_home_close_odds": "",
        "spread_movement_score": 0.0,
        "total_over_close": "",
        "total_under_close": "",
        "odds_data_available": false
      },
      {
        "name": "阿拉维斯 vs 瓦伦西亚",
        "status": "STATUS_FULL_TIME",
        "completed": true,
        "kickoff_utc": "2026-09-15T18:00:00Z",
        "time_to_kickoff_h": -283.5,
        "home": "阿拉维斯",
        "away": "瓦伦西亚",
        "home_en": "Deportivo Alavés",
        "away_en": "Valencia CF",
        "home_abbr": "UNK",
        "away_abbr": "UNK",
        "score": "0-1",
        "home_form": "WDWWL",
        "away_form": "DLLLL",
        "home_form_score": 0.7,
        "away_form_score": 0.1,
        "home_record": "3-1-1",
        "away_record": "0-1-4",
        "home_record_score": 0.6,
        "away_record_score": 0.0,
        "ml_home_close": null,
        "draw_ml": null,
        "home_ml_implied": null,
        "draw_implied": null,
        "home_true_prob": null,
        "draw_true_prob": null,
        "away_true_prob": null,
        "spread_home_line": "",
        "spread_home_close_odds": "",
        "spread_movement_score": 0.0,
        "total_over_close": "",
        "total_under_close": "",
        "odds_data_available": false
      },
      {
        "name": "埃尔切 vs 皇家马德里",
        "status": "STATUS_FULL_TIME",
        "completed": true,
        "kickoff_utc": "2026-09-15T19:30:00Z",
        "time_to_kickoff_h": -282.0,
        "home": "埃尔切",
        "away": "皇家马德里",
        "home_en": "Elche CF",
        "away_en": "Real Madrid CF",
        "home_abbr": "UNK",
        "away_abbr": "UNK",
        "score": "2-3",
        "home_form": "DLLLD",
        "away_form": "WWWLW",
        "home_form_score": 0.2,
        "away_form_score": 0.8,
        "home_record": "0-2-3",
        "away_record": "4-0-1",
        "home_record_score": 0.0,
        "away_record_score": 0.8,
        "ml_home_close": null,
        "draw_ml": null,
        "home_ml_implied": null,
        "draw_implied": null,
        "home_true_prob": null,
        "draw_true_prob": null,
        "away_true_prob": null,
        "spread_home_line": "",
        "spread_home_close_odds": "",
        "spread_movement_score": 0.0,
        "total_over_close": "",
        "total_under_close": "",
        "odds_data_available": false
      },
      {
        "name": "拉科鲁尼亚 vs 塞维利亚",
        "status": "STATUS_FULL_TIME",
        "completed": true,
        "kickoff_utc": "2026-09-16T17:00:00Z",
        "time_to_kickoff_h": -260.5,
        "home": "拉科鲁尼亚",
        "away": "塞维利亚",
        "home_en": "RC Deportivo La Coruña",
        "away_en": "Sevilla FC",
        "home_abbr": "UNK",
        "away_abbr": "UNK",
        "score": "0-1",
        "home_form": "DDWWD",
        "away_form": "WWLDW",
        "home_form_score": 0.7,
        "away_form_score": 0.7,
        "home_record": "2-3-0",
        "away_record": "3-1-1",
        "home_record_score": 0.4,
        "away_record_score": 0.6,
        "ml_home_close": null,
        "draw_ml": null,
        "home_ml_implied": null,
        "draw_implied": null,
        "home_true_prob": null,
        "draw_true_prob": null,
        "away_true_prob": null,
        "spread_home_line": "",
        "spread_home_close_odds": "",
        "spread_movement_score": 0.0,
        "total_over_close": "",
        "total_under_close": "",
        "odds_data_available": false
      },
      {
        "name": "马德里竞技 vs 奥萨苏纳",
        "status": "STATUS_FULL_TIME",
        "completed": true,
        "kickoff_utc": "2026-09-16T17:00:00Z",
        "time_to_kickoff_h": -260.5,
        "home": "马德里竞技",
        "away": "奥萨苏纳",
        "home_en": "Club Atlético de Madrid",
        "away_en": "CA Osasuna",
        "home_abbr": "UNK",
        "away_abbr": "UNK",
        "score": "4-0",
        "home_form": "WDWLW",
        "away_form": "DWWLL",
        "home_form_score": 0.7,
        "away_form_score": 0.5,
        "home_record": "3-1-1",
        "away_record": "2-1-2",
        "home_record_score": 0.6,
        "away_record_score": 0.4,
        "ml_home_close": null,
        "draw_ml": null,
        "home_ml_implied": null,
        "draw_implied": null,
        "home_true_prob": null,
        "draw_true_prob": null,
        "away_true_prob": null,
        "spread_home_line": "",
        "spread_home_close_odds": "",
        "spread_movement_score": 0.0,
        "total_over_close": "",
        "total_under_close": "",
        "odds_data_available": false
      },
      {
        "name": "巴塞罗那 vs 桑坦德竞技",
        "status": "STATUS_FULL_TIME",
        "completed": true,
        "kickoff_utc": "2026-09-16T19:30:00Z",
        "time_to_kickoff_h": -258.0,
        "home": "巴塞罗那",
        "away": "桑坦德竞技",
        "home_en": "FC Barcelona",
        "away_en": "Real Racing Club de Santander",
        "home_abbr": "UNK",
        "away_abbr": "UNK",
        "score": "7-2",
        "home_form": "WWWWW",
        "away_form": "DLWLW",
        "home_form_score": 1.0,
        "away_form_score": 0.5,
        "home_record": "5-0-0",
        "away_record": "2-1-2",
        "home_record_score": 1.0,
        "away_record_score": 0.4,
        "ml_home_close": null,
        "draw_ml": null,
        "home_ml_implied": null,
        "draw_implied": null,
        "home_true_prob": null,
        "draw_true_prob": null,
        "away_true_prob": null,
        "spread_home_line": "",
        "spread_home_close_odds": "",
        "spread_movement_score": 0.0,
        "total_over_close": "",
        "total_under_close": "",
        "odds_data_available": false
      },
      {
        "name": "皇家贝蒂斯 vs 赫塔菲",
        "status": "STATUS_FULL_TIME",
        "completed": true,
        "kickoff_utc": "2026-09-17T17:00:00Z",
        "time_to_kickoff_h": -236.5,
        "home": "皇家贝蒂斯",
        "away": "赫塔菲",
        "home_en": "Real Betis Balompié",
        "away_en": "Getafe CF",
        "home_abbr": "UNK",
        "away_abbr": "UNK",
        "score": "1-0",
        "home_form": "WWLWW",
        "away_form": "LWLDD",
        "home_form_score": 0.8,
        "away_form_score": 0.4,
        "home_record": "4-0-1",
        "away_record": "1-2-2",
        "home_record_score": 0.8,
        "away_record_score": 0.2,
        "ml_home_close": null,
        "draw_ml": null,
        "home_ml_implied": null,
        "draw_implied": null,
        "home_true_prob": null,
        "draw_true_prob": null,
        "away_true_prob": null,
        "spread_home_line": "",
        "spread_home_close_odds": "",
        "spread_movement_score": 0.0,
        "total_over_close": "",
        "total_under_close": "",
        "odds_data_available": false
      },
      {
        "name": "马拉加 vs 比利亚雷亚尔",
        "status": "STATUS_FULL_TIME",
        "completed": true,
        "kickoff_utc": "2026-09-17T19:30:00Z",
        "time_to_kickoff_h": -234.0,
        "home": "马拉加",
        "away": "比利亚雷亚尔",
        "home_en": "Málaga CF",
        "away_en": "Villarreal CF",
        "home_abbr": "UNK",
        "away_abbr": "UNK",
        "score": "1-3",
        "home_form": "LDLDD",
        "away_form": "DDLLL",
        "home_form_score": 0.3,
        "away_form_score": 0.2,
        "home_record": "0-3-2",
        "away_record": "0-2-3",
        "home_record_score": 0.0,
        "away_record_score": 0.0,
        "ml_home_close": null,
        "draw_ml": null,
        "home_ml_implied": null,
        "draw_implied": null,
        "home_true_prob": null,
        "draw_true_prob": null,
        "away_true_prob": null,
        "spread_home_line": "",
        "spread_home_close_odds": "",
        "spread_movement_score": 0.0,
        "total_over_close": "",
        "total_under_close": "",
        "odds_data_available": false
      },
      {
        "name": "西班牙人 vs 埃尔切",
        "status": "STATUS_FULL_TIME",
        "completed": true,
        "kickoff_utc": "2026-09-18T19:00:00Z",
        "time_to_kickoff_h": -210.5,
        "home": "西班牙人",
        "away": "埃尔切",
        "home_en": "RCD Espanyol de Barcelona",
        "away_en": "Elche CF",
        "home_abbr": "UNK",
        "away_abbr": "UNK",
        "score": "1-3",
        "home_form": "LLDWL",
        "away_form": "LLLDL",
        "home_form_score": 0.3,
        "away_form_score": 0.1,
        "home_record": "1-1-3",
        "away_record": "0-1-4",
        "home_record_score": 0.2,
        "away_record_score": 0.0,
        "ml_home_close": null,
        "draw_ml": null,
        "home_ml_implied": null,
        "draw_implied": null,
        "home_true_prob": null,
        "draw_true_prob": null,
        "away_true_prob": null,
        "spread_home_line": "",
        "spread_home_close_odds": "",
        "spread_movement_score": 0.0,
        "total_over_close": "",
        "total_under_close": "",
        "odds_data_available": false
      },
      {
        "name": "奥萨苏纳 vs 巴列卡诺",
        "status": "STATUS_FULL_TIME",
        "completed": true,
        "kickoff_utc": "2026-09-19T12:00:00Z",
        "time_to_kickoff_h": -193.5,
        "home": "奥萨苏纳",
        "away": "巴列卡诺",
        "home_en": "CA Osasuna",
        "away_en": "Rayo Vallecano de Madrid",
        "home_abbr": "UNK",
        "away_abbr": "UNK",
        "score": "1-1",
        "home_form": "WWLLL",
        "away_form": "DLWLW",
        "home_form_score": 0.4,
        "away_form_score": 0.5,
        "home_record": "2-0-3",
        "away_record": "2-1-2",
        "home_record_score": 0.4,
        "away_record_score": 0.4,
        "ml_home_close": null,
        "draw_ml": null,
        "home_ml_implied": null,
        "draw_implied": null,
        "home_true_prob": null,
        "draw_true_prob": null,
        "away_true_prob": null,
        "spread_home_line": "",
        "spread_home_close_odds": "",
        "spread_movement_score": 0.0,
        "total_over_close": "",
        "total_under_close": "",
        "odds_data_available": false
      },
      {
        "name": "毕尔巴鄂竞技 vs 阿拉维斯",
        "status": "STATUS_FULL_TIME",
        "completed": true,
        "kickoff_utc": "2026-09-19T14:15:00Z",
        "time_to_kickoff_h": -191.2,
        "home": "毕尔巴鄂竞技",
        "away": "阿拉维斯",
        "home_en": "Athletic Club",
        "away_en": "Deportivo Alavés",
        "home_abbr": "UNK",
        "away_abbr": "UNK",
        "score": "0-0",
        "home_form": "LLWWD",
        "away_form": "DWWLL",
        "home_form_score": 0.5,
        "away_form_score": 0.5,
        "home_record": "2-1-2",
        "away_record": "2-1-2",
        "home_record_score": 0.4,
        "away_record_score": 0.4,
        "ml_home_close": null,
        "draw_ml": null,
        "home_ml_implied": null,
        "draw_implied": null,
        "home_true_prob": null,
        "draw_true_prob": null,
        "away_true_prob": null,
        "spread_home_line": "",
        "spread_home_close_odds": "",
        "spread_movement_score": 0.0,
        "total_over_close": "",
        "total_under_close": "",
        "odds_data_available": false
      },
      {
        "name": "维戈塞尔塔 vs 桑坦德竞技",
        "status": "STATUS_FULL_TIME",
        "completed": true,
        "kickoff_utc": "2026-09-19T16:30:00Z",
        "time_to_kickoff_h": -189.0,
        "home": "维戈塞尔塔",
        "away": "桑坦德竞技",
        "home_en": "RC Celta de Vigo",
        "away_en": "Real Racing Club de Santander",
        "home_abbr": "UNK",
        "away_abbr": "UNK",
        "score": "5-0",
        "home_form": "LLDDD",
        "away_form": "LWLWL",
        "home_form_score": 0.3,
        "away_form_score": 0.4,
        "home_record": "0-3-2",
        "away_record": "2-0-3",
        "home_record_score": 0.0,
        "away_record_score": 0.4,
        "ml_home_close": null,
        "draw_ml": null,
        "home_ml_implied": null,
        "draw_implied": null,
        "home_true_prob": null,
        "draw_true_prob": null,
        "away_true_prob": null,
        "spread_home_line": "",
        "spread_home_close_odds": "",
        "spread_movement_score": 0.0,
        "total_over_close": "",
        "total_under_close": "",
        "odds_data_available": false
      },
      {
        "name": "塞维利亚 vs 巴塞罗那",
        "status": "STATUS_FULL_TIME",
        "completed": true,
        "kickoff_utc": "2026-09-19T19:00:00Z",
        "time_to_kickoff_h": -186.5,
        "home": "塞维利亚",
        "away": "巴塞罗那",
        "home_en": "Sevilla FC",
        "away_en": "FC Barcelona",
        "home_abbr": "UNK",
        "away_abbr": "UNK",
        "score": "1-3",
        "home_form": "WLDWW",
        "away_form": "WWWWW",
        "home_form_score": 0.7,
        "away_form_score": 1.0,
        "home_record": "3-1-1",
        "away_record": "5-0-0",
        "home_record_score": 0.6,
        "away_record_score": 1.0,
        "ml_home_close": null,
        "draw_ml": null,
        "home_ml_implied": null,
        "draw_implied": null,
        "home_true_prob": null,
        "draw_true_prob": null,
        "away_true_prob": null,
        "spread_home_line": "",
        "spread_home_close_odds": "",
        "spread_movement_score": 0.0,
        "total_over_close": "",
        "total_under_close": "",
        "odds_data_available": false
      },
      {
        "name": "赫塔菲 vs 马拉加",
        "status": "STATUS_FULL_TIME",
        "completed": true,
        "kickoff_utc": "2026-09-20T12:00:00Z",
        "time_to_kickoff_h": -169.5,
        "home": "赫塔菲",
        "away": "马拉加",
        "home_en": "Getafe CF",
        "away_en": "Málaga CF",
        "home_abbr": "UNK",
        "away_abbr": "UNK",
        "score": "1-0",
        "home_form": "WLDDL",
        "away_form": "DLDDL",
        "home_form_score": 0.4,
        "away_form_score": 0.3,
        "home_record": "1-2-2",
        "away_record": "0-3-2",
        "home_record_score": 0.2,
        "away_record_score": 0.0,
        "ml_home_close": null,
        "draw_ml": null,
        "home_ml_implied": null,
        "draw_implied": null,
        "home_true_prob": null,
        "draw_true_prob": null,
        "away_true_prob": null,
        "spread_home_line": "",
        "spread_home_close_odds": "",
        "spread_movement_score": 0.0,
        "total_over_close": "",
        "total_under_close": "",
        "odds_data_available": false
      },
      {
        "name": "马德里竞技 vs 皇家马德里",
        "status": "STATUS_FULL_TIME",
        "completed": true,
        "kickoff_utc": "2026-09-20T14:15:00Z",
        "time_to_kickoff_h": -167.2,
        "home": "马德里竞技",
        "away": "皇家马德里",
        "home_en": "Club Atlético de Madrid",
        "away_en": "Real Madrid CF",
        "home_abbr": "UNK",
        "away_abbr": "UNK",
        "score": "2-1",
        "home_form": "DWLWW",
        "away_form": "WWLWW",
        "home_form_score": 0.7,
        "away_form_score": 0.8,
        "home_record": "3-1-1",
        "away_record": "4-0-1",
        "home_record_score": 0.6,
        "away_record_score": 0.8,
        "ml_home_close": null,
        "draw_ml": null,
        "home_ml_implied": null,
        "draw_implied": null,
        "home_true_prob": null,
        "draw_true_prob": null,
        "away_true_prob": null,
        "spread_home_line": "",
        "spread_home_close_odds": "",
        "spread_movement_score": 0.0,
        "total_over_close": "",
        "total_under_close": "",
        "odds_data_available": false
      },
      {
        "name": "拉科鲁尼亚 vs 皇家贝蒂斯",
        "status": "STATUS_FULL_TIME",
        "completed": true,
        "kickoff_utc": "2026-09-20T16:30:00Z",
        "time_to_kickoff_h": -165.0,
        "home": "拉科鲁尼亚",
        "away": "皇家贝蒂斯",
        "home_en": "RC Deportivo La Coruña",
        "away_en": "Real Betis Balompié",
        "home_abbr": "UNK",
        "away_abbr": "UNK",
        "score": "1-1",
        "home_form": "DWWDL",
        "away_form": "WLWWW",
        "home_form_score": 0.6,
        "away_form_score": 0.8,
        "home_record": "2-2-1",
        "away_record": "4-0-1",
        "home_record_score": 0.4,
        "away_record_score": 0.8,
        "ml_home_close": null,
        "draw_ml": null,
        "home_ml_implied": null,
        "draw_implied": null,
        "home_true_prob": null,
        "draw_true_prob": null,
        "away_true_prob": null,
        "spread_home_line": "",
        "spread_home_close_odds": "",
        "spread_movement_score": 0.0,
        "total_over_close": "",
        "total_under_close": "",
        "odds_data_available": false
      },
      {
        "name": "比利亚雷亚尔 vs 莱万特",
        "status": "STATUS_FULL_TIME",
        "completed": true,
        "kickoff_utc": "2026-09-20T16:30:00Z",
        "time_to_kickoff_h": -165.0,
        "home": "比利亚雷亚尔",
        "away": "莱万特",
        "home_en": "Villarreal CF",
        "away_en": "Levante UD",
        "home_abbr": "UNK",
        "away_abbr": "UNK",
        "score": "3-1",
        "home_form": "DLLLW",
        "away_form": "LDWDL",
        "home_form_score": 0.3,
        "away_form_score": 0.4,
        "home_record": "1-1-3",
        "away_record": "1-2-2",
        "home_record_score": 0.2,
        "away_record_score": 0.2,
        "ml_home_close": null,
        "draw_ml": null,
        "home_ml_implied": null,
        "draw_implied": null,
        "home_true_prob": null,
        "draw_true_prob": null,
        "away_true_prob": null,
        "spread_home_line": "",
        "spread_home_close_odds": "",
        "spread_movement_score": 0.0,
        "total_over_close": "",
        "total_under_close": "",
        "odds_data_available": false
      },
      {
        "name": "瓦伦西亚 vs 皇家社会",
        "status": "STATUS_FULL_TIME",
        "completed": true,
        "kickoff_utc": "2026-09-20T19:00:00Z",
        "time_to_kickoff_h": -162.5,
        "home": "瓦伦西亚",
        "away": "皇家社会",
        "home_en": "Valencia CF",
        "away_en": "Real Sociedad de Fútbol",
        "home_abbr": "UNK",
        "away_abbr": "UNK",
        "score": "2-3",
        "home_form": "LLLLW",
        "away_form": "LWDWL",
        "home_form_score": 0.2,
        "away_form_score": 0.5,
        "home_record": "1-0-4",
        "away_record": "2-1-2",
        "home_record_score": 0.2,
        "away_record_score": 0.4,
        "ml_home_close": null,
        "draw_ml": null,
        "home_ml_implied": null,
        "draw_implied": null,
        "home_true_prob": null,
        "draw_true_prob": null,
        "away_true_prob": null,
        "spread_home_line": "",
        "spread_home_close_odds": "",
        "spread_movement_score": 0.0,
        "total_over_close": "",
        "total_under_close": "",
        "odds_data_available": false
      }
    ],
    "predictions": [
      {
        "direction": "马拉加 胜 (接近)",
        "stars": "1-star",
        "confidence_score": 0.162,
        "predicted_score": "0-1",
        "poisson_top3": [
          {
            "score": "0-1",
            "prob": 0.1871
          },
          {
            "score": "1-0",
            "prob": 0.1865
          },
          {
            "score": "1-2",
            "prob": 0.0731
          }
        ],
        "lambda_home": 1.08,
        "lambda_away": 1.09,
        "lambda_home_ci95": [
          0,
          3.5
        ],
        "lambda_away_ci95": [
          0,
          3.6
        ],
        "over_under": "Under 2.5",
        "btts": "No",
        "dixon_coles_used": true,
        "dixon_coles_rho": 0.469,
        "ml_model_used": true,
        "ml_proba": [
          0.2879,
          0.2924,
          0.4198
        ],
        "dixon_coles_league_rho": 0.22,
        "onside_signals": {
          "home": {
            "fifa_rank": 246,
            "fifa_score": 0.011,
            "league_footprint": 0.2,
            "host_advantage": 0.5,
            "confederation": 1.0,
            "onside_score": 0.318
          },
          "away": {
            "fifa_rank": 230,
            "fifa_score": 0.011,
            "league_footprint": 0.2,
            "host_advantage": 0.5,
            "confederation": 1.0,
            "onside_score": 0.318
          }
        },
        "confidence_note": null,
        "odds_data_available": true,
        "reasoning_factors": {
          "home_ml_true_prob": 0.364,
          "draw_true_prob": 0.301,
          "away_ml_true_prob": 0.335,
          "home_form_score": 0.2,
          "away_form_score": 0.3,
          "home_record_score": 0.0,
          "away_record_score": 0.2,
          "spread_movement": 0.0,
          "home_onside_score": 0.506,
          "away_onside_score": 0.494,
          "home_prob_weighted": 0.384,
          "draw_prob_weighted": 0.243,
          "away_prob_weighted": 0.373,
          "elo_home_expected": 0.573,
          "raw_lambda_home": 0.4013,
          "raw_lambda_away": 0.403
        },
        "match": "马拉加 vs 西班牙人",
        "home": "马拉加",
        "away": "西班牙人",
        "home_en": "Málaga CF",
        "away_en": "RCD Espanyol de Barcelona",
        "kickoff_utc": "2026-10-09T19:00:00Z",
        "data_window": "20260828-20261011"
      },
      {
        "direction": "毕尔巴鄂竞技 胜 (接近)",
        "stars": "1-star",
        "confidence_score": 0.167,
        "predicted_score": "0-1",
        "poisson_top3": [
          {
            "score": "0-1",
            "prob": 0.158
          },
          {
            "score": "1-0",
            "prob": 0.1538
          },
          {
            "score": "1-2",
            "prob": 0.0833
          }
        ],
        "lambda_home": 1.27,
        "lambda_away": 1.33,
        "lambda_home_ci95": [
          0,
          3.9
        ],
        "lambda_away_ci95": [
          0,
          4.0
        ],
        "over_under": "Under 2.5",
        "btts": "No",
        "dixon_coles_used": true,
        "dixon_coles_rho": 0.469,
        "ml_model_used": true,
        "ml_proba": [
          0.3791,
          0.2581,
          0.3627
        ],
        "dixon_coles_league_rho": 0.22,
        "onside_signals": {
          "home": {
            "fifa_rank": 206,
            "fifa_score": 0.011,
            "league_footprint": 0.2,
            "host_advantage": 0.5,
            "confederation": 1.0,
            "onside_score": 0.318
          },
          "away": {
            "fifa_rank": 184,
            "fifa_score": 0.016,
            "league_footprint": 0.2,
            "host_advantage": 0.5,
            "confederation": 1.0,
            "onside_score": 0.319
          }
        },
        "confidence_note": null,
        "odds_data_available": true,
        "reasoning_factors": {
          "home_ml_true_prob": 0.325,
          "draw_true_prob": 0.282,
          "away_ml_true_prob": 0.392,
          "home_form_score": 0.5,
          "away_form_score": 0.6,
          "home_record_score": 0.4,
          "away_record_score": 0.4,
          "spread_movement": 0.0,
          "home_onside_score": 0.505,
          "away_onside_score": 0.495,
          "home_prob_weighted": 0.383,
          "draw_prob_weighted": 0.232,
          "away_prob_weighted": 0.386,
          "elo_home_expected": 0.549,
          "raw_lambda_home": 0.4697,
          "raw_lambda_away": 0.4908
        },
        "match": "巴列卡诺 vs 毕尔巴鄂竞技",
        "home": "巴列卡诺",
        "away": "毕尔巴鄂竞技",
        "home_en": "Rayo Vallecano de Madrid",
        "away_en": "Athletic Club",
        "kickoff_utc": "2026-10-10T12:00:00Z",
        "data_window": "20260828-20261011"
      },
      {
        "direction": "马德里竞技 胜 (接近)",
        "stars": "1-star",
        "confidence_score": 0.306,
        "predicted_score": "0-1",
        "poisson_top3": [
          {
            "score": "0-1",
            "prob": 0.1545
          },
          {
            "score": "1-0",
            "prob": 0.125
          },
          {
            "score": "1-2",
            "prob": 0.0949
          }
        ],
        "lambda_home": 1.16,
        "lambda_away": 1.64,
        "lambda_home_ci95": [
          0,
          3.7
        ],
        "lambda_away_ci95": [
          0,
          4.5
        ],
        "over_under": "Under 2.5",
        "btts": "No",
        "dixon_coles_used": true,
        "dixon_coles_rho": 0.469,
        "ml_model_used": true,
        "ml_proba": [
          0.4403,
          0.1714,
          0.3883
        ],
        "dixon_coles_league_rho": 0.22,
        "onside_signals": {
          "home": {
            "fifa_rank": 200,
            "fifa_score": 0.011,
            "league_footprint": 0.2,
            "host_advantage": 0.5,
            "confederation": 1.0,
            "onside_score": 0.318
          },
          "away": {
            "fifa_rank": 150,
            "fifa_score": 0.035,
            "league_footprint": 0.2,
            "host_advantage": 0.5,
            "confederation": 1.0,
            "onside_score": 0.324
          }
        },
        "confidence_note": null,
        "odds_data_available": true,
        "reasoning_factors": {
          "home_ml_true_prob": 0.254,
          "draw_true_prob": 0.269,
          "away_ml_true_prob": 0.477,
          "home_form_score": 0.5,
          "away_form_score": 0.8,
          "home_record_score": 0.4,
          "away_record_score": 0.8,
          "spread_movement": 0.0,
          "home_onside_score": 0.501,
          "away_onside_score": 0.499,
          "home_prob_weighted": 0.354,
          "draw_prob_weighted": 0.215,
          "away_prob_weighted": 0.432,
          "elo_home_expected": 0.428,
          "raw_lambda_home": 0.428,
          "raw_lambda_away": 0.6069
        },
        "match": "阿拉维斯 vs 马德里竞技",
        "home": "阿拉维斯",
        "away": "马德里竞技",
        "home_en": "Deportivo Alavés",
        "away_en": "Club Atlético de Madrid",
        "kickoff_utc": "2026-10-10T14:15:00Z",
        "data_window": "20260828-20261011"
      },
      {
        "direction": "巴塞罗那 胜",
        "stars": "4-star",
        "confidence_score": 0.865,
        "predicted_score": "1-0",
        "poisson_top3": [
          {
            "score": "1-0",
            "prob": 0.1507
          },
          {
            "score": "2-0",
            "prob": 0.133
          },
          {
            "score": "3-0",
            "prob": 0.1034
          }
        ],
        "lambda_home": 2.33,
        "lambda_away": 0.69,
        "lambda_home_ci95": [
          0,
          5.6
        ],
        "lambda_away_ci95": [
          0,
          2.8
        ],
        "over_under": "Under 4.5",
        "btts": "No",
        "dixon_coles_used": true,
        "dixon_coles_rho": 0.469,
        "ml_model_used": true,
        "ml_proba": [
          0.7842,
          0.062,
          0.1537
        ],
        "dixon_coles_league_rho": 0.22,
        "onside_signals": {
          "home": {
            "fifa_rank": 100,
            "fifa_score": 0.108,
            "league_footprint": 0.4,
            "host_advantage": 0.5,
            "confederation": 1.0,
            "onside_score": 0.382
          },
          "away": {
            "fifa_rank": 219,
            "fifa_score": 0.011,
            "league_footprint": 0.2,
            "host_advantage": 0.5,
            "confederation": 1.0,
            "onside_score": 0.318
          }
        },
        "confidence_note": null,
        "odds_data_available": true,
        "reasoning_factors": {
          "home_ml_true_prob": 0.893,
          "draw_true_prob": 0.068,
          "away_ml_true_prob": 0.039,
          "home_form_score": 1.0,
          "away_form_score": 0.4,
          "home_record_score": 1.0,
          "away_record_score": 0.2,
          "spread_movement": 0.0,
          "home_onside_score": 0.551,
          "away_onside_score": 0.449,
          "home_prob_weighted": 0.682,
          "draw_prob_weighted": 0.134,
          "away_prob_weighted": 0.183,
          "elo_home_expected": 0.933,
          "raw_lambda_home": 0.8639,
          "raw_lambda_away": 0.2539
        },
        "match": "巴塞罗那 vs 赫塔菲",
        "home": "巴塞罗那",
        "away": "赫塔菲",
        "home_en": "FC Barcelona",
        "away_en": "Getafe CF",
        "kickoff_utc": "2026-10-10T16:30:00Z",
        "data_window": "20260828-20261011"
      },
      {
        "direction": "皇家马德里 胜",
        "stars": "3-star",
        "confidence_score": 0.605,
        "predicted_score": "1-0",
        "poisson_top3": [
          {
            "score": "1-0",
            "prob": 0.1705
          },
          {
            "score": "0-1",
            "prob": 0.1114
          },
          {
            "score": "2-0",
            "prob": 0.1077
          }
        ],
        "lambda_home": 1.8,
        "lambda_away": 0.91,
        "lambda_home_ci95": [
          0,
          4.8
        ],
        "lambda_away_ci95": [
          0,
          3.2
        ],
        "over_under": "Under 3.5",
        "btts": "No",
        "dixon_coles_used": true,
        "dixon_coles_rho": 0.469,
        "ml_model_used": true,
        "ml_proba": [
          0.5104,
          0.227,
          0.2626
        ],
        "dixon_coles_league_rho": 0.22,
        "onside_signals": {
          "home": {
            "fifa_rank": 159,
            "fifa_score": 0.029,
            "league_footprint": 0.2,
            "host_advantage": 0.5,
            "confederation": 1.0,
            "onside_score": 0.322
          },
          "away": {
            "fifa_rank": 202,
            "fifa_score": 0.011,
            "league_footprint": 0.2,
            "host_advantage": 0.5,
            "confederation": 1.0,
            "onside_score": 0.318
          }
        },
        "confidence_note": null,
        "odds_data_available": true,
        "reasoning_factors": {
          "home_ml_true_prob": 0.709,
          "draw_true_prob": 0.164,
          "away_ml_true_prob": 0.127,
          "home_form_score": 0.6,
          "away_form_score": 0.4,
          "home_record_score": 0.6,
          "away_record_score": 0.4,
          "spread_movement": 0.0,
          "home_onside_score": 0.509,
          "away_onside_score": 0.491,
          "home_prob_weighted": 0.553,
          "draw_prob_weighted": 0.19,
          "away_prob_weighted": 0.258,
          "elo_home_expected": 0.789,
          "raw_lambda_home": 0.668,
          "raw_lambda_away": 0.3374
        },
        "match": "皇家马德里 vs 比利亚雷亚尔",
        "home": "皇家马德里",
        "away": "比利亚雷亚尔",
        "home_en": "Real Madrid CF",
        "away_en": "Villarreal CF",
        "kickoff_utc": "2026-10-10T19:00:00Z",
        "data_window": "20260828-20261011"
      },
      {
        "direction": "埃尔切 胜 (接近)",
        "stars": "1-star",
        "confidence_score": 0.151,
        "predicted_score": "0-1",
        "poisson_top3": [
          {
            "score": "0-1",
            "prob": 0.1748
          },
          {
            "score": "1-0",
            "prob": 0.1739
          },
          {
            "score": "1-2",
            "prob": 0.0775
          }
        ],
        "lambda_home": 1.17,
        "lambda_away": 1.18,
        "lambda_home_ci95": [
          0,
          3.7
        ],
        "lambda_away_ci95": [
          0,
          3.7
        ],
        "over_under": "Under 2.5",
        "btts": "No",
        "dixon_coles_used": true,
        "dixon_coles_rho": 0.469,
        "ml_model_used": true,
        "ml_proba": [
          0.2895,
          0.3362,
          0.3743
        ],
        "dixon_coles_league_rho": 0.22,
        "onside_signals": {
          "home": {
            "fifa_rank": 220,
            "fifa_score": 0.011,
            "league_footprint": 0.2,
            "host_advantage": 0.5,
            "confederation": 1.0,
            "onside_score": 0.318
          },
          "away": {
            "fifa_rank": 215,
            "fifa_score": 0.011,
            "league_footprint": 0.2,
            "host_advantage": 0.5,
            "confederation": 1.0,
            "onside_score": 0.318
          }
        },
        "confidence_note": null,
        "odds_data_available": true,
        "reasoning_factors": {
          "home_ml_true_prob": 0.332,
          "draw_true_prob": 0.306,
          "away_ml_true_prob": 0.362,
          "home_form_score": 0.3,
          "away_form_score": 0.5,
          "home_record_score": 0.2,
          "away_record_score": 0.2,
          "spread_movement": 0.0,
          "home_onside_score": 0.506,
          "away_onside_score": 0.494,
          "home_prob_weighted": 0.38,
          "draw_prob_weighted": 0.251,
          "away_prob_weighted": 0.369,
          "elo_home_expected": 0.622,
          "raw_lambda_home": 0.4321,
          "raw_lambda_away": 0.4355
        },
        "match": "埃尔切 vs 维戈塞尔塔",
        "home": "埃尔切",
        "away": "维戈塞尔塔",
        "home_en": "Elche CF",
        "away_en": "RC Celta de Vigo",
        "kickoff_utc": "2026-10-11T12:00:00Z",
        "data_window": "20260828-20261011"
      }
    ],
    "timing_ms": {
      "total": 6983
    },
    "monte_carlo": {
      "champion_probs": {
        "巴塞罗那": 0.93,
        "皇家马德里": 0.04,
        "塞维利亚": 0.01,
        "皇家贝蒂斯": 0.01,
        "马德里竞技": 0.01,
        "维戈塞尔塔": 0.0,
        "桑坦德竞技": 0.0,
        "瓦伦西亚": 0.0,
        "阿拉维斯": 0.0,
        "埃尔切": 0.0,
        "比利亚雷亚尔": 0.0,
        "马拉加": 0.0,
        "拉科鲁尼亚": 0.0,
        "皇家社会": 0.0,
        "赫塔菲": 0.0,
        "巴列卡诺": 0.0,
        "西班牙人": 0.0,
        "莱万特": 0.0,
        "奥萨苏纳": 0.0,
        "毕尔巴鄂竞技": 0.0
      },
      "round_reach_probs": {},
      "simulation_count": 100,
      "model": "dixon_coles",
      "rho": 0.469,
      "convergence_diagnostics": {
        "塞维利亚": {
          "count": 1,
          "probability": 0.01,
          "std_error": 0.00995,
          "ci_95_lower": 0.0,
          "ci_95_upper": 0.0295
        },
        "巴塞罗那": {
          "count": 93,
          "probability": 0.93,
          "std_error": 0.02551,
          "ci_95_lower": 0.88,
          "ci_95_upper": 0.98
        },
        "维戈塞尔塔": {
          "count": 0,
          "probability": 0.0,
          "std_error": 0.0,
          "ci_95_lower": 0.0,
          "ci_95_upper": 0.0
        },
        "皇家贝蒂斯": {
          "count": 1,
          "probability": 0.01,
          "std_error": 0.00995,
          "ci_95_lower": 0.0,
          "ci_95_upper": 0.0295
        },
        "桑坦德竞技": {
          "count": 0,
          "probability": 0.0,
          "std_error": 0.0,
          "ci_95_lower": 0.0,
          "ci_95_upper": 0.0
        },
        "瓦伦西亚": {
          "count": 0,
          "probability": 0.0,
          "std_error": 0.0,
          "ci_95_lower": 0.0,
          "ci_95_upper": 0.0
        },
        "阿拉维斯": {
          "count": 0,
          "probability": 0.0,
          "std_error": 0.0,
          "ci_95_lower": 0.0,
          "ci_95_upper": 0.0
        },
        "埃尔切": {
          "count": 0,
          "probability": 0.0,
          "std_error": 0.0,
          "ci_95_lower": 0.0,
          "ci_95_upper": 0.0
        },
        "比利亚雷亚尔": {
          "count": 0,
          "probability": 0.0,
          "std_error": 0.0,
          "ci_95_lower": 0.0,
          "ci_95_upper": 0.0
        },
        "马拉加": {
          "count": 0,
          "probability": 0.0,
          "std_error": 0.0,
          "ci_95_lower": 0.0,
          "ci_95_upper": 0.0
        },
        "拉科鲁尼亚": {
          "count": 0,
          "probability": 0.0,
          "std_error": 0.0,
          "ci_95_lower": 0.0,
          "ci_95_upper": 0.0
        },
        "皇家社会": {
          "count": 0,
          "probability": 0.0,
          "std_error": 0.0,
          "ci_95_lower": 0.0,
          "ci_95_upper": 0.0
        },
        "赫塔菲": {
          "count": 0,
          "probability": 0.0,
          "std_error": 0.0,
          "ci_95_lower": 0.0,
          "ci_95_upper": 0.0
        },
        "巴列卡诺": {
          "count": 0,
          "probability": 0.0,
          "std_error": 0.0,
          "ci_95_lower": 0.0,
          "ci_95_upper": 0.0
        },
        "西班牙人": {
          "count": 0,
          "probability": 0.0,
          "std_error": 0.0,
          "ci_95_lower": 0.0,
          "ci_95_upper": 0.0
        },
        "莱万特": {
          "count": 0,
          "probability": 0.0,
          "std_error": 0.0,
          "ci_95_lower": 0.0,
          "ci_95_upper": 0.0
        },
        "皇家马德里": {
          "count": 4,
          "probability": 0.04,
          "std_error": 0.0196,
          "ci_95_lower": 0.0016,
          "ci_95_upper": 0.0784
        },
        "马德里竞技": {
          "count": 1,
          "probability": 0.01,
          "std_error": 0.00995,
          "ci_95_lower": 0.0,
          "ci_95_upper": 0.0295
        },
        "奥萨苏纳": {
          "count": 0,
          "probability": 0.0,
          "std_error": 0.0,
          "ci_95_lower": 0.0,
          "ci_95_upper": 0.0
        },
        "毕尔巴鄂竞技": {
          "count": 0,
          "probability": 0.0,
          "std_error": 0.0,
          "ci_95_lower": 0.0,
          "ci_95_upper": 0.0
        },
        "_summary": {
          "max_std_error": 0.02551,
          "avg_std_error": 0.00375,
          "teams_with_se_above_1pct": 2,
          "n_simulations": 100
        }
      }
    }
  },
  {
    "generated_at": "2026-09-27T21:27:50.488120+08:00",
    "data_window": "20260828-20261011",
    "status": "ok",
    "league": "bundesliga",
    "tournament_type": "league",
    "data_source": "",
    "dixon_coles_enabled": true,
    "dixon_coles_rho": 0.295,
    "calibration": {
      "total_matches": 36,
      "home_wins": 19,
      "draws": 7,
      "away_wins": 10,
      "home_win_rate": 0.528,
      "draw_rate": 0.194,
      "away_win_rate": 0.278,
      "favored_by_odds": 0,
      "favored_won": 0,
      "odds_accuracy": 0
    },
    "calibration_offset": {
      "home_correction": 0.965,
      "draw_correction": 1.008,
      "away_correction": 1.045,
      "onside_home_correction": 0.983,
      "onside_away_correction": 1.023,
      "sample_size": 960,
      "sample_weight": 1.0,
      "actual_home_rate": 0.434,
      "actual_draw_rate": 0.252,
      "actual_away_rate": 0.314,
      "_saved_at": "2026-09-27T13:28:07Z",
      "_league": "bundesliga"
    },
    "past_matches": [
      {
        "name": "拜仁慕尼黑 vs 斯图加特",
        "status": "STATUS_FULL_TIME",
        "completed": true,
        "kickoff_utc": "2026-08-28T18:30:00Z",
        "time_to_kickoff_h": -715.0,
        "home": "拜仁慕尼黑",
        "away": "斯图加特",
        "home_en": "FC Bayern München",
        "away_en": "VfB Stuttgart",
        "home_abbr": "UNK",
        "away_abbr": "UNK",
        "score": "5-1",
        "home_form": "",
        "away_form": "",
        "home_form_score": 0.5,
        "away_form_score": 0.5,
        "home_record": "",
        "away_record": "",
        "home_record_score": 0.5,
        "away_record_score": 0.5,
        "ml_home_close": null,
        "draw_ml": null,
        "home_ml_implied": null,
        "draw_implied": null,
        "home_true_prob": null,
        "draw_true_prob": null,
        "away_true_prob": null,
        "spread_home_line": "",
        "spread_home_close_odds": "",
        "spread_movement_score": 0.0,
        "total_over_close": "",
        "total_under_close": "",
        "odds_data_available": false
      },
      {
        "name": "莱比锡红牛 vs 门兴格拉德巴赫",
        "status": "STATUS_FULL_TIME",
        "completed": true,
        "kickoff_utc": "2026-08-29T13:30:00Z",
        "time_to_kickoff_h": -696.0,
        "home": "莱比锡红牛",
        "away": "门兴格拉德巴赫",
        "home_en": "RB Leipzig",
        "away_en": "Borussia Mönchengladbach",
        "home_abbr": "UNK",
        "away_abbr": "UNK",
        "score": "3-0",
        "home_form": "",
        "away_form": "",
        "home_form_score": 0.5,
        "away_form_score": 0.5,
        "home_record": "",
        "away_record": "",
        "home_record_score": 0.5,
        "away_record_score": 0.5,
        "ml_home_close": null,
        "draw_ml": null,
        "home_ml_implied": null,
        "draw_implied": null,
        "home_true_prob": null,
        "draw_true_prob": null,
        "away_true_prob": null,
        "spread_home_line": "",
        "spread_home_close_odds": "",
        "spread_movement_score": 0.0,
        "total_over_close": "",
        "total_under_close": "",
        "odds_data_available": false
      },
      {
        "name": "美因茨05 vs 帕德博恩07",
        "status": "STATUS_FULL_TIME",
        "completed": true,
        "kickoff_utc": "2026-08-29T13:30:00Z",
        "time_to_kickoff_h": -696.0,
        "home": "美因茨05",
        "away": "帕德博恩07",
        "home_en": "1. FSV Mainz 05",
        "away_en": "SC Paderborn 07",
        "home_abbr": "UNK",
        "away_abbr": "UNK",
        "score": "0-0",
        "home_form": "",
        "away_form": "",
        "home_form_score": 0.5,
        "away_form_score": 0.5,
        "home_record": "",
        "away_record": "",
        "home_record_score": 0.5,
        "away_record_score": 0.5,
        "ml_home_close": null,
        "draw_ml": null,
        "home_ml_implied": null,
        "draw_implied": null,
        "home_true_prob": null,
        "draw_true_prob": null,
        "away_true_prob": null,
        "spread_home_line": "",
        "spread_home_close_odds": "",
        "spread_movement_score": 0.0,
        "total_over_close": "",
        "total_under_close": "",
        "odds_data_available": false
      },
      {
        "name": "柏林联合 vs 法兰克福",
        "status": "STATUS_FULL_TIME",
        "completed": true,
        "kickoff_utc": "2026-08-29T13:30:00Z",
        "time_to_kickoff_h": -696.0,
        "home": "柏林联合",
        "away": "法兰克福",
        "home_en": "1. FC Union Berlin",
        "away_en": "Eintracht Frankfurt",
        "home_abbr": "UNK",
        "away_abbr": "UNK",
        "score": "3-3",
        "home_form": "",
        "away_form": "",
        "home_form_score": 0.5,
        "away_form_score": 0.5,
        "home_record": "",
        "away_record": "",
        "home_record_score": 0.5,
        "away_record_score": 0.5,
        "ml_home_close": null,
        "draw_ml": null,
        "home_ml_implied": null,
        "draw_implied": null,
        "home_true_prob": null,
        "draw_true_prob": null,
        "away_true_prob": null,
        "spread_home_line": "",
        "spread_home_close_odds": "",
        "spread_movement_score": 0.0,
        "total_over_close": "",
        "total_under_close": "",
        "odds_data_available": false
      },
      {
        "name": "鄂尔士贝格 vs 勒沃库森",
        "status": "STATUS_FULL_TIME",
        "completed": true,
        "kickoff_utc": "2026-08-29T13:30:00Z",
        "time_to_kickoff_h": -696.0,
        "home": "鄂尔士贝格",
        "away": "勒沃库森",
        "home_en": "SV 07 Elversberg",
        "away_en": "Bayer 04 Leverkusen",
        "home_abbr": "UNK",
        "away_abbr": "UNK",
        "score": "3-2",
        "home_form": "",
        "away_form": "",
        "home_form_score": 0.5,
        "away_form_score": 0.5,
        "home_record": "",
        "away_record": "",
        "home_record_score": 0.5,
        "away_record_score": 0.5,
        "ml_home_close": null,
        "draw_ml": null,
        "home_ml_implied": null,
        "draw_implied": null,
        "home_true_prob": null,
        "draw_true_prob": null,
        "away_true_prob": null,
        "spread_home_line": "",
        "spread_home_close_odds": "",
        "spread_movement_score": 0.0,
        "total_over_close": "",
        "total_under_close": "",
        "odds_data_available": false
      },
      {
        "name": "科隆 vs 霍芬海姆",
        "status": "STATUS_FULL_TIME",
        "completed": true,
        "kickoff_utc": "2026-08-29T13:30:00Z",
        "time_to_kickoff_h": -696.0,
        "home": "科隆",
        "away": "霍芬海姆",
        "home_en": "1. FC Köln",
        "away_en": "TSG 1899 Hoffenheim",
        "home_abbr": "UNK",
        "away_abbr": "UNK",
        "score": "3-2",
        "home_form": "",
        "away_form": "",
        "home_form_score": 0.5,
        "away_form_score": 0.5,
        "home_record": "",
        "away_record": "",
        "home_record_score": 0.5,
        "away_record_score": 0.5,
        "ml_home_close": null,
        "draw_ml": null,
        "home_ml_implied": null,
        "draw_implied": null,
        "home_true_prob": null,
        "draw_true_prob": null,
        "away_true_prob": null,
        "spread_home_line": "",
        "spread_home_close_odds": "",
        "spread_movement_score": 0.0,
        "total_over_close": "",
        "total_under_close": "",
        "odds_data_available": false
      },
      {
        "name": "多特蒙德 vs 汉堡",
        "status": "STATUS_FULL_TIME",
        "completed": true,
        "kickoff_utc": "2026-08-29T16:30:00Z",
        "time_to_kickoff_h": -693.0,
        "home": "多特蒙德",
        "away": "汉堡",
        "home_en": "Borussia Dortmund",
        "away_en": "Hamburger SV",
        "home_abbr": "UNK",
        "away_abbr": "UNK",
        "score": "2-0",
        "home_form": "",
        "away_form": "",
        "home_form_score": 0.5,
        "away_form_score": 0.5,
        "home_record": "",
        "away_record": "",
        "home_record_score": 0.5,
        "away_record_score": 0.5,
        "ml_home_close": null,
        "draw_ml": null,
        "home_ml_implied": null,
        "draw_implied": null,
        "home_true_prob": null,
        "draw_true_prob": null,
        "away_true_prob": null,
        "spread_home_line": "",
        "spread_home_close_odds": "",
        "spread_movement_score": 0.0,
        "total_over_close": "",
        "total_under_close": "",
        "odds_data_available": false
      },
      {
        "name": "弗赖堡 vs 云达不莱梅",
        "status": "STATUS_FULL_TIME",
        "completed": true,
        "kickoff_utc": "2026-08-30T13:30:00Z",
        "time_to_kickoff_h": -672.0,
        "home": "弗赖堡",
        "away": "云达不莱梅",
        "home_en": "SC Freiburg",
        "away_en": "SV Werder Bremen",
        "home_abbr": "UNK",
        "away_abbr": "UNK",
        "score": "4-1",
        "home_form": "",
        "away_form": "",
        "home_form_score": 0.5,
        "away_form_score": 0.5,
        "home_record": "",
        "away_record": "",
        "home_record_score": 0.5,
        "away_record_score": 0.5,
        "ml_home_close": null,
        "draw_ml": null,
        "home_ml_implied": null,
        "draw_implied": null,
        "home_true_prob": null,
        "draw_true_prob": null,
        "away_true_prob": null,
        "spread_home_line": "",
        "spread_home_close_odds": "",
        "spread_movement_score": 0.0,
        "total_over_close": "",
        "total_under_close": "",
        "odds_data_available": false
      },
      {
        "name": "奥格斯堡 vs 沙尔克04",
        "status": "STATUS_FULL_TIME",
        "completed": true,
        "kickoff_utc": "2026-08-30T15:30:00Z",
        "time_to_kickoff_h": -670.0,
        "home": "奥格斯堡",
        "away": "沙尔克04",
        "home_en": "FC Augsburg",
        "away_en": "FC Schalke 04",
        "home_abbr": "UNK",
        "away_abbr": "UNK",
        "score": "3-0",
        "home_form": "",
        "away_form": "",
        "home_form_score": 0.5,
        "away_form_score": 0.5,
        "home_record": "",
        "away_record": "",
        "home_record_score": 0.5,
        "away_record_score": 0.5,
        "ml_home_close": null,
        "draw_ml": null,
        "home_ml_implied": null,
        "draw_implied": null,
        "home_true_prob": null,
        "draw_true_prob": null,
        "away_true_prob": null,
        "spread_home_line": "",
        "spread_home_close_odds": "",
        "spread_movement_score": 0.0,
        "total_over_close": "",
        "total_under_close": "",
        "odds_data_available": false
      },
      {
        "name": "斯图加特 vs 科隆",
        "status": "STATUS_FULL_TIME",
        "completed": true,
        "kickoff_utc": "2026-09-04T18:30:00Z",
        "time_to_kickoff_h": -547.0,
        "home": "斯图加特",
        "away": "科隆",
        "home_en": "VfB Stuttgart",
        "away_en": "1. FC Köln",
        "home_abbr": "UNK",
        "away_abbr": "UNK",
        "score": "4-1",
        "home_form": "L",
        "away_form": "W",
        "home_form_score": 0.0,
        "away_form_score": 1.0,
        "home_record": "0-0-1",
        "away_record": "1-0-0",
        "home_record_score": 0.0,
        "away_record_score": 1.0,
        "ml_home_close": null,
        "draw_ml": null,
        "home_ml_implied": null,
        "draw_implied": null,
        "home_true_prob": null,
        "draw_true_prob": null,
        "away_true_prob": null,
        "spread_home_line": "",
        "spread_home_close_odds": "",
        "spread_movement_score": 0.0,
        "total_over_close": "",
        "total_under_close": "",
        "odds_data_available": false
      },
      {
        "name": "云达不莱梅 vs 莱比锡红牛",
        "status": "STATUS_FULL_TIME",
        "completed": true,
        "kickoff_utc": "2026-09-05T13:30:00Z",
        "time_to_kickoff_h": -528.0,
        "home": "云达不莱梅",
        "away": "莱比锡红牛",
        "home_en": "SV Werder Bremen",
        "away_en": "RB Leipzig",
        "home_abbr": "UNK",
        "away_abbr": "UNK",
        "score": "3-1",
        "home_form": "L",
        "away_form": "W",
        "home_form_score": 0.0,
        "away_form_score": 1.0,
        "home_record": "0-0-1",
        "away_record": "1-0-0",
        "home_record_score": 0.0,
        "away_record_score": 1.0,
        "ml_home_close": null,
        "draw_ml": null,
        "home_ml_implied": null,
        "draw_implied": null,
        "home_true_prob": null,
        "draw_true_prob": null,
        "away_true_prob": null,
        "spread_home_line": "",
        "spread_home_close_odds": "",
        "spread_movement_score": 0.0,
        "total_over_close": "",
        "total_under_close": "",
        "odds_data_available": false
      },
      {
        "name": "霍芬海姆 vs 多特蒙德",
        "status": "STATUS_FULL_TIME",
        "completed": true,
        "kickoff_utc": "2026-09-05T13:30:00Z",
        "time_to_kickoff_h": -528.0,
        "home": "霍芬海姆",
        "away": "多特蒙德",
        "home_en": "TSG 1899 Hoffenheim",
        "away_en": "Borussia Dortmund",
        "home_abbr": "UNK",
        "away_abbr": "UNK",
        "score": "2-3",
        "home_form": "L",
        "away_form": "W",
        "home_form_score": 0.0,
        "away_form_score": 1.0,
        "home_record": "0-0-1",
        "away_record": "1-0-0",
        "home_record_score": 0.0,
        "away_record_score": 1.0,
        "ml_home_close": null,
        "draw_ml": null,
        "home_ml_implied": null,
        "draw_implied": null,
        "home_true_prob": null,
        "draw_true_prob": null,
        "away_true_prob": null,
        "spread_home_line": "",
        "spread_home_close_odds": "",
        "spread_movement_score": 0.0,
        "total_over_close": "",
        "total_under_close": "",
        "odds_data_available": false
      },
      {
        "name": "勒沃库森 vs 柏林联合",
        "status": "STATUS_FULL_TIME",
        "completed": true,
        "kickoff_utc": "2026-09-05T13:30:00Z",
        "time_to_kickoff_h": -528.0,
        "home": "勒沃库森",
        "away": "柏林联合",
        "home_en": "Bayer 04 Leverkusen",
        "away_en": "1. FC Union Berlin",
        "home_abbr": "UNK",
        "away_abbr": "UNK",
        "score": "4-0",
        "home_form": "L",
        "away_form": "D",
        "home_form_score": 0.0,
        "away_form_score": 0.5,
        "home_record": "0-0-1",
        "away_record": "0-1-0",
        "home_record_score": 0.0,
        "away_record_score": 0.0,
        "ml_home_close": null,
        "draw_ml": null,
        "home_ml_implied": null,
        "draw_implied": null,
        "home_true_prob": null,
        "draw_true_prob": null,
        "away_true_prob": null,
        "spread_home_line": "",
        "spread_home_close_odds": "",
        "spread_movement_score": 0.0,
        "total_over_close": "",
        "total_under_close": "",
        "odds_data_available": false
      },
      {
        "name": "门兴格拉德巴赫 vs 鄂尔士贝格",
        "status": "STATUS_FULL_TIME",
        "completed": true,
        "kickoff_utc": "2026-09-05T13:30:00Z",
        "time_to_kickoff_h": -528.0,
        "home": "门兴格拉德巴赫",
        "away": "鄂尔士贝格",
        "home_en": "Borussia Mönchengladbach",
        "away_en": "SV 07 Elversberg",
        "home_abbr": "UNK",
        "away_abbr": "UNK",
        "score": "3-4",
        "home_form": "L",
        "away_form": "W",
        "home_form_score": 0.0,
        "away_form_score": 1.0,
        "home_record": "0-0-1",
        "away_record": "1-0-0",
        "home_record_score": 0.0,
        "away_record_score": 1.0,
        "ml_home_close": null,
        "draw_ml": null,
        "home_ml_implied": null,
        "draw_implied": null,
        "home_true_prob": null,
        "draw_true_prob": null,
        "away_true_prob": null,
        "spread_home_line": "",
        "spread_home_close_odds": "",
        "spread_movement_score": 0.0,
        "total_over_close": "",
        "total_under_close": "",
        "odds_data_available": false
      },
      {
        "name": "帕德博恩07 vs 弗赖堡",
        "status": "STATUS_FULL_TIME",
        "completed": true,
        "kickoff_utc": "2026-09-05T13:30:00Z",
        "time_to_kickoff_h": -528.0,
        "home": "帕德博恩07",
        "away": "弗赖堡",
        "home_en": "SC Paderborn 07",
        "away_en": "SC Freiburg",
        "home_abbr": "UNK",
        "away_abbr": "UNK",
        "score": "0-1",
        "home_form": "D",
        "away_form": "W",
        "home_form_score": 0.5,
        "away_form_score": 1.0,
        "home_record": "0-1-0",
        "away_record": "1-0-0",
        "home_record_score": 0.0,
        "away_record_score": 1.0,
        "ml_home_close": null,
        "draw_ml": null,
        "home_ml_implied": null,
        "draw_implied": null,
        "home_true_prob": null,
        "draw_true_prob": null,
        "away_true_prob": null,
        "spread_home_line": "",
        "spread_home_close_odds": "",
        "spread_movement_score": 0.0,
        "total_over_close": "",
        "total_under_close": "",
        "odds_data_available": false
      },
      {
        "name": "沙尔克04 vs 拜仁慕尼黑",
        "status": "STATUS_FULL_TIME",
        "completed": true,
        "kickoff_utc": "2026-09-05T16:30:00Z",
        "time_to_kickoff_h": -525.0,
        "home": "沙尔克04",
        "away": "拜仁慕尼黑",
        "home_en": "FC Schalke 04",
        "away_en": "FC Bayern München",
        "home_abbr": "UNK",
        "away_abbr": "UNK",
        "score": "0-0",
        "home_form": "L",
        "away_form": "W",
        "home_form_score": 0.0,
        "away_form_score": 1.0,
        "home_record": "0-0-1",
        "away_record": "1-0-0",
        "home_record_score": 0.0,
        "away_record_score": 1.0,
        "ml_home_close": null,
        "draw_ml": null,
        "home_ml_implied": null,
        "draw_implied": null,
        "home_true_prob": null,
        "draw_true_prob": null,
        "away_true_prob": null,
        "spread_home_line": "",
        "spread_home_close_odds": "",
        "spread_movement_score": 0.0,
        "total_over_close": "",
        "total_under_close": "",
        "odds_data_available": false
      },
      {
        "name": "汉堡 vs 美因茨05",
        "status": "STATUS_FULL_TIME",
        "completed": true,
        "kickoff_utc": "2026-09-06T13:30:00Z",
        "time_to_kickoff_h": -504.0,
        "home": "汉堡",
        "away": "美因茨05",
        "home_en": "Hamburger SV",
        "away_en": "1. FSV Mainz 05",
        "home_abbr": "UNK",
        "away_abbr": "UNK",
        "score": "0-5",
        "home_form": "L",
        "away_form": "D",
        "home_form_score": 0.0,
        "away_form_score": 0.5,
        "home_record": "0-0-1",
        "away_record": "0-1-0",
        "home_record_score": 0.0,
        "away_record_score": 0.0,
        "ml_home_close": null,
        "draw_ml": null,
        "home_ml_implied": null,
        "draw_implied": null,
        "home_true_prob": null,
        "draw_true_prob": null,
        "away_true_prob": null,
        "spread_home_line": "",
        "spread_home_close_odds": "",
        "spread_movement_score": 0.0,
        "total_over_close": "",
        "total_under_close": "",
        "odds_data_available": false
      },
      {
        "name": "法兰克福 vs 奥格斯堡",
        "status": "STATUS_FULL_TIME",
        "completed": true,
        "kickoff_utc": "2026-09-06T15:30:00Z",
        "time_to_kickoff_h": -502.0,
        "home": "法兰克福",
        "away": "奥格斯堡",
        "home_en": "Eintracht Frankfurt",
        "away_en": "FC Augsburg",
        "home_abbr": "UNK",
        "away_abbr": "UNK",
        "score": "1-4",
        "home_form": "D",
        "away_form": "W",
        "home_form_score": 0.5,
        "away_form_score": 1.0,
        "home_record": "0-1-0",
        "away_record": "1-0-0",
        "home_record_score": 0.0,
        "away_record_score": 1.0,
        "ml_home_close": null,
        "draw_ml": null,
        "home_ml_implied": null,
        "draw_implied": null,
        "home_true_prob": null,
        "draw_true_prob": null,
        "away_true_prob": null,
        "spread_home_line": "",
        "spread_home_close_odds": "",
        "spread_movement_score": 0.0,
        "total_over_close": "",
        "total_under_close": "",
        "odds_data_available": false
      },
      {
        "name": "柏林联合 vs 沙尔克04",
        "status": "STATUS_FULL_TIME",
        "completed": true,
        "kickoff_utc": "2026-09-11T18:30:00Z",
        "time_to_kickoff_h": -379.0,
        "home": "柏林联合",
        "away": "沙尔克04",
        "home_en": "1. FC Union Berlin",
        "away_en": "FC Schalke 04",
        "home_abbr": "UNK",
        "away_abbr": "UNK",
        "score": "1-3",
        "home_form": "DL",
        "away_form": "LD",
        "home_form_score": 0.25,
        "away_form_score": 0.25,
        "home_record": "0-1-1",
        "away_record": "0-1-1",
        "home_record_score": 0.0,
        "away_record_score": 0.0,
        "ml_home_close": null,
        "draw_ml": null,
        "home_ml_implied": null,
        "draw_implied": null,
        "home_true_prob": null,
        "draw_true_prob": null,
        "away_true_prob": null,
        "spread_home_line": "",
        "spread_home_close_odds": "",
        "spread_movement_score": 0.0,
        "total_over_close": "",
        "total_under_close": "",
        "odds_data_available": false
      },
      {
        "name": "霍芬海姆 vs 斯图加特",
        "status": "STATUS_FULL_TIME",
        "completed": true,
        "kickoff_utc": "2026-09-12T13:30:00Z",
        "time_to_kickoff_h": -360.0,
        "home": "霍芬海姆",
        "away": "斯图加特",
        "home_en": "TSG 1899 Hoffenheim",
        "away_en": "VfB Stuttgart",
        "home_abbr": "UNK",
        "away_abbr": "UNK",
        "score": "2-1",
        "home_form": "LL",
        "away_form": "LW",
        "home_form_score": 0.0,
        "away_form_score": 0.5,
        "home_record": "0-0-2",
        "away_record": "1-0-1",
        "home_record_score": 0.0,
        "away_record_score": 0.5,
        "ml_home_close": null,
        "draw_ml": null,
        "home_ml_implied": null,
        "draw_implied": null,
        "home_true_prob": null,
        "draw_true_prob": null,
        "away_true_prob": null,
        "spread_home_line": "",
        "spread_home_close_odds": "",
        "spread_movement_score": 0.0,
        "total_over_close": "",
        "total_under_close": "",
        "odds_data_available": false
      },
      {
        "name": "多特蒙德 vs 帕德博恩07",
        "status": "STATUS_FULL_TIME",
        "completed": true,
        "kickoff_utc": "2026-09-12T13:30:00Z",
        "time_to_kickoff_h": -360.0,
        "home": "多特蒙德",
        "away": "帕德博恩07",
        "home_en": "Borussia Dortmund",
        "away_en": "SC Paderborn 07",
        "home_abbr": "UNK",
        "away_abbr": "UNK",
        "score": "3-0",
        "home_form": "WW",
        "away_form": "DL",
        "home_form_score": 1.0,
        "away_form_score": 0.25,
        "home_record": "2-0-0",
        "away_record": "0-1-1",
        "home_record_score": 1.0,
        "away_record_score": 0.0,
        "ml_home_close": null,
        "draw_ml": null,
        "home_ml_implied": null,
        "draw_implied": null,
        "home_true_prob": null,
        "draw_true_prob": null,
        "away_true_prob": null,
        "spread_home_line": "",
        "spread_home_close_odds": "",
        "spread_movement_score": 0.0,
        "total_over_close": "",
        "total_under_close": "",
        "odds_data_available": false
      },
      {
        "name": "奥格斯堡 vs 勒沃库森",
        "status": "STATUS_FULL_TIME",
        "completed": true,
        "kickoff_utc": "2026-09-12T13:30:00Z",
        "time_to_kickoff_h": -360.0,
        "home": "奥格斯堡",
        "away": "勒沃库森",
        "home_en": "FC Augsburg",
        "away_en": "Bayer 04 Leverkusen",
        "home_abbr": "UNK",
        "away_abbr": "UNK",
        "score": "2-2",
        "home_form": "WW",
        "away_form": "LW",
        "home_form_score": 1.0,
        "away_form_score": 0.5,
        "home_record": "2-0-0",
        "away_record": "1-0-1",
        "home_record_score": 1.0,
        "away_record_score": 0.5,
        "ml_home_close": null,
        "draw_ml": null,
        "home_ml_implied": null,
        "draw_implied": null,
        "home_true_prob": null,
        "draw_true_prob": null,
        "away_true_prob": null,
        "spread_home_line": "",
        "spread_home_close_odds": "",
        "spread_movement_score": 0.0,
        "total_over_close": "",
        "total_under_close": "",
        "odds_data_available": false
      },
      {
        "name": "美因茨05 vs 法兰克福",
        "status": "STATUS_FULL_TIME",
        "completed": true,
        "kickoff_utc": "2026-09-12T13:30:00Z",
        "time_to_kickoff_h": -360.0,
        "home": "美因茨05",
        "away": "法兰克福",
        "home_en": "1. FSV Mainz 05",
        "away_en": "Eintracht Frankfurt",
        "home_abbr": "UNK",
        "away_abbr": "UNK",
        "score": "1-3",
        "home_form": "DW",
        "away_form": "DL",
        "home_form_score": 0.75,
        "away_form_score": 0.25,
        "home_record": "1-1-0",
        "away_record": "0-1-1",
        "home_record_score": 0.5,
        "away_record_score": 0.0,
        "ml_home_close": null,
        "draw_ml": null,
        "home_ml_implied": null,
        "draw_implied": null,
        "home_true_prob": null,
        "draw_true_prob": null,
        "away_true_prob": null,
        "spread_home_line": "",
        "spread_home_close_odds": "",
        "spread_movement_score": 0.0,
        "total_over_close": "",
        "total_under_close": "",
        "odds_data_available": false
      },
      {
        "name": "弗赖堡 vs 门兴格拉德巴赫",
        "status": "STATUS_FULL_TIME",
        "completed": true,
        "kickoff_utc": "2026-09-12T13:30:00Z",
        "time_to_kickoff_h": -360.0,
        "home": "弗赖堡",
        "away": "门兴格拉德巴赫",
        "home_en": "SC Freiburg",
        "away_en": "Borussia Mönchengladbach",
        "home_abbr": "UNK",
        "away_abbr": "UNK",
        "score": "5-0",
        "home_form": "WW",
        "away_form": "LL",
        "home_form_score": 1.0,
        "away_form_score": 0.0,
        "home_record": "2-0-0",
        "away_record": "0-0-2",
        "home_record_score": 1.0,
        "away_record_score": 0.0,
        "ml_home_close": null,
        "draw_ml": null,
        "home_ml_implied": null,
        "draw_implied": null,
        "home_true_prob": null,
        "draw_true_prob": null,
        "away_true_prob": null,
        "spread_home_line": "",
        "spread_home_close_odds": "",
        "spread_movement_score": 0.0,
        "total_over_close": "",
        "total_under_close": "",
        "odds_data_available": false
      },
      {
        "name": "科隆 vs 云达不莱梅",
        "status": "STATUS_FULL_TIME",
        "completed": true,
        "kickoff_utc": "2026-09-12T16:30:00Z",
        "time_to_kickoff_h": -357.0,
        "home": "科隆",
        "away": "云达不莱梅",
        "home_en": "1. FC Köln",
        "away_en": "SV Werder Bremen",
        "home_abbr": "UNK",
        "away_abbr": "UNK",
        "score": "1-1",
        "home_form": "WL",
        "away_form": "LW",
        "home_form_score": 0.5,
        "away_form_score": 0.5,
        "home_record": "1-0-1",
        "away_record": "1-0-1",
        "home_record_score": 0.5,
        "away_record_score": 0.5,
        "ml_home_close": null,
        "draw_ml": null,
        "home_ml_implied": null,
        "draw_implied": null,
        "home_true_prob": null,
        "draw_true_prob": null,
        "away_true_prob": null,
        "spread_home_line": "",
        "spread_home_close_odds": "",
        "spread_movement_score": 0.0,
        "total_over_close": "",
        "total_under_close": "",
        "odds_data_available": false
      },
      {
        "name": "莱比锡红牛 vs 汉堡",
        "status": "STATUS_FULL_TIME",
        "completed": true,
        "kickoff_utc": "2026-09-13T13:30:00Z",
        "time_to_kickoff_h": -336.0,
        "home": "莱比锡红牛",
        "away": "汉堡",
        "home_en": "RB Leipzig",
        "away_en": "Hamburger SV",
        "home_abbr": "UNK",
        "away_abbr": "UNK",
        "score": "5-0",
        "home_form": "WL",
        "away_form": "LL",
        "home_form_score": 0.5,
        "away_form_score": 0.0,
        "home_record": "1-0-1",
        "away_record": "0-0-2",
        "home_record_score": 0.5,
        "away_record_score": 0.0,
        "ml_home_close": null,
        "draw_ml": null,
        "home_ml_implied": null,
        "draw_implied": null,
        "home_true_prob": null,
        "draw_true_prob": null,
        "away_true_prob": null,
        "spread_home_line": "",
        "spread_home_close_odds": "",
        "spread_movement_score": 0.0,
        "total_over_close": "",
        "total_under_close": "",
        "odds_data_available": false
      },
      {
        "name": "鄂尔士贝格 vs 拜仁慕尼黑",
        "status": "STATUS_FULL_TIME",
        "completed": true,
        "kickoff_utc": "2026-09-13T15:30:00Z",
        "time_to_kickoff_h": -334.0,
        "home": "鄂尔士贝格",
        "away": "拜仁慕尼黑",
        "home_en": "SV 07 Elversberg",
        "away_en": "FC Bayern München",
        "home_abbr": "UNK",
        "away_abbr": "UNK",
        "score": "1-2",
        "home_form": "WW",
        "away_form": "WD",
        "home_form_score": 1.0,
        "away_form_score": 0.75,
        "home_record": "2-0-0",
        "away_record": "1-1-0",
        "home_record_score": 1.0,
        "away_record_score": 0.5,
        "ml_home_close": null,
        "draw_ml": null,
        "home_ml_implied": null,
        "draw_implied": null,
        "home_true_prob": null,
        "draw_true_prob": null,
        "away_true_prob": null,
        "spread_home_line": "",
        "spread_home_close_odds": "",
        "spread_movement_score": 0.0,
        "total_over_close": "",
        "total_under_close": "",
        "odds_data_available": false
      },
      {
        "name": "拜仁慕尼黑 vs 柏林联合",
        "status": "STATUS_FULL_TIME",
        "completed": true,
        "kickoff_utc": "2026-09-18T18:30:00Z",
        "time_to_kickoff_h": -211.0,
        "home": "拜仁慕尼黑",
        "away": "柏林联合",
        "home_en": "FC Bayern München",
        "away_en": "1. FC Union Berlin",
        "home_abbr": "UNK",
        "away_abbr": "UNK",
        "score": "7-0",
        "home_form": "WDW",
        "away_form": "DLL",
        "home_form_score": 0.833,
        "away_form_score": 0.167,
        "home_record": "2-1-0",
        "away_record": "0-1-2",
        "home_record_score": 0.667,
        "away_record_score": 0.0,
        "ml_home_close": null,
        "draw_ml": null,
        "home_ml_implied": null,
        "draw_implied": null,
        "home_true_prob": null,
        "draw_true_prob": null,
        "away_true_prob": null,
        "spread_home_line": "",
        "spread_home_close_odds": "",
        "spread_movement_score": 0.0,
        "total_over_close": "",
        "total_under_close": "",
        "odds_data_available": false
      },
      {
        "name": "汉堡 vs 科隆",
        "status": "STATUS_FULL_TIME",
        "completed": true,
        "kickoff_utc": "2026-09-19T13:30:00Z",
        "time_to_kickoff_h": -192.0,
        "home": "汉堡",
        "away": "科隆",
        "home_en": "Hamburger SV",
        "away_en": "1. FC Köln",
        "home_abbr": "UNK",
        "away_abbr": "UNK",
        "score": "2-1",
        "home_form": "LLL",
        "away_form": "WLD",
        "home_form_score": 0.0,
        "away_form_score": 0.5,
        "home_record": "0-0-3",
        "away_record": "1-1-1",
        "home_record_score": 0.0,
        "away_record_score": 0.333,
        "ml_home_close": null,
        "draw_ml": null,
        "home_ml_implied": null,
        "draw_implied": null,
        "home_true_prob": null,
        "draw_true_prob": null,
        "away_true_prob": null,
        "spread_home_line": "",
        "spread_home_close_odds": "",
        "spread_movement_score": 0.0,
        "total_over_close": "",
        "total_under_close": "",
        "odds_data_available": false
      },
      {
        "name": "门兴格拉德巴赫 vs 美因茨05",
        "status": "STATUS_FULL_TIME",
        "completed": true,
        "kickoff_utc": "2026-09-19T13:30:00Z",
        "time_to_kickoff_h": -192.0,
        "home": "门兴格拉德巴赫",
        "away": "美因茨05",
        "home_en": "Borussia Mönchengladbach",
        "away_en": "1. FSV Mainz 05",
        "home_abbr": "UNK",
        "away_abbr": "UNK",
        "score": "3-4",
        "home_form": "LLL",
        "away_form": "DWL",
        "home_form_score": 0.0,
        "away_form_score": 0.5,
        "home_record": "0-0-3",
        "away_record": "1-1-1",
        "home_record_score": 0.0,
        "away_record_score": 0.333,
        "ml_home_close": null,
        "draw_ml": null,
        "home_ml_implied": null,
        "draw_implied": null,
        "home_true_prob": null,
        "draw_true_prob": null,
        "away_true_prob": null,
        "spread_home_line": "",
        "spread_home_close_odds": "",
        "spread_movement_score": 0.0,
        "total_over_close": "",
        "total_under_close": "",
        "odds_data_available": false
      },
      {
        "name": "云达不莱梅 vs 奥格斯堡",
        "status": "STATUS_FULL_TIME",
        "completed": true,
        "kickoff_utc": "2026-09-19T13:30:00Z",
        "time_to_kickoff_h": -192.0,
        "home": "云达不莱梅",
        "away": "奥格斯堡",
        "home_en": "SV Werder Bremen",
        "away_en": "FC Augsburg",
        "home_abbr": "UNK",
        "away_abbr": "UNK",
        "score": "3-2",
        "home_form": "LWD",
        "away_form": "WWD",
        "home_form_score": 0.5,
        "away_form_score": 0.833,
        "home_record": "1-1-1",
        "away_record": "2-1-0",
        "home_record_score": 0.333,
        "away_record_score": 0.667,
        "ml_home_close": null,
        "draw_ml": null,
        "home_ml_implied": null,
        "draw_implied": null,
        "home_true_prob": null,
        "draw_true_prob": null,
        "away_true_prob": null,
        "spread_home_line": "",
        "spread_home_close_odds": "",
        "spread_movement_score": 0.0,
        "total_over_close": "",
        "total_under_close": "",
        "odds_data_available": false
      },
      {
        "name": "法兰克福 vs 弗赖堡",
        "status": "STATUS_FULL_TIME",
        "completed": true,
        "kickoff_utc": "2026-09-19T13:30:00Z",
        "time_to_kickoff_h": -192.0,
        "home": "法兰克福",
        "away": "弗赖堡",
        "home_en": "Eintracht Frankfurt",
        "away_en": "SC Freiburg",
        "home_abbr": "UNK",
        "away_abbr": "UNK",
        "score": "2-2",
        "home_form": "DLW",
        "away_form": "WWW",
        "home_form_score": 0.5,
        "away_form_score": 1.0,
        "home_record": "1-1-1",
        "away_record": "3-0-0",
        "home_record_score": 0.333,
        "away_record_score": 1.0,
        "ml_home_close": null,
        "draw_ml": null,
        "home_ml_implied": null,
        "draw_implied": null,
        "home_true_prob": null,
        "draw_true_prob": null,
        "away_true_prob": null,
        "spread_home_line": "",
        "spread_home_close_odds": "",
        "spread_movement_score": 0.0,
        "total_over_close": "",
        "total_under_close": "",
        "odds_data_available": false
      },
      {
        "name": "斯图加特 vs 多特蒙德",
        "status": "STATUS_FULL_TIME",
        "completed": true,
        "kickoff_utc": "2026-09-19T16:30:00Z",
        "time_to_kickoff_h": -189.0,
        "home": "斯图加特",
        "away": "多特蒙德",
        "home_en": "VfB Stuttgart",
        "away_en": "Borussia Dortmund",
        "home_abbr": "UNK",
        "away_abbr": "UNK",
        "score": "0-1",
        "home_form": "LWL",
        "away_form": "WWW",
        "home_form_score": 0.333,
        "away_form_score": 1.0,
        "home_record": "1-0-2",
        "away_record": "3-0-0",
        "home_record_score": 0.333,
        "away_record_score": 1.0,
        "ml_home_close": null,
        "draw_ml": null,
        "home_ml_implied": null,
        "draw_implied": null,
        "home_true_prob": null,
        "draw_true_prob": null,
        "away_true_prob": null,
        "spread_home_line": "",
        "spread_home_close_odds": "",
        "spread_movement_score": 0.0,
        "total_over_close": "",
        "total_under_close": "",
        "odds_data_available": false
      },
      {
        "name": "勒沃库森 vs 莱比锡红牛",
        "status": "STATUS_FULL_TIME",
        "completed": true,
        "kickoff_utc": "2026-09-20T13:30:00Z",
        "time_to_kickoff_h": -168.0,
        "home": "勒沃库森",
        "away": "莱比锡红牛",
        "home_en": "Bayer 04 Leverkusen",
        "away_en": "RB Leipzig",
        "home_abbr": "UNK",
        "away_abbr": "UNK",
        "score": "2-0",
        "home_form": "LWD",
        "away_form": "WLW",
        "home_form_score": 0.5,
        "away_form_score": 0.667,
        "home_record": "1-1-1",
        "away_record": "2-0-1",
        "home_record_score": 0.333,
        "away_record_score": 0.667,
        "ml_home_close": null,
        "draw_ml": null,
        "home_ml_implied": null,
        "draw_implied": null,
        "home_true_prob": null,
        "draw_true_prob": null,
        "away_true_prob": null,
        "spread_home_line": "",
        "spread_home_close_odds": "",
        "spread_movement_score": 0.0,
        "total_over_close": "",
        "total_under_close": "",
        "odds_data_available": false
      },
      {
        "name": "沙尔克04 vs 鄂尔士贝格",
        "status": "STATUS_FULL_TIME",
        "completed": true,
        "kickoff_utc": "2026-09-20T15:30:00Z",
        "time_to_kickoff_h": -166.0,
        "home": "沙尔克04",
        "away": "鄂尔士贝格",
        "home_en": "FC Schalke 04",
        "away_en": "SV 07 Elversberg",
        "home_abbr": "UNK",
        "away_abbr": "UNK",
        "score": "0-0",
        "home_form": "LDW",
        "away_form": "WWL",
        "home_form_score": 0.5,
        "away_form_score": 0.667,
        "home_record": "1-1-1",
        "away_record": "2-0-1",
        "home_record_score": 0.333,
        "away_record_score": 0.667,
        "ml_home_close": null,
        "draw_ml": null,
        "home_ml_implied": null,
        "draw_implied": null,
        "home_true_prob": null,
        "draw_true_prob": null,
        "away_true_prob": null,
        "spread_home_line": "",
        "spread_home_close_odds": "",
        "spread_movement_score": 0.0,
        "total_over_close": "",
        "total_under_close": "",
        "odds_data_available": false
      },
      {
        "name": "帕德博恩07 vs 霍芬海姆",
        "status": "STATUS_FULL_TIME",
        "completed": true,
        "kickoff_utc": "2026-09-20T17:30:00Z",
        "time_to_kickoff_h": -164.0,
        "home": "帕德博恩07",
        "away": "霍芬海姆",
        "home_en": "SC Paderborn 07",
        "away_en": "TSG 1899 Hoffenheim",
        "home_abbr": "UNK",
        "away_abbr": "UNK",
        "score": "3-1",
        "home_form": "DLL",
        "away_form": "LLW",
        "home_form_score": 0.167,
        "away_form_score": 0.333,
        "home_record": "0-1-2",
        "away_record": "1-0-2",
        "home_record_score": 0.0,
        "away_record_score": 0.333,
        "ml_home_close": null,
        "draw_ml": null,
        "home_ml_implied": null,
        "draw_implied": null,
        "home_true_prob": null,
        "draw_true_prob": null,
        "away_true_prob": null,
        "spread_home_line": "",
        "spread_home_close_odds": "",
        "spread_movement_score": 0.0,
        "total_over_close": "",
        "total_under_close": "",
        "odds_data_available": false
      }
    ],
    "predictions": [
      {
        "direction": "多特蒙德 胜",
        "stars": "2-star",
        "confidence_score": 0.501,
        "predicted_score": "2-1",
        "poisson_top3": [
          {
            "score": "2-1",
            "prob": 0.0934
          },
          {
            "score": "1-0",
            "prob": 0.0846
          },
          {
            "score": "3-1",
            "prob": 0.0739
          }
        ],
        "lambda_home": 2.38,
        "lambda_away": 1.28,
        "lambda_home_ci95": [
          0,
          5.7
        ],
        "lambda_away_ci95": [
          0,
          3.9
        ],
        "over_under": "Under 3.5",
        "btts": "No",
        "dixon_coles_used": true,
        "dixon_coles_rho": 0.295,
        "ml_model_used": true,
        "ml_proba": [
          0.3157,
          0.4633,
          0.221
        ],
        "dixon_coles_league_rho": 0.19,
        "onside_signals": {
          "home": {
            "fifa_rank": 148,
            "fifa_score": 0.037,
            "league_footprint": 0.2,
            "host_advantage": 0.5,
            "confederation": 1.0,
            "onside_score": 0.324
          },
          "away": {
            "fifa_rank": 184,
            "fifa_score": 0.016,
            "league_footprint": 0.2,
            "host_advantage": 0.5,
            "confederation": 1.0,
            "onside_score": 0.319
          }
        },
        "confidence_note": null,
        "odds_data_available": true,
        "reasoning_factors": {
          "home_ml_true_prob": 0.657,
          "draw_true_prob": 0.184,
          "away_ml_true_prob": 0.159,
          "home_form_score": 1.0,
          "away_form_score": 0.625,
          "home_record_score": 1.0,
          "away_record_score": 0.5,
          "spread_movement": 0.0,
          "home_onside_score": 0.494,
          "away_onside_score": 0.506,
          "home_prob_weighted": 0.501,
          "draw_prob_weighted": 0.231,
          "away_prob_weighted": 0.269,
          "elo_home_expected": 0.768,
          "raw_lambda_home": 0.7426,
          "raw_lambda_away": 0.3999
        },
        "match": "多特蒙德 vs 云达不莱梅",
        "home": "多特蒙德",
        "away": "云达不莱梅",
        "home_en": "Borussia Dortmund",
        "away_en": "SV Werder Bremen",
        "kickoff_utc": "2026-10-09T18:30:00Z",
        "data_window": "20260828-20261011"
      },
      {
        "direction": "美因茨05 胜 (接近)",
        "stars": "1-star",
        "confidence_score": 0.027,
        "predicted_score": "1-0",
        "poisson_top3": [
          {
            "score": "1-0",
            "prob": 0.0991
          },
          {
            "score": "2-1",
            "prob": 0.0899
          },
          {
            "score": "0-1",
            "prob": 0.0878
          }
        ],
        "lambda_home": 1.76,
        "lambda_away": 1.48,
        "lambda_home_ci95": [
          0,
          4.7
        ],
        "lambda_away_ci95": [
          0,
          4.2
        ],
        "over_under": "Under ",
        "btts": "No",
        "dixon_coles_used": true,
        "dixon_coles_rho": 0.295,
        "ml_model_used": true,
        "ml_proba": [
          0.3148,
          0.2468,
          0.4384
        ],
        "dixon_coles_league_rho": 0.19,
        "onside_signals": {
          "home": {
            "fifa_rank": 194,
            "fifa_score": 0.013,
            "league_footprint": 0.2,
            "host_advantage": 0.5,
            "confederation": 1.0,
            "onside_score": 0.318
          },
          "away": {
            "fifa_rank": 180,
            "fifa_score": 0.018,
            "league_footprint": 0.2,
            "host_advantage": 0.5,
            "confederation": 1.0,
            "onside_score": 0.319
          }
        },
        "confidence_note": "无盘口数据，仅基本面参考",
        "odds_data_available": false,
        "reasoning_factors": {
          "home_ml_true_prob": 0.485,
          "draw_true_prob": 0.253,
          "away_ml_true_prob": 0.262,
          "home_form_score": 0.625,
          "away_form_score": 0.625,
          "home_record_score": 0.5,
          "away_record_score": 0.5,
          "spread_movement": 0.0,
          "home_onside_score": 0.489,
          "away_onside_score": 0.511,
          "home_prob_weighted": 0.422,
          "draw_prob_weighted": 0.22,
          "away_prob_weighted": 0.358,
          "elo_home_expected": 0.583,
          "raw_lambda_home": 0.5514,
          "raw_lambda_away": 0.4614
        },
        "match": "美因茨05 vs 勒沃库森",
        "home": "美因茨05",
        "away": "勒沃库森",
        "home_en": "1. FSV Mainz 05",
        "away_en": "Bayer 04 Leverkusen",
        "kickoff_utc": "2026-10-10T13:30:00Z",
        "data_window": "20260828-20261011"
      },
      {
        "direction": "斯图加特 胜 (接近)",
        "stars": "1-star",
        "confidence_score": 0.318,
        "predicted_score": "0-1",
        "poisson_top3": [
          {
            "score": "0-1",
            "prob": 0.1261
          },
          {
            "score": "1-0",
            "prob": 0.1108
          },
          {
            "score": "1-2",
            "prob": 0.0904
          }
        ],
        "lambda_home": 1.28,
        "lambda_away": 1.54,
        "lambda_home_ci95": [
          0,
          3.9
        ],
        "lambda_away_ci95": [
          0,
          4.3
        ],
        "over_under": "Under 3.5",
        "btts": "No",
        "dixon_coles_used": true,
        "dixon_coles_rho": 0.295,
        "ml_model_used": true,
        "ml_proba": [
          0.5712,
          0.0927,
          0.3361
        ],
        "dixon_coles_league_rho": 0.19,
        "onside_signals": {
          "home": {
            "fifa_rank": 213,
            "fifa_score": 0.011,
            "league_footprint": 0.2,
            "host_advantage": 0.5,
            "confederation": 1.0,
            "onside_score": 0.318
          },
          "away": {
            "fifa_rank": 219,
            "fifa_score": 0.011,
            "league_footprint": 0.2,
            "host_advantage": 0.5,
            "confederation": 1.0,
            "onside_score": 0.318
          }
        },
        "confidence_note": null,
        "odds_data_available": true,
        "reasoning_factors": {
          "home_ml_true_prob": 0.191,
          "draw_true_prob": 0.213,
          "away_ml_true_prob": 0.596,
          "home_form_score": 0.375,
          "away_form_score": 0.25,
          "home_record_score": 0.25,
          "away_record_score": 0.25,
          "spread_movement": 0.0,
          "home_onside_score": 0.49,
          "away_onside_score": 0.51,
          "home_prob_weighted": 0.38,
          "draw_prob_weighted": 0.184,
          "away_prob_weighted": 0.436,
          "elo_home_expected": 0.664,
          "raw_lambda_home": 0.401,
          "raw_lambda_away": 0.4815
        },
        "match": "帕德博恩07 vs 斯图加特",
        "home": "帕德博恩07",
        "away": "斯图加特",
        "home_en": "SC Paderborn 07",
        "away_en": "VfB Stuttgart",
        "kickoff_utc": "2026-10-10T13:30:00Z",
        "data_window": "20260828-20261011"
      },
      {
        "direction": "鄂尔士贝格 胜 (接近)",
        "stars": "1-star",
        "confidence_score": 0.273,
        "predicted_score": "0-1",
        "poisson_top3": [
          {
            "score": "0-1",
            "prob": 0.1306
          },
          {
            "score": "1-0",
            "prob": 0.1027
          },
          {
            "score": "1-2",
            "prob": 0.095
          }
        ],
        "lambda_home": 1.18,
        "lambda_away": 1.66,
        "lambda_home_ci95": [
          0,
          3.7
        ],
        "lambda_away_ci95": [
          0,
          4.5
        ],
        "over_under": "Under 2.5",
        "btts": "No",
        "dixon_coles_used": true,
        "dixon_coles_rho": 0.295,
        "ml_model_used": true,
        "ml_proba": [
          0.4106,
          0.0824,
          0.507
        ],
        "dixon_coles_league_rho": 0.19,
        "onside_signals": {
          "home": {
            "fifa_rank": 255,
            "fifa_score": 0.011,
            "league_footprint": 0.2,
            "host_advantage": 0.5,
            "confederation": 1.0,
            "onside_score": 0.318
          },
          "away": {
            "fifa_rank": 188,
            "fifa_score": 0.015,
            "league_footprint": 0.2,
            "host_advantage": 0.5,
            "confederation": 1.0,
            "onside_score": 0.319
          }
        },
        "confidence_note": null,
        "odds_data_available": true,
        "reasoning_factors": {
          "home_ml_true_prob": 0.405,
          "draw_true_prob": 0.253,
          "away_ml_true_prob": 0.343,
          "home_form_score": 0.125,
          "away_form_score": 0.625,
          "home_record_score": 0.0,
          "away_record_score": 0.5,
          "spread_movement": 0.0,
          "home_onside_score": 0.489,
          "away_onside_score": 0.511,
          "home_prob_weighted": 0.384,
          "draw_prob_weighted": 0.195,
          "away_prob_weighted": 0.421,
          "elo_home_expected": 0.358,
          "raw_lambda_home": 0.3692,
          "raw_lambda_away": 0.5189
        },
        "match": "柏林联合 vs 鄂尔士贝格",
        "home": "柏林联合",
        "away": "鄂尔士贝格",
        "home_en": "1. FC Union Berlin",
        "away_en": "SV 07 Elversberg",
        "kickoff_utc": "2026-10-10T13:30:00Z",
        "data_window": "20260828-20261011"
      },
      {
        "direction": "霍芬海姆 胜",
        "stars": "2-star",
        "confidence_score": 0.48,
        "predicted_score": "1-0",
        "poisson_top3": [
          {
            "score": "1-0",
            "prob": 0.1382
          },
          {
            "score": "0-1",
            "prob": 0.1111
          },
          {
            "score": "2-1",
            "prob": 0.0932
          }
        ],
        "lambda_home": 1.57,
        "lambda_away": 1.15,
        "lambda_home_ci95": [
          0,
          4.4
        ],
        "lambda_away_ci95": [
          0,
          3.7
        ],
        "over_under": "Under ",
        "btts": "No",
        "dixon_coles_used": true,
        "dixon_coles_rho": 0.295,
        "ml_model_used": true,
        "ml_proba": [
          0.6475,
          0.0828,
          0.2698
        ],
        "dixon_coles_league_rho": 0.19,
        "onside_signals": {
          "home": {
            "fifa_rank": 226,
            "fifa_score": 0.011,
            "league_footprint": 0.2,
            "host_advantage": 0.5,
            "confederation": 1.0,
            "onside_score": 0.318
          },
          "away": {
            "fifa_rank": 248,
            "fifa_score": 0.011,
            "league_footprint": 0.2,
            "host_advantage": 0.5,
            "confederation": 1.0,
            "onside_score": 0.318
          }
        },
        "confidence_note": null,
        "odds_data_available": true,
        "reasoning_factors": {
          "home_ml_true_prob": 0.485,
          "draw_true_prob": 0.253,
          "away_ml_true_prob": 0.262,
          "home_form_score": 0.25,
          "away_form_score": 0.25,
          "home_record_score": 0.25,
          "away_record_score": 0.25,
          "spread_movement": 0.0,
          "home_onside_score": 0.49,
          "away_onside_score": 0.51,
          "home_prob_weighted": 0.49,
          "draw_prob_weighted": 0.195,
          "away_prob_weighted": 0.315,
          "elo_home_expected": 0.724,
          "raw_lambda_home": 0.4895,
          "raw_lambda_away": 0.3608
        },
        "match": "霍芬海姆 vs 汉堡",
        "home": "霍芬海姆",
        "away": "汉堡",
        "home_en": "TSG 1899 Hoffenheim",
        "away_en": "Hamburger SV",
        "kickoff_utc": "2026-10-10T13:30:00Z",
        "data_window": "20260828-20261011"
      },
      {
        "direction": "拜仁慕尼黑 胜",
        "stars": "2-star",
        "confidence_score": 0.536,
        "predicted_score": "1-2",
        "poisson_top3": [
          {
            "score": "1-2",
            "prob": 0.0935
          },
          {
            "score": "0-1",
            "prob": 0.0868
          },
          {
            "score": "1-3",
            "prob": 0.0692
          }
        ],
        "lambda_home": 1.36,
        "lambda_away": 2.22,
        "lambda_home_ci95": [
          0,
          4.0
        ],
        "lambda_away_ci95": [
          0,
          5.5
        ],
        "over_under": "Under 4.5",
        "btts": "No",
        "dixon_coles_used": true,
        "dixon_coles_rho": 0.295,
        "ml_model_used": true,
        "ml_proba": [
          0.1979,
          0.3446,
          0.4575
        ],
        "dixon_coles_league_rho": 0.19,
        "onside_signals": {
          "home": {
            "fifa_rank": 168,
            "fifa_score": 0.023,
            "league_footprint": 0.2,
            "host_advantage": 0.5,
            "confederation": 1.0,
            "onside_score": 0.321
          },
          "away": {
            "fifa_rank": 152,
            "fifa_score": 0.033,
            "league_footprint": 0.2,
            "host_advantage": 0.5,
            "confederation": 1.0,
            "onside_score": 0.323
          }
        },
        "confidence_note": null,
        "odds_data_available": true,
        "reasoning_factors": {
          "home_ml_true_prob": 0.112,
          "draw_true_prob": 0.125,
          "away_ml_true_prob": 0.763,
          "home_form_score": 0.625,
          "away_form_score": 0.875,
          "home_record_score": 0.5,
          "away_record_score": 0.75,
          "spread_movement": 0.0,
          "home_onside_score": 0.488,
          "away_onside_score": 0.512,
          "home_prob_weighted": 0.288,
          "draw_prob_weighted": 0.194,
          "away_prob_weighted": 0.518,
          "elo_home_expected": 0.574,
          "raw_lambda_home": 0.4242,
          "raw_lambda_away": 0.6943
        },
        "match": "奥格斯堡 vs 拜仁慕尼黑",
        "home": "奥格斯堡",
        "away": "拜仁慕尼黑",
        "home_en": "FC Augsburg",
        "away_en": "FC Bayern München",
        "kickoff_utc": "2026-10-10T13:30:00Z",
        "data_window": "20260828-20261011"
      },
      {
        "direction": "莱比锡红牛 胜",
        "stars": "2-star",
        "confidence_score": 0.469,
        "predicted_score": "1-0",
        "poisson_top3": [
          {
            "score": "1-0",
            "prob": 0.1145
          },
          {
            "score": "2-1",
            "prob": 0.0963
          },
          {
            "score": "0-1",
            "prob": 0.0875
          }
        ],
        "lambda_home": 1.84,
        "lambda_away": 1.25,
        "lambda_home_ci95": [
          0,
          4.8
        ],
        "lambda_away_ci95": [
          0,
          3.8
        ],
        "over_under": "Under 3.5",
        "btts": "No",
        "dixon_coles_used": true,
        "dixon_coles_rho": 0.295,
        "ml_model_used": true,
        "ml_proba": [
          0.4607,
          0.1393,
          0.4
        ],
        "dixon_coles_league_rho": 0.19,
        "onside_signals": {
          "home": {
            "fifa_rank": 199,
            "fifa_score": 0.012,
            "league_footprint": 0.2,
            "host_advantage": 0.5,
            "confederation": 1.0,
            "onside_score": 0.318
          },
          "away": {
            "fifa_rank": 197,
            "fifa_score": 0.012,
            "league_footprint": 0.2,
            "host_advantage": 0.5,
            "confederation": 1.0,
            "onside_score": 0.318
          }
        },
        "confidence_note": null,
        "odds_data_available": true,
        "reasoning_factors": {
          "home_ml_true_prob": 0.592,
          "draw_true_prob": 0.205,
          "away_ml_true_prob": 0.203,
          "home_form_score": 0.5,
          "away_form_score": 0.5,
          "home_record_score": 0.5,
          "away_record_score": 0.25,
          "spread_movement": 0.0,
          "home_onside_score": 0.49,
          "away_onside_score": 0.51,
          "home_prob_weighted": 0.484,
          "draw_prob_weighted": 0.188,
          "away_prob_weighted": 0.327,
          "elo_home_expected": 0.636,
          "raw_lambda_home": 0.5763,
          "raw_lambda_away": 0.3903
        },
        "match": "莱比锡红牛 vs 法兰克福",
        "home": "莱比锡红牛",
        "away": "法兰克福",
        "home_en": "RB Leipzig",
        "away_en": "Eintracht Frankfurt",
        "kickoff_utc": "2026-10-10T16:30:00Z",
        "data_window": "20260828-20261011"
      }
    ],
    "timing_ms": {
      "total": 6549
    },
    "monte_carlo": {
      "champion_probs": {
        "拜仁慕尼黑": 0.29,
        "弗赖堡": 0.16,
        "多特蒙德": 0.12,
        "美因茨05": 0.11,
        "奥格斯堡": 0.1,
        "勒沃库森": 0.07,
        "莱比锡红牛": 0.05,
        "法兰克福": 0.03,
        "鄂尔士贝格": 0.03,
        "云达不莱梅": 0.02,
        "沙尔克04": 0.01,
        "帕德博恩07": 0.01,
        "汉堡": 0.0,
        "门兴格拉德巴赫": 0.0,
        "霍芬海姆": 0.0,
        "斯图加特": 0.0,
        "科隆": 0.0,
        "柏林联合": 0.0
      },
      "round_reach_probs": {},
      "simulation_count": 100,
      "model": "dixon_coles",
      "rho": 0.295,
      "convergence_diagnostics": {
        "汉堡": {
          "count": 0,
          "probability": 0.0,
          "std_error": 0.0,
          "ci_95_lower": 0.0,
          "ci_95_upper": 0.0
        },
        "门兴格拉德巴赫": {
          "count": 0,
          "probability": 0.0,
          "std_error": 0.0,
          "ci_95_lower": 0.0,
          "ci_95_upper": 0.0
        },
        "沙尔克04": {
          "count": 1,
          "probability": 0.01,
          "std_error": 0.00995,
          "ci_95_lower": 0.0,
          "ci_95_upper": 0.0295
        },
        "霍芬海姆": {
          "count": 0,
          "probability": 0.0,
          "std_error": 0.0,
          "ci_95_lower": 0.0,
          "ci_95_upper": 0.0
        },
        "拜仁慕尼黑": {
          "count": 29,
          "probability": 0.29,
          "std_error": 0.04538,
          "ci_95_lower": 0.2011,
          "ci_95_upper": 0.3789
        },
        "多特蒙德": {
          "count": 12,
          "probability": 0.12,
          "std_error": 0.0325,
          "ci_95_lower": 0.0563,
          "ci_95_upper": 0.1837
        },
        "勒沃库森": {
          "count": 7,
          "probability": 0.07,
          "std_error": 0.02551,
          "ci_95_lower": 0.02,
          "ci_95_upper": 0.12
        },
        "斯图加特": {
          "count": 0,
          "probability": 0.0,
          "std_error": 0.0,
          "ci_95_lower": 0.0,
          "ci_95_upper": 0.0
        },
        "科隆": {
          "count": 0,
          "probability": 0.0,
          "std_error": 0.0,
          "ci_95_lower": 0.0,
          "ci_95_upper": 0.0
        },
        "柏林联合": {
          "count": 0,
          "probability": 0.0,
          "std_error": 0.0,
          "ci_95_lower": 0.0,
          "ci_95_upper": 0.0
        },
        "奥格斯堡": {
          "count": 10,
          "probability": 0.1,
          "std_error": 0.03,
          "ci_95_lower": 0.0412,
          "ci_95_upper": 0.1588
        },
        "莱比锡红牛": {
          "count": 5,
          "probability": 0.05,
          "std_error": 0.02179,
          "ci_95_lower": 0.0073,
          "ci_95_upper": 0.0927
        },
        "弗赖堡": {
          "count": 16,
          "probability": 0.16,
          "std_error": 0.03666,
          "ci_95_lower": 0.0881,
          "ci_95_upper": 0.2319
        },
        "美因茨05": {
          "count": 11,
          "probability": 0.11,
          "std_error": 0.03129,
          "ci_95_lower": 0.0487,
          "ci_95_upper": 0.1713
        },
        "法兰克福": {
          "count": 3,
          "probability": 0.03,
          "std_error": 0.01706,
          "ci_95_lower": 0.0,
          "ci_95_upper": 0.0634
        },
        "鄂尔士贝格": {
          "count": 3,
          "probability": 0.03,
          "std_error": 0.01706,
          "ci_95_lower": 0.0,
          "ci_95_upper": 0.0634
        },
        "云达不莱梅": {
          "count": 2,
          "probability": 0.02,
          "std_error": 0.014,
          "ci_95_lower": 0.0,
          "ci_95_upper": 0.0474
        },
        "帕德博恩07": {
          "count": 1,
          "probability": 0.01,
          "std_error": 0.00995,
          "ci_95_lower": 0.0,
          "ci_95_upper": 0.0295
        },
        "_summary": {
          "max_std_error": 0.04538,
          "avg_std_error": 0.01618,
          "teams_with_se_above_1pct": 10,
          "n_simulations": 100
        }
      }
    }
  },
  {
    "generated_at": "2026-09-27T21:27:50.488120+08:00",
    "data_window": "20260828-20261011",
    "status": "ok",
    "league": "seriea",
    "tournament_type": "league",
    "data_source": "",
    "dixon_coles_enabled": true,
    "dixon_coles_rho": 0.5,
    "calibration": {
      "total_matches": 50,
      "home_wins": 22,
      "draws": 9,
      "away_wins": 19,
      "home_win_rate": 0.44,
      "draw_rate": 0.18,
      "away_win_rate": 0.38,
      "favored_by_odds": 0,
      "favored_won": 0,
      "odds_accuracy": 0
    },
    "calibration_offset": {
      "home_correction": 0.92,
      "draw_correction": 1.105,
      "away_correction": 1.033,
      "onside_home_correction": 0.96,
      "onside_away_correction": 1.016,
      "sample_size": 1191,
      "sample_weight": 1.0,
      "actual_home_rate": 0.414,
      "actual_draw_rate": 0.276,
      "actual_away_rate": 0.31,
      "_saved_at": "2026-09-27T13:28:14Z",
      "_league": "seriea"
    },
    "past_matches": [
      {
        "name": "乌迪内斯 vs 科莫",
        "status": "STATUS_FULL_TIME",
        "completed": true,
        "kickoff_utc": "2026-08-22T16:30:00Z",
        "time_to_kickoff_h": -861.0,
        "home": "乌迪内斯",
        "away": "科莫",
        "home_en": "Udinese Calcio",
        "away_en": "Como 1907",
        "home_abbr": "UNK",
        "away_abbr": "UNK",
        "score": "1-1",
        "home_form": "",
        "away_form": "",
        "home_form_score": 0.5,
        "away_form_score": 0.5,
        "home_record": "",
        "away_record": "",
        "home_record_score": 0.5,
        "away_record_score": 0.5,
        "ml_home_close": null,
        "draw_ml": null,
        "home_ml_implied": null,
        "draw_implied": null,
        "home_true_prob": null,
        "draw_true_prob": null,
        "away_true_prob": null,
        "spread_home_line": "",
        "spread_home_close_odds": "",
        "spread_movement_score": 0.0,
        "total_over_close": "",
        "total_under_close": "",
        "odds_data_available": false
      },
      {
        "name": "国际米兰 vs 蒙扎",
        "status": "STATUS_FULL_TIME",
        "completed": true,
        "kickoff_utc": "2026-08-22T16:30:00Z",
        "time_to_kickoff_h": -861.0,
        "home": "国际米兰",
        "away": "蒙扎",
        "home_en": "FC Internazionale Milano",
        "away_en": "AC Monza",
        "home_abbr": "UNK",
        "away_abbr": "UNK",
        "score": "4-1",
        "home_form": "",
        "away_form": "",
        "home_form_score": 0.5,
        "away_form_score": 0.5,
        "home_record": "",
        "away_record": "",
        "home_record_score": 0.5,
        "away_record_score": 0.5,
        "ml_home_close": null,
        "draw_ml": null,
        "home_ml_implied": null,
        "draw_implied": null,
        "home_true_prob": null,
        "draw_true_prob": null,
        "away_true_prob": null,
        "spread_home_line": "",
        "spread_home_close_odds": "",
        "spread_movement_score": 0.0,
        "total_over_close": "",
        "total_under_close": "",
        "odds_data_available": false
      },
      {
        "name": "热那亚 vs 那不勒斯",
        "status": "STATUS_FULL_TIME",
        "completed": true,
        "kickoff_utc": "2026-08-22T18:45:00Z",
        "time_to_kickoff_h": -858.7,
        "home": "热那亚",
        "away": "那不勒斯",
        "home_en": "Genoa CFC",
        "away_en": "SSC Napoli",
        "home_abbr": "UNK",
        "away_abbr": "UNK",
        "score": "0-2",
        "home_form": "",
        "away_form": "",
        "home_form_score": 0.5,
        "away_form_score": 0.5,
        "home_record": "",
        "away_record": "",
        "home_record_score": 0.5,
        "away_record_score": 0.5,
        "ml_home_close": null,
        "draw_ml": null,
        "home_ml_implied": null,
        "draw_implied": null,
        "home_true_prob": null,
        "draw_true_prob": null,
        "away_true_prob": null,
        "spread_home_line": "",
        "spread_home_close_odds": "",
        "spread_movement_score": 0.0,
        "total_over_close": "",
        "total_under_close": "",
        "odds_data_available": false
      },
      {
        "name": "帕尔马 vs 卡利亚里",
        "status": "STATUS_FULL_TIME",
        "completed": true,
        "kickoff_utc": "2026-08-22T18:45:00Z",
        "time_to_kickoff_h": -858.7,
        "home": "帕尔马",
        "away": "卡利亚里",
        "home_en": "Parma Calcio 1913",
        "away_en": "Cagliari Calcio",
        "home_abbr": "UNK",
        "away_abbr": "UNK",
        "score": "0-1",
        "home_form": "",
        "away_form": "",
        "home_form_score": 0.5,
        "away_form_score": 0.5,
        "home_record": "",
        "away_record": "",
        "home_record_score": 0.5,
        "away_record_score": 0.5,
        "ml_home_close": null,
        "draw_ml": null,
        "home_ml_implied": null,
        "draw_implied": null,
        "home_true_prob": null,
        "draw_true_prob": null,
        "away_true_prob": null,
        "spread_home_line": "",
        "spread_home_close_odds": "",
        "spread_movement_score": 0.0,
        "total_over_close": "",
        "total_under_close": "",
        "odds_data_available": false
      },
      {
        "name": "弗罗西诺内 vs 尤文图斯",
        "status": "STATUS_FULL_TIME",
        "completed": true,
        "kickoff_utc": "2026-08-23T16:30:00Z",
        "time_to_kickoff_h": -837.0,
        "home": "弗罗西诺内",
        "away": "尤文图斯",
        "home_en": "Frosinone Calcio",
        "away_en": "Juventus FC",
        "home_abbr": "UNK",
        "away_abbr": "UNK",
        "score": "0-1",
        "home_form": "",
        "away_form": "",
        "home_form_score": 0.5,
        "away_form_score": 0.5,
        "home_record": "",
        "away_record": "",
        "home_record_score": 0.5,
        "away_record_score": 0.5,
        "ml_home_close": null,
        "draw_ml": null,
        "home_ml_implied": null,
        "draw_implied": null,
        "home_true_prob": null,
        "draw_true_prob": null,
        "away_true_prob": null,
        "spread_home_line": "",
        "spread_home_close_odds": "",
        "spread_movement_score": 0.0,
        "total_over_close": "",
        "total_under_close": "",
        "odds_data_available": false
      },
      {
        "name": "威尼斯 vs 莱切",
        "status": "STATUS_FULL_TIME",
        "completed": true,
        "kickoff_utc": "2026-08-23T16:30:00Z",
        "time_to_kickoff_h": -837.0,
        "home": "威尼斯",
        "away": "莱切",
        "home_en": "Venezia FC",
        "away_en": "US Lecce",
        "home_abbr": "UNK",
        "away_abbr": "UNK",
        "score": "0-2",
        "home_form": "",
        "away_form": "",
        "home_form_score": 0.5,
        "away_form_score": 0.5,
        "home_record": "",
        "away_record": "",
        "home_record_score": 0.5,
        "away_record_score": 0.5,
        "ml_home_close": null,
        "draw_ml": null,
        "home_ml_implied": null,
        "draw_implied": null,
        "home_true_prob": null,
        "draw_true_prob": null,
        "away_true_prob": null,
        "spread_home_line": "",
        "spread_home_close_odds": "",
        "spread_movement_score": 0.0,
        "total_over_close": "",
        "total_under_close": "",
        "odds_data_available": false
      },
      {
        "name": "亚特兰大 vs 萨索洛",
        "status": "STATUS_FULL_TIME",
        "completed": true,
        "kickoff_utc": "2026-08-23T18:45:00Z",
        "time_to_kickoff_h": -834.7,
        "home": "亚特兰大",
        "away": "萨索洛",
        "home_en": "Atalanta BC",
        "away_en": "US Sassuolo Calcio",
        "home_abbr": "UNK",
        "away_abbr": "UNK",
        "score": "2-1",
        "home_form": "",
        "away_form": "",
        "home_form_score": 0.5,
        "away_form_score": 0.5,
        "home_record": "",
        "away_record": "",
        "home_record_score": 0.5,
        "away_record_score": 0.5,
        "ml_home_close": null,
        "draw_ml": null,
        "home_ml_implied": null,
        "draw_implied": null,
        "home_true_prob": null,
        "draw_true_prob": null,
        "away_true_prob": null,
        "spread_home_line": "",
        "spread_home_close_odds": "",
        "spread_movement_score": 0.0,
        "total_over_close": "",
        "total_under_close": "",
        "odds_data_available": false
      },
      {
        "name": "都灵 vs AC米兰",
        "status": "STATUS_FULL_TIME",
        "completed": true,
        "kickoff_utc": "2026-08-23T18:45:00Z",
        "time_to_kickoff_h": -834.7,
        "home": "都灵",
        "away": "AC米兰",
        "home_en": "Torino FC",
        "away_en": "AC Milan",
        "home_abbr": "UNK",
        "away_abbr": "UNK",
        "score": "1-2",
        "home_form": "",
        "away_form": "",
        "home_form_score": 0.5,
        "away_form_score": 0.5,
        "home_record": "",
        "away_record": "",
        "home_record_score": 0.5,
        "away_record_score": 0.5,
        "ml_home_close": null,
        "draw_ml": null,
        "home_ml_implied": null,
        "draw_implied": null,
        "home_true_prob": null,
        "draw_true_prob": null,
        "away_true_prob": null,
        "spread_home_line": "",
        "spread_home_close_odds": "",
        "spread_movement_score": 0.0,
        "total_over_close": "",
        "total_under_close": "",
        "odds_data_available": false
      },
      {
        "name": "博洛尼亚 vs 拉齐奥",
        "status": "STATUS_FULL_TIME",
        "completed": true,
        "kickoff_utc": "2026-08-24T16:30:00Z",
        "time_to_kickoff_h": -813.0,
        "home": "博洛尼亚",
        "away": "拉齐奥",
        "home_en": "Bologna FC 1909",
        "away_en": "SS Lazio",
        "home_abbr": "UNK",
        "away_abbr": "UNK",
        "score": "0-1",
        "home_form": "",
        "away_form": "",
        "home_form_score": 0.5,
        "away_form_score": 0.5,
        "home_record": "",
        "away_record": "",
        "home_record_score": 0.5,
        "away_record_score": 0.5,
        "ml_home_close": null,
        "draw_ml": null,
        "home_ml_implied": null,
        "draw_implied": null,
        "home_true_prob": null,
        "draw_true_prob": null,
        "away_true_prob": null,
        "spread_home_line": "",
        "spread_home_close_odds": "",
        "spread_movement_score": 0.0,
        "total_over_close": "",
        "total_under_close": "",
        "odds_data_available": false
      },
      {
        "name": "罗马 vs 佛罗伦萨",
        "status": "STATUS_FULL_TIME",
        "completed": true,
        "kickoff_utc": "2026-08-24T18:45:00Z",
        "time_to_kickoff_h": -810.7,
        "home": "罗马",
        "away": "佛罗伦萨",
        "home_en": "AS Roma",
        "away_en": "ACF Fiorentina",
        "home_abbr": "UNK",
        "away_abbr": "UNK",
        "score": "4-0",
        "home_form": "",
        "away_form": "",
        "home_form_score": 0.5,
        "away_form_score": 0.5,
        "home_record": "",
        "away_record": "",
        "home_record_score": 0.5,
        "away_record_score": 0.5,
        "ml_home_close": null,
        "draw_ml": null,
        "home_ml_implied": null,
        "draw_implied": null,
        "home_true_prob": null,
        "draw_true_prob": null,
        "away_true_prob": null,
        "spread_home_line": "",
        "spread_home_close_odds": "",
        "spread_movement_score": 0.0,
        "total_over_close": "",
        "total_under_close": "",
        "odds_data_available": false
      },
      {
        "name": "AC米兰 vs 威尼斯",
        "status": "STATUS_FULL_TIME",
        "completed": true,
        "kickoff_utc": "2026-08-28T18:45:00Z",
        "time_to_kickoff_h": -714.7,
        "home": "AC米兰",
        "away": "威尼斯",
        "home_en": "AC Milan",
        "away_en": "Venezia FC",
        "home_abbr": "UNK",
        "away_abbr": "UNK",
        "score": "2-0",
        "home_form": "W",
        "away_form": "L",
        "home_form_score": 1.0,
        "away_form_score": 0.0,
        "home_record": "1-0-0",
        "away_record": "0-0-1",
        "home_record_score": 1.0,
        "away_record_score": 0.0,
        "ml_home_close": null,
        "draw_ml": null,
        "home_ml_implied": null,
        "draw_implied": null,
        "home_true_prob": null,
        "draw_true_prob": null,
        "away_true_prob": null,
        "spread_home_line": "",
        "spread_home_close_odds": "",
        "spread_movement_score": 0.0,
        "total_over_close": "",
        "total_under_close": "",
        "odds_data_available": false
      },
      {
        "name": "萨索洛 vs 都灵",
        "status": "STATUS_FULL_TIME",
        "completed": true,
        "kickoff_utc": "2026-08-29T16:30:00Z",
        "time_to_kickoff_h": -693.0,
        "home": "萨索洛",
        "away": "都灵",
        "home_en": "US Sassuolo Calcio",
        "away_en": "Torino FC",
        "home_abbr": "UNK",
        "away_abbr": "UNK",
        "score": "2-1",
        "home_form": "L",
        "away_form": "L",
        "home_form_score": 0.0,
        "away_form_score": 0.0,
        "home_record": "0-0-1",
        "away_record": "0-0-1",
        "home_record_score": 0.0,
        "away_record_score": 0.0,
        "ml_home_close": null,
        "draw_ml": null,
        "home_ml_implied": null,
        "draw_implied": null,
        "home_true_prob": null,
        "draw_true_prob": null,
        "away_true_prob": null,
        "spread_home_line": "",
        "spread_home_close_odds": "",
        "spread_movement_score": 0.0,
        "total_over_close": "",
        "total_under_close": "",
        "odds_data_available": false
      },
      {
        "name": "蒙扎 vs 乌迪内斯",
        "status": "STATUS_FULL_TIME",
        "completed": true,
        "kickoff_utc": "2026-08-29T16:30:00Z",
        "time_to_kickoff_h": -693.0,
        "home": "蒙扎",
        "away": "乌迪内斯",
        "home_en": "AC Monza",
        "away_en": "Udinese Calcio",
        "home_abbr": "UNK",
        "away_abbr": "UNK",
        "score": "2-3",
        "home_form": "L",
        "away_form": "D",
        "home_form_score": 0.0,
        "away_form_score": 0.5,
        "home_record": "0-0-1",
        "away_record": "0-1-0",
        "home_record_score": 0.0,
        "away_record_score": 0.0,
        "ml_home_close": null,
        "draw_ml": null,
        "home_ml_implied": null,
        "draw_implied": null,
        "home_true_prob": null,
        "draw_true_prob": null,
        "away_true_prob": null,
        "spread_home_line": "",
        "spread_home_close_odds": "",
        "spread_movement_score": 0.0,
        "total_over_close": "",
        "total_under_close": "",
        "odds_data_available": false
      },
      {
        "name": "佛罗伦萨 vs 弗罗西诺内",
        "status": "STATUS_FULL_TIME",
        "completed": true,
        "kickoff_utc": "2026-08-29T16:30:00Z",
        "time_to_kickoff_h": -693.0,
        "home": "佛罗伦萨",
        "away": "弗罗西诺内",
        "home_en": "ACF Fiorentina",
        "away_en": "Frosinone Calcio",
        "home_abbr": "UNK",
        "away_abbr": "UNK",
        "score": "0-3",
        "home_form": "L",
        "away_form": "L",
        "home_form_score": 0.0,
        "away_form_score": 0.0,
        "home_record": "0-0-1",
        "away_record": "0-0-1",
        "home_record_score": 0.0,
        "away_record_score": 0.0,
        "ml_home_close": null,
        "draw_ml": null,
        "home_ml_implied": null,
        "draw_implied": null,
        "home_true_prob": null,
        "draw_true_prob": null,
        "away_true_prob": null,
        "spread_home_line": "",
        "spread_home_close_odds": "",
        "spread_movement_score": 0.0,
        "total_over_close": "",
        "total_under_close": "",
        "odds_data_available": false
      },
      {
        "name": "尤文图斯 vs 帕尔马",
        "status": "STATUS_FULL_TIME",
        "completed": true,
        "kickoff_utc": "2026-08-29T18:45:00Z",
        "time_to_kickoff_h": -690.7,
        "home": "尤文图斯",
        "away": "帕尔马",
        "home_en": "Juventus FC",
        "away_en": "Parma Calcio 1913",
        "home_abbr": "UNK",
        "away_abbr": "UNK",
        "score": "2-0",
        "home_form": "W",
        "away_form": "L",
        "home_form_score": 1.0,
        "away_form_score": 0.0,
        "home_record": "1-0-0",
        "away_record": "0-0-1",
        "home_record_score": 1.0,
        "away_record_score": 0.0,
        "ml_home_close": null,
        "draw_ml": null,
        "home_ml_implied": null,
        "draw_implied": null,
        "home_true_prob": null,
        "draw_true_prob": null,
        "away_true_prob": null,
        "spread_home_line": "",
        "spread_home_close_odds": "",
        "spread_movement_score": 0.0,
        "total_over_close": "",
        "total_under_close": "",
        "odds_data_available": false
      },
      {
        "name": "那不勒斯 vs 科莫",
        "status": "STATUS_FULL_TIME",
        "completed": true,
        "kickoff_utc": "2026-08-30T16:30:00Z",
        "time_to_kickoff_h": -669.0,
        "home": "那不勒斯",
        "away": "科莫",
        "home_en": "SSC Napoli",
        "away_en": "Como 1907",
        "home_abbr": "UNK",
        "away_abbr": "UNK",
        "score": "1-2",
        "home_form": "W",
        "away_form": "D",
        "home_form_score": 1.0,
        "away_form_score": 0.5,
        "home_record": "1-0-0",
        "away_record": "0-1-0",
        "home_record_score": 1.0,
        "away_record_score": 0.0,
        "ml_home_close": null,
        "draw_ml": null,
        "home_ml_implied": null,
        "draw_implied": null,
        "home_true_prob": null,
        "draw_true_prob": null,
        "away_true_prob": null,
        "spread_home_line": "",
        "spread_home_close_odds": "",
        "spread_movement_score": 0.0,
        "total_over_close": "",
        "total_under_close": "",
        "odds_data_available": false
      },
      {
        "name": "拉齐奥 vs 热那亚",
        "status": "STATUS_FULL_TIME",
        "completed": true,
        "kickoff_utc": "2026-08-30T18:45:00Z",
        "time_to_kickoff_h": -666.7,
        "home": "拉齐奥",
        "away": "热那亚",
        "home_en": "SS Lazio",
        "away_en": "Genoa CFC",
        "home_abbr": "UNK",
        "away_abbr": "UNK",
        "score": "1-0",
        "home_form": "W",
        "away_form": "L",
        "home_form_score": 1.0,
        "away_form_score": 0.0,
        "home_record": "1-0-0",
        "away_record": "0-0-1",
        "home_record_score": 1.0,
        "away_record_score": 0.0,
        "ml_home_close": null,
        "draw_ml": null,
        "home_ml_implied": null,
        "draw_implied": null,
        "home_true_prob": null,
        "draw_true_prob": null,
        "away_true_prob": null,
        "spread_home_line": "",
        "spread_home_close_odds": "",
        "spread_movement_score": 0.0,
        "total_over_close": "",
        "total_under_close": "",
        "odds_data_available": false
      },
      {
        "name": "卡利亚里 vs 国际米兰",
        "status": "STATUS_FULL_TIME",
        "completed": true,
        "kickoff_utc": "2026-08-30T18:45:00Z",
        "time_to_kickoff_h": -666.7,
        "home": "卡利亚里",
        "away": "国际米兰",
        "home_en": "Cagliari Calcio",
        "away_en": "FC Internazionale Milano",
        "home_abbr": "UNK",
        "away_abbr": "UNK",
        "score": "0-1",
        "home_form": "W",
        "away_form": "W",
        "home_form_score": 1.0,
        "away_form_score": 1.0,
        "home_record": "1-0-0",
        "away_record": "1-0-0",
        "home_record_score": 1.0,
        "away_record_score": 1.0,
        "ml_home_close": null,
        "draw_ml": null,
        "home_ml_implied": null,
        "draw_implied": null,
        "home_true_prob": null,
        "draw_true_prob": null,
        "away_true_prob": null,
        "spread_home_line": "",
        "spread_home_close_odds": "",
        "spread_movement_score": 0.0,
        "total_over_close": "",
        "total_under_close": "",
        "odds_data_available": false
      },
      {
        "name": "莱切 vs 罗马",
        "status": "STATUS_FULL_TIME",
        "completed": true,
        "kickoff_utc": "2026-08-31T16:30:00Z",
        "time_to_kickoff_h": -645.0,
        "home": "莱切",
        "away": "罗马",
        "home_en": "US Lecce",
        "away_en": "AS Roma",
        "home_abbr": "UNK",
        "away_abbr": "UNK",
        "score": "0-4",
        "home_form": "W",
        "away_form": "W",
        "home_form_score": 1.0,
        "away_form_score": 1.0,
        "home_record": "1-0-0",
        "away_record": "1-0-0",
        "home_record_score": 1.0,
        "away_record_score": 1.0,
        "ml_home_close": null,
        "draw_ml": null,
        "home_ml_implied": null,
        "draw_implied": null,
        "home_true_prob": null,
        "draw_true_prob": null,
        "away_true_prob": null,
        "spread_home_line": "",
        "spread_home_close_odds": "",
        "spread_movement_score": 0.0,
        "total_over_close": "",
        "total_under_close": "",
        "odds_data_available": false
      },
      {
        "name": "亚特兰大 vs 博洛尼亚",
        "status": "STATUS_FULL_TIME",
        "completed": true,
        "kickoff_utc": "2026-08-31T18:45:00Z",
        "time_to_kickoff_h": -642.7,
        "home": "亚特兰大",
        "away": "博洛尼亚",
        "home_en": "Atalanta BC",
        "away_en": "Bologna FC 1909",
        "home_abbr": "UNK",
        "away_abbr": "UNK",
        "score": "1-0",
        "home_form": "W",
        "away_form": "L",
        "home_form_score": 1.0,
        "away_form_score": 0.0,
        "home_record": "1-0-0",
        "away_record": "0-0-1",
        "home_record_score": 1.0,
        "away_record_score": 0.0,
        "ml_home_close": null,
        "draw_ml": null,
        "home_ml_implied": null,
        "draw_implied": null,
        "home_true_prob": null,
        "draw_true_prob": null,
        "away_true_prob": null,
        "spread_home_line": "",
        "spread_home_close_odds": "",
        "spread_movement_score": 0.0,
        "total_over_close": "",
        "total_under_close": "",
        "odds_data_available": false
      },
      {
        "name": "热那亚 vs 科莫",
        "status": "STATUS_FULL_TIME",
        "completed": true,
        "kickoff_utc": "2026-09-04T18:45:00Z",
        "time_to_kickoff_h": -546.7,
        "home": "热那亚",
        "away": "科莫",
        "home_en": "Genoa CFC",
        "away_en": "Como 1907",
        "home_abbr": "UNK",
        "away_abbr": "UNK",
        "score": "1-4",
        "home_form": "LL",
        "away_form": "DW",
        "home_form_score": 0.0,
        "away_form_score": 0.75,
        "home_record": "0-0-2",
        "away_record": "1-1-0",
        "home_record_score": 0.0,
        "away_record_score": 0.5,
        "ml_home_close": null,
        "draw_ml": null,
        "home_ml_implied": null,
        "draw_implied": null,
        "home_true_prob": null,
        "draw_true_prob": null,
        "away_true_prob": null,
        "spread_home_line": "",
        "spread_home_close_odds": "",
        "spread_movement_score": 0.0,
        "total_over_close": "",
        "total_under_close": "",
        "odds_data_available": false
      },
      {
        "name": "佛罗伦萨 vs 都灵",
        "status": "STATUS_FULL_TIME",
        "completed": true,
        "kickoff_utc": "2026-09-05T13:00:00Z",
        "time_to_kickoff_h": -528.5,
        "home": "佛罗伦萨",
        "away": "都灵",
        "home_en": "ACF Fiorentina",
        "away_en": "Torino FC",
        "home_abbr": "UNK",
        "away_abbr": "UNK",
        "score": "1-2",
        "home_form": "LL",
        "away_form": "LL",
        "home_form_score": 0.0,
        "away_form_score": 0.0,
        "home_record": "0-0-2",
        "away_record": "0-0-2",
        "home_record_score": 0.0,
        "away_record_score": 0.0,
        "ml_home_close": null,
        "draw_ml": null,
        "home_ml_implied": null,
        "draw_implied": null,
        "home_true_prob": null,
        "draw_true_prob": null,
        "away_true_prob": null,
        "spread_home_line": "",
        "spread_home_close_odds": "",
        "spread_movement_score": 0.0,
        "total_over_close": "",
        "total_under_close": "",
        "odds_data_available": false
      },
      {
        "name": "国际米兰 vs 那不勒斯",
        "status": "STATUS_FULL_TIME",
        "completed": true,
        "kickoff_utc": "2026-09-05T16:00:00Z",
        "time_to_kickoff_h": -525.5,
        "home": "国际米兰",
        "away": "那不勒斯",
        "home_en": "FC Internazionale Milano",
        "away_en": "SSC Napoli",
        "home_abbr": "UNK",
        "away_abbr": "UNK",
        "score": "3-2",
        "home_form": "WW",
        "away_form": "WL",
        "home_form_score": 1.0,
        "away_form_score": 0.5,
        "home_record": "2-0-0",
        "away_record": "1-0-1",
        "home_record_score": 1.0,
        "away_record_score": 0.5,
        "ml_home_close": null,
        "draw_ml": null,
        "home_ml_implied": null,
        "draw_implied": null,
        "home_true_prob": null,
        "draw_true_prob": null,
        "away_true_prob": null,
        "spread_home_line": "",
        "spread_home_close_odds": "",
        "spread_movement_score": 0.0,
        "total_over_close": "",
        "total_under_close": "",
        "odds_data_available": false
      },
      {
        "name": "罗马 vs 亚特兰大",
        "status": "STATUS_FULL_TIME",
        "completed": true,
        "kickoff_utc": "2026-09-05T18:45:00Z",
        "time_to_kickoff_h": -522.7,
        "home": "罗马",
        "away": "亚特兰大",
        "home_en": "AS Roma",
        "away_en": "Atalanta BC",
        "home_abbr": "UNK",
        "away_abbr": "UNK",
        "score": "2-1",
        "home_form": "WW",
        "away_form": "WW",
        "home_form_score": 1.0,
        "away_form_score": 1.0,
        "home_record": "2-0-0",
        "away_record": "2-0-0",
        "home_record_score": 1.0,
        "away_record_score": 1.0,
        "ml_home_close": null,
        "draw_ml": null,
        "home_ml_implied": null,
        "draw_implied": null,
        "home_true_prob": null,
        "draw_true_prob": null,
        "away_true_prob": null,
        "spread_home_line": "",
        "spread_home_close_odds": "",
        "spread_movement_score": 0.0,
        "total_over_close": "",
        "total_under_close": "",
        "odds_data_available": false
      },
      {
        "name": "帕尔马 vs 蒙扎",
        "status": "STATUS_FULL_TIME",
        "completed": true,
        "kickoff_utc": "2026-09-06T13:00:00Z",
        "time_to_kickoff_h": -504.5,
        "home": "帕尔马",
        "away": "蒙扎",
        "home_en": "Parma Calcio 1913",
        "away_en": "AC Monza",
        "home_abbr": "UNK",
        "away_abbr": "UNK",
        "score": "1-1",
        "home_form": "LL",
        "away_form": "LL",
        "home_form_score": 0.0,
        "away_form_score": 0.0,
        "home_record": "0-0-2",
        "away_record": "0-0-2",
        "home_record_score": 0.0,
        "away_record_score": 0.0,
        "ml_home_close": null,
        "draw_ml": null,
        "home_ml_implied": null,
        "draw_implied": null,
        "home_true_prob": null,
        "draw_true_prob": null,
        "away_true_prob": null,
        "spread_home_line": "",
        "spread_home_close_odds": "",
        "spread_movement_score": 0.0,
        "total_over_close": "",
        "total_under_close": "",
        "odds_data_available": false
      },
      {
        "name": "弗罗西诺内 vs 威尼斯",
        "status": "STATUS_FULL_TIME",
        "completed": true,
        "kickoff_utc": "2026-09-06T13:00:00Z",
        "time_to_kickoff_h": -504.5,
        "home": "弗罗西诺内",
        "away": "威尼斯",
        "home_en": "Frosinone Calcio",
        "away_en": "Venezia FC",
        "home_abbr": "UNK",
        "away_abbr": "UNK",
        "score": "3-2",
        "home_form": "LW",
        "away_form": "LL",
        "home_form_score": 0.5,
        "away_form_score": 0.0,
        "home_record": "1-0-1",
        "away_record": "0-0-2",
        "home_record_score": 0.5,
        "away_record_score": 0.0,
        "ml_home_close": null,
        "draw_ml": null,
        "home_ml_implied": null,
        "draw_implied": null,
        "home_true_prob": null,
        "draw_true_prob": null,
        "away_true_prob": null,
        "spread_home_line": "",
        "spread_home_close_odds": "",
        "spread_movement_score": 0.0,
        "total_over_close": "",
        "total_under_close": "",
        "odds_data_available": false
      },
      {
        "name": "博洛尼亚 vs 萨索洛",
        "status": "STATUS_FULL_TIME",
        "completed": true,
        "kickoff_utc": "2026-09-06T16:00:00Z",
        "time_to_kickoff_h": -501.5,
        "home": "博洛尼亚",
        "away": "萨索洛",
        "home_en": "Bologna FC 1909",
        "away_en": "US Sassuolo Calcio",
        "home_abbr": "UNK",
        "away_abbr": "UNK",
        "score": "2-2",
        "home_form": "LL",
        "away_form": "LW",
        "home_form_score": 0.0,
        "away_form_score": 0.5,
        "home_record": "0-0-2",
        "away_record": "1-0-1",
        "home_record_score": 0.0,
        "away_record_score": 0.5,
        "ml_home_close": null,
        "draw_ml": null,
        "home_ml_implied": null,
        "draw_implied": null,
        "home_true_prob": null,
        "draw_true_prob": null,
        "away_true_prob": null,
        "spread_home_line": "",
        "spread_home_close_odds": "",
        "spread_movement_score": 0.0,
        "total_over_close": "",
        "total_under_close": "",
        "odds_data_available": false
      },
      {
        "name": "尤文图斯 vs AC米兰",
        "status": "STATUS_FULL_TIME",
        "completed": true,
        "kickoff_utc": "2026-09-06T18:45:00Z",
        "time_to_kickoff_h": -498.7,
        "home": "尤文图斯",
        "away": "AC米兰",
        "home_en": "Juventus FC",
        "away_en": "AC Milan",
        "home_abbr": "UNK",
        "away_abbr": "UNK",
        "score": "1-1",
        "home_form": "WW",
        "away_form": "WW",
        "home_form_score": 1.0,
        "away_form_score": 1.0,
        "home_record": "2-0-0",
        "away_record": "2-0-0",
        "home_record_score": 1.0,
        "away_record_score": 1.0,
        "ml_home_close": null,
        "draw_ml": null,
        "home_ml_implied": null,
        "draw_implied": null,
        "home_true_prob": null,
        "draw_true_prob": null,
        "away_true_prob": null,
        "spread_home_line": "",
        "spread_home_close_odds": "",
        "spread_movement_score": 0.0,
        "total_over_close": "",
        "total_under_close": "",
        "odds_data_available": false
      },
      {
        "name": "卡利亚里 vs 莱切",
        "status": "STATUS_FULL_TIME",
        "completed": true,
        "kickoff_utc": "2026-09-07T16:30:00Z",
        "time_to_kickoff_h": -477.0,
        "home": "卡利亚里",
        "away": "莱切",
        "home_en": "Cagliari Calcio",
        "away_en": "US Lecce",
        "home_abbr": "UNK",
        "away_abbr": "UNK",
        "score": "1-0",
        "home_form": "WL",
        "away_form": "WL",
        "home_form_score": 0.5,
        "away_form_score": 0.5,
        "home_record": "1-0-1",
        "away_record": "1-0-1",
        "home_record_score": 0.5,
        "away_record_score": 0.5,
        "ml_home_close": null,
        "draw_ml": null,
        "home_ml_implied": null,
        "draw_implied": null,
        "home_true_prob": null,
        "draw_true_prob": null,
        "away_true_prob": null,
        "spread_home_line": "",
        "spread_home_close_odds": "",
        "spread_movement_score": 0.0,
        "total_over_close": "",
        "total_under_close": "",
        "odds_data_available": false
      },
      {
        "name": "乌迪内斯 vs 拉齐奥",
        "status": "STATUS_FULL_TIME",
        "completed": true,
        "kickoff_utc": "2026-09-07T18:45:00Z",
        "time_to_kickoff_h": -474.7,
        "home": "乌迪内斯",
        "away": "拉齐奥",
        "home_en": "Udinese Calcio",
        "away_en": "SS Lazio",
        "home_abbr": "UNK",
        "away_abbr": "UNK",
        "score": "1-2",
        "home_form": "DW",
        "away_form": "WW",
        "home_form_score": 0.75,
        "away_form_score": 1.0,
        "home_record": "1-1-0",
        "away_record": "2-0-0",
        "home_record_score": 0.5,
        "away_record_score": 1.0,
        "ml_home_close": null,
        "draw_ml": null,
        "home_ml_implied": null,
        "draw_implied": null,
        "home_true_prob": null,
        "draw_true_prob": null,
        "away_true_prob": null,
        "spread_home_line": "",
        "spread_home_close_odds": "",
        "spread_movement_score": 0.0,
        "total_over_close": "",
        "total_under_close": "",
        "odds_data_available": false
      },
      {
        "name": "威尼斯 vs 佛罗伦萨",
        "status": "STATUS_FULL_TIME",
        "completed": true,
        "kickoff_utc": "2026-09-11T18:45:00Z",
        "time_to_kickoff_h": -378.7,
        "home": "威尼斯",
        "away": "佛罗伦萨",
        "home_en": "Venezia FC",
        "away_en": "ACF Fiorentina",
        "home_abbr": "UNK",
        "away_abbr": "UNK",
        "score": "2-4",
        "home_form": "LLL",
        "away_form": "LLL",
        "home_form_score": 0.0,
        "away_form_score": 0.0,
        "home_record": "0-0-3",
        "away_record": "0-0-3",
        "home_record_score": 0.0,
        "away_record_score": 0.0,
        "ml_home_close": null,
        "draw_ml": null,
        "home_ml_implied": null,
        "draw_implied": null,
        "home_true_prob": null,
        "draw_true_prob": null,
        "away_true_prob": null,
        "spread_home_line": "",
        "spread_home_close_odds": "",
        "spread_movement_score": 0.0,
        "total_over_close": "",
        "total_under_close": "",
        "odds_data_available": false
      },
      {
        "name": "热那亚 vs 弗罗西诺内",
        "status": "STATUS_FULL_TIME",
        "completed": true,
        "kickoff_utc": "2026-09-12T13:00:00Z",
        "time_to_kickoff_h": -360.5,
        "home": "热那亚",
        "away": "弗罗西诺内",
        "home_en": "Genoa CFC",
        "away_en": "Frosinone Calcio",
        "home_abbr": "UNK",
        "away_abbr": "UNK",
        "score": "1-1",
        "home_form": "LLL",
        "away_form": "LWW",
        "home_form_score": 0.0,
        "away_form_score": 0.667,
        "home_record": "0-0-3",
        "away_record": "2-0-1",
        "home_record_score": 0.0,
        "away_record_score": 0.667,
        "ml_home_close": null,
        "draw_ml": null,
        "home_ml_implied": null,
        "draw_implied": null,
        "home_true_prob": null,
        "draw_true_prob": null,
        "away_true_prob": null,
        "spread_home_line": "",
        "spread_home_close_odds": "",
        "spread_movement_score": 0.0,
        "total_over_close": "",
        "total_under_close": "",
        "odds_data_available": false
      },
      {
        "name": "拉齐奥 vs AC米兰",
        "status": "STATUS_FULL_TIME",
        "completed": true,
        "kickoff_utc": "2026-09-12T16:00:00Z",
        "time_to_kickoff_h": -357.5,
        "home": "拉齐奥",
        "away": "AC米兰",
        "home_en": "SS Lazio",
        "away_en": "AC Milan",
        "home_abbr": "UNK",
        "away_abbr": "UNK",
        "score": "2-2",
        "home_form": "WWW",
        "away_form": "WWD",
        "home_form_score": 1.0,
        "away_form_score": 0.833,
        "home_record": "3-0-0",
        "away_record": "2-1-0",
        "home_record_score": 1.0,
        "away_record_score": 0.667,
        "ml_home_close": null,
        "draw_ml": null,
        "home_ml_implied": null,
        "draw_implied": null,
        "home_true_prob": null,
        "draw_true_prob": null,
        "away_true_prob": null,
        "spread_home_line": "",
        "spread_home_close_odds": "",
        "spread_movement_score": 0.0,
        "total_over_close": "",
        "total_under_close": "",
        "odds_data_available": false
      },
      {
        "name": "亚特兰大 vs 卡利亚里",
        "status": "STATUS_FULL_TIME",
        "completed": true,
        "kickoff_utc": "2026-09-12T18:45:00Z",
        "time_to_kickoff_h": -354.7,
        "home": "亚特兰大",
        "away": "卡利亚里",
        "home_en": "Atalanta BC",
        "away_en": "Cagliari Calcio",
        "home_abbr": "UNK",
        "away_abbr": "UNK",
        "score": "1-2",
        "home_form": "WWL",
        "away_form": "WLW",
        "home_form_score": 0.667,
        "away_form_score": 0.667,
        "home_record": "2-0-1",
        "away_record": "2-0-1",
        "home_record_score": 0.667,
        "away_record_score": 0.667,
        "ml_home_close": null,
        "draw_ml": null,
        "home_ml_implied": null,
        "draw_implied": null,
        "home_true_prob": null,
        "draw_true_prob": null,
        "away_true_prob": null,
        "spread_home_line": "",
        "spread_home_close_odds": "",
        "spread_movement_score": 0.0,
        "total_over_close": "",
        "total_under_close": "",
        "odds_data_available": false
      },
      {
        "name": "莱切 vs 蒙扎",
        "status": "STATUS_FULL_TIME",
        "completed": true,
        "kickoff_utc": "2026-09-13T13:00:00Z",
        "time_to_kickoff_h": -336.5,
        "home": "莱切",
        "away": "蒙扎",
        "home_en": "US Lecce",
        "away_en": "AC Monza",
        "home_abbr": "UNK",
        "away_abbr": "UNK",
        "score": "3-2",
        "home_form": "WLL",
        "away_form": "LLD",
        "home_form_score": 0.333,
        "away_form_score": 0.167,
        "home_record": "1-0-2",
        "away_record": "0-1-2",
        "home_record_score": 0.333,
        "away_record_score": 0.0,
        "ml_home_close": null,
        "draw_ml": null,
        "home_ml_implied": null,
        "draw_implied": null,
        "home_true_prob": null,
        "draw_true_prob": null,
        "away_true_prob": null,
        "spread_home_line": "",
        "spread_home_close_odds": "",
        "spread_movement_score": 0.0,
        "total_over_close": "",
        "total_under_close": "",
        "odds_data_available": false
      },
      {
        "name": "那不勒斯 vs 博洛尼亚",
        "status": "STATUS_FULL_TIME",
        "completed": true,
        "kickoff_utc": "2026-09-13T16:00:00Z",
        "time_to_kickoff_h": -333.5,
        "home": "那不勒斯",
        "away": "博洛尼亚",
        "home_en": "SSC Napoli",
        "away_en": "Bologna FC 1909",
        "home_abbr": "UNK",
        "away_abbr": "UNK",
        "score": "1-0",
        "home_form": "WLL",
        "away_form": "LLD",
        "home_form_score": 0.333,
        "away_form_score": 0.167,
        "home_record": "1-0-2",
        "away_record": "0-1-2",
        "home_record_score": 0.333,
        "away_record_score": 0.0,
        "ml_home_close": null,
        "draw_ml": null,
        "home_ml_implied": null,
        "draw_implied": null,
        "home_true_prob": null,
        "draw_true_prob": null,
        "away_true_prob": null,
        "spread_home_line": "",
        "spread_home_close_odds": "",
        "spread_movement_score": 0.0,
        "total_over_close": "",
        "total_under_close": "",
        "odds_data_available": false
      },
      {
        "name": "萨索洛 vs 尤文图斯",
        "status": "STATUS_FULL_TIME",
        "completed": true,
        "kickoff_utc": "2026-09-13T18:45:00Z",
        "time_to_kickoff_h": -330.7,
        "home": "萨索洛",
        "away": "尤文图斯",
        "home_en": "US Sassuolo Calcio",
        "away_en": "Juventus FC",
        "home_abbr": "UNK",
        "away_abbr": "UNK",
        "score": "3-2",
        "home_form": "LWD",
        "away_form": "WWD",
        "home_form_score": 0.5,
        "away_form_score": 0.833,
        "home_record": "1-1-1",
        "away_record": "2-1-0",
        "home_record_score": 0.333,
        "away_record_score": 0.667,
        "ml_home_close": null,
        "draw_ml": null,
        "home_ml_implied": null,
        "draw_implied": null,
        "home_true_prob": null,
        "draw_true_prob": null,
        "away_true_prob": null,
        "spread_home_line": "",
        "spread_home_close_odds": "",
        "spread_movement_score": 0.0,
        "total_over_close": "",
        "total_under_close": "",
        "odds_data_available": false
      },
      {
        "name": "科莫 vs 帕尔马",
        "status": "STATUS_FULL_TIME",
        "completed": true,
        "kickoff_utc": "2026-09-14T16:30:00Z",
        "time_to_kickoff_h": -309.0,
        "home": "科莫",
        "away": "帕尔马",
        "home_en": "Como 1907",
        "away_en": "Parma Calcio 1913",
        "home_abbr": "UNK",
        "away_abbr": "UNK",
        "score": "2-1",
        "home_form": "DWW",
        "away_form": "LLD",
        "home_form_score": 0.833,
        "away_form_score": 0.167,
        "home_record": "2-1-0",
        "away_record": "0-1-2",
        "home_record_score": 0.667,
        "away_record_score": 0.0,
        "ml_home_close": null,
        "draw_ml": null,
        "home_ml_implied": null,
        "draw_implied": null,
        "home_true_prob": null,
        "draw_true_prob": null,
        "away_true_prob": null,
        "spread_home_line": "",
        "spread_home_close_odds": "",
        "spread_movement_score": 0.0,
        "total_over_close": "",
        "total_under_close": "",
        "odds_data_available": false
      },
      {
        "name": "都灵 vs 罗马",
        "status": "STATUS_FULL_TIME",
        "completed": true,
        "kickoff_utc": "2026-09-14T16:30:00Z",
        "time_to_kickoff_h": -309.0,
        "home": "都灵",
        "away": "罗马",
        "home_en": "Torino FC",
        "away_en": "AS Roma",
        "home_abbr": "UNK",
        "away_abbr": "UNK",
        "score": "0-2",
        "home_form": "LLW",
        "away_form": "WWW",
        "home_form_score": 0.333,
        "away_form_score": 1.0,
        "home_record": "1-0-2",
        "away_record": "3-0-0",
        "home_record_score": 0.333,
        "away_record_score": 1.0,
        "ml_home_close": null,
        "draw_ml": null,
        "home_ml_implied": null,
        "draw_implied": null,
        "home_true_prob": null,
        "draw_true_prob": null,
        "away_true_prob": null,
        "spread_home_line": "",
        "spread_home_close_odds": "",
        "spread_movement_score": 0.0,
        "total_over_close": "",
        "total_under_close": "",
        "odds_data_available": false
      },
      {
        "name": "国际米兰 vs 乌迪内斯",
        "status": "STATUS_FULL_TIME",
        "completed": true,
        "kickoff_utc": "2026-09-14T18:45:00Z",
        "time_to_kickoff_h": -306.7,
        "home": "国际米兰",
        "away": "乌迪内斯",
        "home_en": "FC Internazionale Milano",
        "away_en": "Udinese Calcio",
        "home_abbr": "UNK",
        "away_abbr": "UNK",
        "score": "5-3",
        "home_form": "WWW",
        "away_form": "DWL",
        "home_form_score": 1.0,
        "away_form_score": 0.5,
        "home_record": "3-0-0",
        "away_record": "1-1-1",
        "home_record_score": 1.0,
        "away_record_score": 0.333,
        "ml_home_close": null,
        "draw_ml": null,
        "home_ml_implied": null,
        "draw_implied": null,
        "home_true_prob": null,
        "draw_true_prob": null,
        "away_true_prob": null,
        "spread_home_line": "",
        "spread_home_close_odds": "",
        "spread_movement_score": 0.0,
        "total_over_close": "",
        "total_under_close": "",
        "odds_data_available": false
      },
      {
        "name": "蒙扎 vs 萨索洛",
        "status": "STATUS_FULL_TIME",
        "completed": true,
        "kickoff_utc": "2026-09-18T18:45:00Z",
        "time_to_kickoff_h": -210.7,
        "home": "蒙扎",
        "away": "萨索洛",
        "home_en": "AC Monza",
        "away_en": "US Sassuolo Calcio",
        "home_abbr": "UNK",
        "away_abbr": "UNK",
        "score": "2-1",
        "home_form": "LLDL",
        "away_form": "LWDW",
        "home_form_score": 0.125,
        "away_form_score": 0.625,
        "home_record": "0-1-3",
        "away_record": "2-1-1",
        "home_record_score": 0.0,
        "away_record_score": 0.5,
        "ml_home_close": null,
        "draw_ml": null,
        "home_ml_implied": null,
        "draw_implied": null,
        "home_true_prob": null,
        "draw_true_prob": null,
        "away_true_prob": null,
        "spread_home_line": "",
        "spread_home_close_odds": "",
        "spread_movement_score": 0.0,
        "total_over_close": "",
        "total_under_close": "",
        "odds_data_available": false
      },
      {
        "name": "博洛尼亚 vs 都灵",
        "status": "STATUS_FULL_TIME",
        "completed": true,
        "kickoff_utc": "2026-09-19T13:00:00Z",
        "time_to_kickoff_h": -192.5,
        "home": "博洛尼亚",
        "away": "都灵",
        "home_en": "Bologna FC 1909",
        "away_en": "Torino FC",
        "home_abbr": "UNK",
        "away_abbr": "UNK",
        "score": "1-1",
        "home_form": "LLDL",
        "away_form": "LLWL",
        "home_form_score": 0.125,
        "away_form_score": 0.25,
        "home_record": "0-1-3",
        "away_record": "1-0-3",
        "home_record_score": 0.0,
        "away_record_score": 0.25,
        "ml_home_close": null,
        "draw_ml": null,
        "home_ml_implied": null,
        "draw_implied": null,
        "home_true_prob": null,
        "draw_true_prob": null,
        "away_true_prob": null,
        "spread_home_line": "",
        "spread_home_close_odds": "",
        "spread_movement_score": 0.0,
        "total_over_close": "",
        "total_under_close": "",
        "odds_data_available": false
      },
      {
        "name": "乌迪内斯 vs 卡利亚里",
        "status": "STATUS_FULL_TIME",
        "completed": true,
        "kickoff_utc": "2026-09-19T13:00:00Z",
        "time_to_kickoff_h": -192.5,
        "home": "乌迪内斯",
        "away": "卡利亚里",
        "home_en": "Udinese Calcio",
        "away_en": "Cagliari Calcio",
        "home_abbr": "UNK",
        "away_abbr": "UNK",
        "score": "0-1",
        "home_form": "DWLL",
        "away_form": "WLWW",
        "home_form_score": 0.375,
        "away_form_score": 0.75,
        "home_record": "1-1-2",
        "away_record": "3-0-1",
        "home_record_score": 0.25,
        "away_record_score": 0.75,
        "ml_home_close": null,
        "draw_ml": null,
        "home_ml_implied": null,
        "draw_implied": null,
        "home_true_prob": null,
        "draw_true_prob": null,
        "away_true_prob": null,
        "spread_home_line": "",
        "spread_home_close_odds": "",
        "spread_movement_score": 0.0,
        "total_over_close": "",
        "total_under_close": "",
        "odds_data_available": false
      },
      {
        "name": "罗马 vs 国际米兰",
        "status": "STATUS_FULL_TIME",
        "completed": true,
        "kickoff_utc": "2026-09-19T16:00:00Z",
        "time_to_kickoff_h": -189.5,
        "home": "罗马",
        "away": "国际米兰",
        "home_en": "AS Roma",
        "away_en": "FC Internazionale Milano",
        "home_abbr": "UNK",
        "away_abbr": "UNK",
        "score": "2-2",
        "home_form": "WWWW",
        "away_form": "WWWW",
        "home_form_score": 1.0,
        "away_form_score": 1.0,
        "home_record": "4-0-0",
        "away_record": "4-0-0",
        "home_record_score": 1.0,
        "away_record_score": 1.0,
        "ml_home_close": null,
        "draw_ml": null,
        "home_ml_implied": null,
        "draw_implied": null,
        "home_true_prob": null,
        "draw_true_prob": null,
        "away_true_prob": null,
        "spread_home_line": "",
        "spread_home_close_odds": "",
        "spread_movement_score": 0.0,
        "total_over_close": "",
        "total_under_close": "",
        "odds_data_available": false
      },
      {
        "name": "威尼斯 vs 拉齐奥",
        "status": "STATUS_FULL_TIME",
        "completed": true,
        "kickoff_utc": "2026-09-19T18:45:00Z",
        "time_to_kickoff_h": -186.7,
        "home": "威尼斯",
        "away": "拉齐奥",
        "home_en": "Venezia FC",
        "away_en": "SS Lazio",
        "home_abbr": "UNK",
        "away_abbr": "UNK",
        "score": "0-2",
        "home_form": "LLLL",
        "away_form": "WWWD",
        "home_form_score": 0.0,
        "away_form_score": 0.875,
        "home_record": "0-0-4",
        "away_record": "3-1-0",
        "home_record_score": 0.0,
        "away_record_score": 0.75,
        "ml_home_close": null,
        "draw_ml": null,
        "home_ml_implied": null,
        "draw_implied": null,
        "home_true_prob": null,
        "draw_true_prob": null,
        "away_true_prob": null,
        "spread_home_line": "",
        "spread_home_close_odds": "",
        "spread_movement_score": 0.0,
        "total_over_close": "",
        "total_under_close": "",
        "odds_data_available": false
      },
      {
        "name": "佛罗伦萨 vs 那不勒斯",
        "status": "STATUS_FULL_TIME",
        "completed": true,
        "kickoff_utc": "2026-09-20T10:30:00Z",
        "time_to_kickoff_h": -171.0,
        "home": "佛罗伦萨",
        "away": "那不勒斯",
        "home_en": "ACF Fiorentina",
        "away_en": "SSC Napoli",
        "home_abbr": "UNK",
        "away_abbr": "UNK",
        "score": "1-1",
        "home_form": "LLLW",
        "away_form": "WLLW",
        "home_form_score": 0.25,
        "away_form_score": 0.5,
        "home_record": "1-0-3",
        "away_record": "2-0-2",
        "home_record_score": 0.25,
        "away_record_score": 0.5,
        "ml_home_close": null,
        "draw_ml": null,
        "home_ml_implied": null,
        "draw_implied": null,
        "home_true_prob": null,
        "draw_true_prob": null,
        "away_true_prob": null,
        "spread_home_line": "",
        "spread_home_close_odds": "",
        "spread_movement_score": 0.0,
        "total_over_close": "",
        "total_under_close": "",
        "odds_data_available": false
      },
      {
        "name": "弗罗西诺内 vs 科莫",
        "status": "STATUS_FULL_TIME",
        "completed": true,
        "kickoff_utc": "2026-09-20T13:00:00Z",
        "time_to_kickoff_h": -168.5,
        "home": "弗罗西诺内",
        "away": "科莫",
        "home_en": "Frosinone Calcio",
        "away_en": "Como 1907",
        "home_abbr": "UNK",
        "away_abbr": "UNK",
        "score": "2-0",
        "home_form": "LWWD",
        "away_form": "DWWW",
        "home_form_score": 0.625,
        "away_form_score": 0.875,
        "home_record": "2-1-1",
        "away_record": "3-1-0",
        "home_record_score": 0.5,
        "away_record_score": 0.75,
        "ml_home_close": null,
        "draw_ml": null,
        "home_ml_implied": null,
        "draw_implied": null,
        "home_true_prob": null,
        "draw_true_prob": null,
        "away_true_prob": null,
        "spread_home_line": "",
        "spread_home_close_odds": "",
        "spread_movement_score": 0.0,
        "total_over_close": "",
        "total_under_close": "",
        "odds_data_available": false
      },
      {
        "name": "帕尔马 vs 热那亚",
        "status": "STATUS_FULL_TIME",
        "completed": true,
        "kickoff_utc": "2026-09-20T13:00:00Z",
        "time_to_kickoff_h": -168.5,
        "home": "帕尔马",
        "away": "热那亚",
        "home_en": "Parma Calcio 1913",
        "away_en": "Genoa CFC",
        "home_abbr": "UNK",
        "away_abbr": "UNK",
        "score": "2-1",
        "home_form": "LLDL",
        "away_form": "LLLD",
        "home_form_score": 0.125,
        "away_form_score": 0.125,
        "home_record": "0-1-3",
        "away_record": "0-1-3",
        "home_record_score": 0.0,
        "away_record_score": 0.0,
        "ml_home_close": null,
        "draw_ml": null,
        "home_ml_implied": null,
        "draw_implied": null,
        "home_true_prob": null,
        "draw_true_prob": null,
        "away_true_prob": null,
        "spread_home_line": "",
        "spread_home_close_odds": "",
        "spread_movement_score": 0.0,
        "total_over_close": "",
        "total_under_close": "",
        "odds_data_available": false
      },
      {
        "name": "尤文图斯 vs 亚特兰大",
        "status": "STATUS_FULL_TIME",
        "completed": true,
        "kickoff_utc": "2026-09-20T16:00:00Z",
        "time_to_kickoff_h": -165.5,
        "home": "尤文图斯",
        "away": "亚特兰大",
        "home_en": "Juventus FC",
        "away_en": "Atalanta BC",
        "home_abbr": "UNK",
        "away_abbr": "UNK",
        "score": "2-0",
        "home_form": "WWDL",
        "away_form": "WWLL",
        "home_form_score": 0.625,
        "away_form_score": 0.5,
        "home_record": "2-1-1",
        "away_record": "2-0-2",
        "home_record_score": 0.5,
        "away_record_score": 0.5,
        "ml_home_close": null,
        "draw_ml": null,
        "home_ml_implied": null,
        "draw_implied": null,
        "home_true_prob": null,
        "draw_true_prob": null,
        "away_true_prob": null,
        "spread_home_line": "",
        "spread_home_close_odds": "",
        "spread_movement_score": 0.0,
        "total_over_close": "",
        "total_under_close": "",
        "odds_data_available": false
      },
      {
        "name": "AC米兰 vs 莱切",
        "status": "STATUS_FULL_TIME",
        "completed": true,
        "kickoff_utc": "2026-09-20T18:45:00Z",
        "time_to_kickoff_h": -162.7,
        "home": "AC米兰",
        "away": "莱切",
        "home_en": "AC Milan",
        "away_en": "US Lecce",
        "home_abbr": "UNK",
        "away_abbr": "UNK",
        "score": "3-0",
        "home_form": "WWDD",
        "away_form": "WLLW",
        "home_form_score": 0.75,
        "away_form_score": 0.5,
        "home_record": "2-2-0",
        "away_record": "2-0-2",
        "home_record_score": 0.5,
        "away_record_score": 0.5,
        "ml_home_close": null,
        "draw_ml": null,
        "home_ml_implied": null,
        "draw_implied": null,
        "home_true_prob": null,
        "draw_true_prob": null,
        "away_true_prob": null,
        "spread_home_line": "",
        "spread_home_close_odds": "",
        "spread_movement_score": 0.0,
        "total_over_close": "",
        "total_under_close": "",
        "odds_data_available": false
      }
    ],
    "predictions": [
      {
        "direction": "佛罗伦萨 胜 (接近)",
        "stars": "1-star",
        "confidence_score": 0.235,
        "predicted_score": "0-1",
        "poisson_top3": [
          {
            "score": "0-1",
            "prob": 0.2207
          },
          {
            "score": "1-0",
            "prob": 0.1882
          },
          {
            "score": "0-2",
            "prob": 0.0846
          }
        ],
        "lambda_home": 0.87,
        "lambda_away": 1.1,
        "lambda_home_ci95": [
          0,
          3.2
        ],
        "lambda_away_ci95": [
          0,
          3.6
        ],
        "over_under": "Under 2.5",
        "btts": "No",
        "dixon_coles_used": true,
        "dixon_coles_rho": 0.5,
        "ml_model_used": true,
        "ml_proba": [
          0.2702,
          0.278,
          0.4518
        ],
        "dixon_coles_league_rho": 0.28,
        "onside_signals": {
          "home": {
            "fifa_rank": 251,
            "fifa_score": 0.011,
            "league_footprint": 0.2,
            "host_advantage": 0.5,
            "confederation": 1.0,
            "onside_score": 0.318
          },
          "away": {
            "fifa_rank": 231,
            "fifa_score": 0.011,
            "league_footprint": 0.2,
            "host_advantage": 0.5,
            "confederation": 1.0,
            "onside_score": 0.318
          }
        },
        "confidence_note": null,
        "odds_data_available": true,
        "reasoning_factors": {
          "home_ml_true_prob": 0.272,
          "draw_true_prob": 0.311,
          "away_ml_true_prob": 0.417,
          "home_form_score": 0.1,
          "away_form_score": 0.3,
          "home_record_score": 0.0,
          "away_record_score": 0.2,
          "spread_movement": 0.0,
          "home_onside_score": 0.486,
          "away_onside_score": 0.514,
          "home_prob_weighted": 0.342,
          "draw_prob_weighted": 0.25,
          "away_prob_weighted": 0.408,
          "elo_home_expected": 0.558,
          "raw_lambda_home": 0.3465,
          "raw_lambda_away": 0.4392
        },
        "match": "热那亚 vs 佛罗伦萨",
        "home": "热那亚",
        "away": "佛罗伦萨",
        "home_en": "Genoa CFC",
        "away_en": "ACF Fiorentina",
        "kickoff_utc": "2026-10-10T13:00:00Z",
        "data_window": "20260828-20261011"
      },
      {
        "direction": "国际米兰 胜",
        "stars": "4-star",
        "confidence_score": 0.744,
        "predicted_score": "1-0",
        "poisson_top3": [
          {
            "score": "1-0",
            "prob": 0.1897
          },
          {
            "score": "2-0",
            "prob": 0.1339
          },
          {
            "score": "0-1",
            "prob": 0.1009
          }
        ],
        "lambda_home": 1.91,
        "lambda_away": 0.7,
        "lambda_home_ci95": [
          0,
          4.9
        ],
        "lambda_away_ci95": [
          0,
          2.9
        ],
        "over_under": "Under 3.5",
        "btts": "No",
        "dixon_coles_used": true,
        "dixon_coles_rho": 0.5,
        "ml_model_used": true,
        "ml_proba": [
          0.8008,
          0.0989,
          0.1003
        ],
        "dixon_coles_league_rho": 0.28,
        "onside_signals": {
          "home": {
            "fifa_rank": 146,
            "fifa_score": 0.038,
            "league_footprint": 0.2,
            "host_advantage": 0.5,
            "confederation": 1.0,
            "onside_score": 0.325
          },
          "away": {
            "fifa_rank": 229,
            "fifa_score": 0.011,
            "league_footprint": 0.2,
            "host_advantage": 0.5,
            "confederation": 1.0,
            "onside_score": 0.318
          }
        },
        "confidence_note": null,
        "odds_data_available": true,
        "reasoning_factors": {
          "home_ml_true_prob": 0.779,
          "draw_true_prob": 0.14,
          "away_ml_true_prob": 0.082,
          "home_form_score": 0.9,
          "away_form_score": 0.3,
          "home_record_score": 0.8,
          "away_record_score": 0.2,
          "spread_movement": 0.0,
          "home_onside_score": 0.491,
          "away_onside_score": 0.509,
          "home_prob_weighted": 0.622,
          "draw_prob_weighted": 0.166,
          "away_prob_weighted": 0.213,
          "elo_home_expected": 0.881,
          "raw_lambda_home": 0.763,
          "raw_lambda_away": 0.2806
        },
        "match": "国际米兰 vs 帕尔马",
        "home": "国际米兰",
        "away": "帕尔马",
        "home_en": "FC Internazionale Milano",
        "away_en": "Parma Calcio 1913",
        "kickoff_utc": "2026-10-10T16:00:00Z",
        "data_window": "20260828-20261011"
      },
      {
        "direction": "那不勒斯 胜 (接近)",
        "stars": "1-star",
        "confidence_score": 0.304,
        "predicted_score": "1-0",
        "poisson_top3": [
          {
            "score": "1-0",
            "prob": 0.172
          },
          {
            "score": "0-1",
            "prob": 0.1561
          },
          {
            "score": "2-1",
            "prob": 0.0865
          }
        ],
        "lambda_home": 1.37,
        "lambda_away": 1.17,
        "lambda_home_ci95": [
          0,
          4.0
        ],
        "lambda_away_ci95": [
          0,
          3.7
        ],
        "over_under": "Under 3.5",
        "btts": "No",
        "dixon_coles_used": true,
        "dixon_coles_rho": 0.5,
        "ml_model_used": true,
        "ml_proba": [
          0.2516,
          0.2944,
          0.454
        ],
        "dixon_coles_league_rho": 0.28,
        "onside_signals": {
          "home": {
            "fifa_rank": 200,
            "fifa_score": 0.011,
            "league_footprint": 0.2,
            "host_advantage": 0.5,
            "confederation": 1.0,
            "onside_score": 0.318
          },
          "away": {
            "fifa_rank": 166,
            "fifa_score": 0.024,
            "league_footprint": 0.2,
            "host_advantage": 0.5,
            "confederation": 1.0,
            "onside_score": 0.321
          }
        },
        "confidence_note": null,
        "odds_data_available": true,
        "reasoning_factors": {
          "home_ml_true_prob": 0.594,
          "draw_true_prob": 0.232,
          "away_ml_true_prob": 0.174,
          "home_form_score": 0.5,
          "away_form_score": 0.7,
          "home_record_score": 0.4,
          "away_record_score": 0.6,
          "spread_movement": 0.0,
          "home_onside_score": 0.483,
          "away_onside_score": 0.517,
          "home_prob_weighted": 0.431,
          "draw_prob_weighted": 0.226,
          "away_prob_weighted": 0.343,
          "elo_home_expected": 0.497,
          "raw_lambda_home": 0.5463,
          "raw_lambda_away": 0.4662
        },
        "match": "那不勒斯 vs 弗罗西诺内",
        "home": "那不勒斯",
        "away": "弗罗西诺内",
        "home_en": "SSC Napoli",
        "away_en": "Frosinone Calcio",
        "kickoff_utc": "2026-10-10T18:45:00Z",
        "data_window": "20260828-20261011"
      },
      {
        "direction": "罗马 胜 (接近)",
        "stars": "1-star",
        "confidence_score": 0.227,
        "predicted_score": "0-1",
        "poisson_top3": [
          {
            "score": "0-1",
            "prob": 0.1549
          },
          {
            "score": "1-0",
            "prob": 0.1448
          },
          {
            "score": "1-2",
            "prob": 0.0873
          }
        ],
        "lambda_home": 1.29,
        "lambda_away": 1.44,
        "lambda_home_ci95": [
          0,
          3.9
        ],
        "lambda_away_ci95": [
          0,
          4.2
        ],
        "over_under": "Under 2.5",
        "btts": "No",
        "dixon_coles_used": true,
        "dixon_coles_rho": 0.5,
        "ml_model_used": true,
        "ml_proba": [
          0.1963,
          0.2909,
          0.5129
        ],
        "dixon_coles_league_rho": 0.28,
        "onside_signals": {
          "home": {
            "fifa_rank": 162,
            "fifa_score": 0.027,
            "league_footprint": 0.2,
            "host_advantage": 0.5,
            "confederation": 1.0,
            "onside_score": 0.322
          },
          "away": {
            "fifa_rank": 137,
            "fifa_score": 0.047,
            "league_footprint": 0.2,
            "host_advantage": 0.5,
            "confederation": 1.0,
            "onside_score": 0.327
          }
        },
        "confidence_note": null,
        "odds_data_available": true,
        "reasoning_factors": {
          "home_ml_true_prob": 0.338,
          "draw_true_prob": 0.297,
          "away_ml_true_prob": 0.365,
          "home_form_score": 0.7,
          "away_form_score": 0.9,
          "home_record_score": 0.6,
          "away_record_score": 0.8,
          "spread_movement": 0.0,
          "home_onside_score": 0.482,
          "away_onside_score": 0.518,
          "home_prob_weighted": 0.347,
          "draw_prob_weighted": 0.247,
          "away_prob_weighted": 0.406,
          "elo_home_expected": 0.534,
          "raw_lambda_home": 0.5143,
          "raw_lambda_away": 0.5762
        },
        "match": "科莫 vs 罗马",
        "home": "科莫",
        "away": "罗马",
        "home_en": "Como 1907",
        "away_en": "AS Roma",
        "kickoff_utc": "2026-10-11T10:30:00Z",
        "data_window": "20260828-20261011"
      },
      {
        "direction": "莱切 胜 (接近)",
        "stars": "1-star",
        "confidence_score": 0.176,
        "predicted_score": "1-0",
        "poisson_top3": [
          {
            "score": "1-0",
            "prob": 0.1994
          },
          {
            "score": "0-1",
            "prob": 0.1936
          },
          {
            "score": "2-1",
            "prob": 0.0723
          }
        ],
        "lambda_home": 1.07,
        "lambda_away": 1.02,
        "lambda_home_ci95": [
          0,
          3.5
        ],
        "lambda_away_ci95": [
          0,
          3.4
        ],
        "over_under": "Under 2.5",
        "btts": "No",
        "dixon_coles_used": true,
        "dixon_coles_rho": 0.5,
        "ml_model_used": true,
        "ml_proba": [
          0.5998,
          0.1253,
          0.2749
        ],
        "dixon_coles_league_rho": 0.28,
        "onside_signals": {
          "home": {
            "fifa_rank": 219,
            "fifa_score": 0.011,
            "league_footprint": 0.2,
            "host_advantage": 0.5,
            "confederation": 1.0,
            "onside_score": 0.318
          },
          "away": {
            "fifa_rank": 235,
            "fifa_score": 0.011,
            "league_footprint": 0.2,
            "host_advantage": 0.5,
            "confederation": 1.0,
            "onside_score": 0.318
          }
        },
        "confidence_note": null,
        "odds_data_available": true,
        "reasoning_factors": {
          "home_ml_true_prob": 0.206,
          "draw_true_prob": 0.305,
          "away_ml_true_prob": 0.489,
          "home_form_score": 0.4,
          "away_form_score": 0.2,
          "home_record_score": 0.4,
          "away_record_score": 0.0,
          "spread_movement": 0.0,
          "home_onside_score": 0.486,
          "away_onside_score": 0.514,
          "home_prob_weighted": 0.389,
          "draw_prob_weighted": 0.225,
          "away_prob_weighted": 0.386,
          "elo_home_expected": 0.699,
          "raw_lambda_home": 0.4283,
          "raw_lambda_away": 0.4094
        },
        "match": "莱切 vs 博洛尼亚",
        "home": "莱切",
        "away": "博洛尼亚",
        "home_en": "US Lecce",
        "away_en": "Bologna FC 1909",
        "kickoff_utc": "2026-10-11T13:00:00Z",
        "data_window": "20260828-20261011"
      },
      {
        "direction": "拉齐奥 胜",
        "stars": "3-star",
        "confidence_score": 0.569,
        "predicted_score": "1-0",
        "poisson_top3": [
          {
            "score": "1-0",
            "prob": 0.1951
          },
          {
            "score": "0-1",
            "prob": 0.1242
          },
          {
            "score": "2-0",
            "prob": 0.116
          }
        ],
        "lambda_home": 1.67,
        "lambda_away": 0.82,
        "lambda_home_ci95": [
          0,
          4.6
        ],
        "lambda_away_ci95": [
          0,
          3.1
        ],
        "over_under": "Under 2.5",
        "btts": "No",
        "dixon_coles_used": true,
        "dixon_coles_rho": 0.5,
        "ml_model_used": true,
        "ml_proba": [
          0.8008,
          0.0989,
          0.1003
        ],
        "dixon_coles_league_rho": 0.28,
        "onside_signals": {
          "home": {
            "fifa_rank": 159,
            "fifa_score": 0.029,
            "league_footprint": 0.2,
            "host_advantage": 0.5,
            "confederation": 1.0,
            "onside_score": 0.322
          },
          "away": {
            "fifa_rank": 222,
            "fifa_score": 0.011,
            "league_footprint": 0.2,
            "host_advantage": 0.5,
            "confederation": 1.0,
            "onside_score": 0.318
          }
        },
        "confidence_note": null,
        "odds_data_available": true,
        "reasoning_factors": {
          "home_ml_true_prob": 0.521,
          "draw_true_prob": 0.278,
          "away_ml_true_prob": 0.202,
          "home_form_score": 0.9,
          "away_form_score": 0.3,
          "home_record_score": 0.8,
          "away_record_score": 0.2,
          "spread_movement": 0.0,
          "home_onside_score": 0.489,
          "away_onside_score": 0.511,
          "home_prob_weighted": 0.535,
          "draw_prob_weighted": 0.212,
          "away_prob_weighted": 0.254,
          "elo_home_expected": 0.843,
          "raw_lambda_home": 0.6699,
          "raw_lambda_away": 0.3271
        },
        "match": "拉齐奥 vs 蒙扎",
        "home": "拉齐奥",
        "away": "蒙扎",
        "home_en": "SS Lazio",
        "away_en": "AC Monza",
        "kickoff_utc": "2026-10-11T13:00:00Z",
        "data_window": "20260828-20261011"
      }
    ],
    "timing_ms": {
      "total": 8065
    },
    "monte_carlo": {
      "champion_probs": {
        "国际米兰": 0.56,
        "罗马": 0.17,
        "AC米兰": 0.08,
        "尤文图斯": 0.04,
        "科莫": 0.03,
        "拉齐奥": 0.02,
        "蒙扎": 0.02,
        "乌迪内斯": 0.02,
        "那不勒斯": 0.02,
        "萨索洛": 0.02,
        "弗罗西诺内": 0.01,
        "莱切": 0.01,
        "卡利亚里": 0.0,
        "都灵": 0.0,
        "威尼斯": 0.0,
        "佛罗伦萨": 0.0,
        "博洛尼亚": 0.0,
        "帕尔马": 0.0,
        "热那亚": 0.0,
        "亚特兰大": 0.0
      },
      "round_reach_probs": {},
      "simulation_count": 100,
      "model": "dixon_coles",
      "rho": 0.5,
      "convergence_diagnostics": {
        "拉齐奥": {
          "count": 2,
          "probability": 0.02,
          "std_error": 0.014,
          "ci_95_lower": 0.0,
          "ci_95_upper": 0.0474
        },
        "国际米兰": {
          "count": 56,
          "probability": 0.56,
          "std_error": 0.04964,
          "ci_95_lower": 0.4627,
          "ci_95_upper": 0.6573
        },
        "弗罗西诺内": {
          "count": 1,
          "probability": 0.01,
          "std_error": 0.00995,
          "ci_95_lower": 0.0,
          "ci_95_upper": 0.0295
        },
        "蒙扎": {
          "count": 2,
          "probability": 0.02,
          "std_error": 0.014,
          "ci_95_lower": 0.0,
          "ci_95_upper": 0.0474
        },
        "卡利亚里": {
          "count": 0,
          "probability": 0.0,
          "std_error": 0.0,
          "ci_95_lower": 0.0,
          "ci_95_upper": 0.0
        },
        "都灵": {
          "count": 0,
          "probability": 0.0,
          "std_error": 0.0,
          "ci_95_lower": 0.0,
          "ci_95_upper": 0.0
        },
        "罗马": {
          "count": 17,
          "probability": 0.17,
          "std_error": 0.03756,
          "ci_95_lower": 0.0964,
          "ci_95_upper": 0.2436
        },
        "威尼斯": {
          "count": 0,
          "probability": 0.0,
          "std_error": 0.0,
          "ci_95_lower": 0.0,
          "ci_95_upper": 0.0
        },
        "乌迪内斯": {
          "count": 2,
          "probability": 0.02,
          "std_error": 0.014,
          "ci_95_lower": 0.0,
          "ci_95_upper": 0.0474
        },
        "佛罗伦萨": {
          "count": 0,
          "probability": 0.0,
          "std_error": 0.0,
          "ci_95_lower": 0.0,
          "ci_95_upper": 0.0
        },
        "博洛尼亚": {
          "count": 0,
          "probability": 0.0,
          "std_error": 0.0,
          "ci_95_lower": 0.0,
          "ci_95_upper": 0.0
        },
        "那不勒斯": {
          "count": 2,
          "probability": 0.02,
          "std_error": 0.014,
          "ci_95_lower": 0.0,
          "ci_95_upper": 0.0474
        },
        "尤文图斯": {
          "count": 4,
          "probability": 0.04,
          "std_error": 0.0196,
          "ci_95_lower": 0.0016,
          "ci_95_upper": 0.0784
        },
        "帕尔马": {
          "count": 0,
          "probability": 0.0,
          "std_error": 0.0,
          "ci_95_lower": 0.0,
          "ci_95_upper": 0.0
        },
        "萨索洛": {
          "count": 2,
          "probability": 0.02,
          "std_error": 0.014,
          "ci_95_lower": 0.0,
          "ci_95_upper": 0.0474
        },
        "热那亚": {
          "count": 0,
          "probability": 0.0,
          "std_error": 0.0,
          "ci_95_lower": 0.0,
          "ci_95_upper": 0.0
        },
        "科莫": {
          "count": 3,
          "probability": 0.03,
          "std_error": 0.01706,
          "ci_95_lower": 0.0,
          "ci_95_upper": 0.0634
        },
        "AC米兰": {
          "count": 8,
          "probability": 0.08,
          "std_error": 0.02713,
          "ci_95_lower": 0.0268,
          "ci_95_upper": 0.1332
        },
        "亚特兰大": {
          "count": 0,
          "probability": 0.0,
          "std_error": 0.0,
          "ci_95_lower": 0.0,
          "ci_95_upper": 0.0
        },
        "莱切": {
          "count": 1,
          "probability": 0.01,
          "std_error": 0.00995,
          "ci_95_lower": 0.0,
          "ci_95_upper": 0.0295
        },
        "_summary": {
          "max_std_error": 0.04964,
          "avg_std_error": 0.01204,
          "teams_with_se_above_1pct": 10,
          "n_simulations": 100
        }
      }
    }
  },
  {
    "generated_at": "2026-09-27T21:27:50.488120+08:00",
    "data_window": "20260828-20261011",
    "status": "ok",
    "league": "ligue1",
    "tournament_type": "league",
    "data_source": "",
    "dixon_coles_enabled": true,
    "dixon_coles_rho": -0.042,
    "calibration": {
      "total_matches": 45,
      "home_wins": 18,
      "draws": 13,
      "away_wins": 14,
      "home_win_rate": 0.4,
      "draw_rate": 0.289,
      "away_win_rate": 0.311,
      "favored_by_odds": 0,
      "favored_won": 0,
      "odds_accuracy": 0
    },
    "calibration_offset": {
      "home_correction": 0.952,
      "draw_correction": 0.961,
      "away_correction": 1.105,
      "onside_home_correction": 0.976,
      "onside_away_correction": 1.052,
      "sample_size": 1041,
      "sample_weight": 1.0,
      "actual_home_rate": 0.428,
      "actual_draw_rate": 0.24,
      "actual_away_rate": 0.331,
      "_saved_at": "2026-09-27T13:28:21Z",
      "_league": "ligue1"
    },
    "past_matches": [
      {
        "name": "马赛 vs 斯特拉斯堡",
        "status": "STATUS_FULL_TIME",
        "completed": true,
        "kickoff_utc": "2026-08-21T18:45:00Z",
        "time_to_kickoff_h": -882.7,
        "home": "马赛",
        "away": "斯特拉斯堡",
        "home_en": "Olympique de Marseille",
        "away_en": "RC Strasbourg Alsace",
        "home_abbr": "UNK",
        "away_abbr": "UNK",
        "score": "4-0",
        "home_form": "",
        "away_form": "",
        "home_form_score": 0.5,
        "away_form_score": 0.5,
        "home_record": "",
        "away_record": "",
        "home_record_score": 0.5,
        "away_record_score": 0.5,
        "ml_home_close": null,
        "draw_ml": null,
        "home_ml_implied": null,
        "draw_implied": null,
        "home_true_prob": null,
        "draw_true_prob": null,
        "away_true_prob": null,
        "spread_home_line": "",
        "spread_home_close_odds": "",
        "spread_movement_score": 0.0,
        "total_over_close": "",
        "total_under_close": "",
        "odds_data_available": false
      },
      {
        "name": "朗斯 vs 欧塞尔",
        "status": "STATUS_FULL_TIME",
        "completed": true,
        "kickoff_utc": "2026-08-22T15:15:00Z",
        "time_to_kickoff_h": -862.2,
        "home": "朗斯",
        "away": "欧塞尔",
        "home_en": "Racing Club de Lens",
        "away_en": "AJ Auxerre",
        "home_abbr": "UNK",
        "away_abbr": "UNK",
        "score": "5-2",
        "home_form": "",
        "away_form": "",
        "home_form_score": 0.5,
        "away_form_score": 0.5,
        "home_record": "",
        "away_record": "",
        "home_record_score": 0.5,
        "away_record_score": 0.5,
        "ml_home_close": null,
        "draw_ml": null,
        "home_ml_implied": null,
        "draw_implied": null,
        "home_true_prob": null,
        "draw_true_prob": null,
        "away_true_prob": null,
        "spread_home_line": "",
        "spread_home_close_odds": "",
        "spread_movement_score": 0.0,
        "total_over_close": "",
        "total_under_close": "",
        "odds_data_available": false
      },
      {
        "name": "勒芒 vs 布雷斯特",
        "status": "STATUS_FULL_TIME",
        "completed": true,
        "kickoff_utc": "2026-08-22T18:45:00Z",
        "time_to_kickoff_h": -858.7,
        "home": "勒芒",
        "away": "布雷斯特",
        "home_en": "Le Mans FC",
        "away_en": "Stade Brestois 29",
        "home_abbr": "UNK",
        "away_abbr": "UNK",
        "score": "2-2",
        "home_form": "",
        "away_form": "",
        "home_form_score": 0.5,
        "away_form_score": 0.5,
        "home_record": "",
        "away_record": "",
        "home_record_score": 0.5,
        "away_record_score": 0.5,
        "ml_home_close": null,
        "draw_ml": null,
        "home_ml_implied": null,
        "draw_implied": null,
        "home_true_prob": null,
        "draw_true_prob": null,
        "away_true_prob": null,
        "spread_home_line": "",
        "spread_home_close_odds": "",
        "spread_movement_score": 0.0,
        "total_over_close": "",
        "total_under_close": "",
        "odds_data_available": false
      },
      {
        "name": "特鲁瓦 vs 巴黎FC",
        "status": "STATUS_FULL_TIME",
        "completed": true,
        "kickoff_utc": "2026-08-22T18:45:00Z",
        "time_to_kickoff_h": -858.7,
        "home": "特鲁瓦",
        "away": "巴黎FC",
        "home_en": "ES Troyes AC",
        "away_en": "Paris FC",
        "home_abbr": "UNK",
        "away_abbr": "UNK",
        "score": "0-0",
        "home_form": "",
        "away_form": "",
        "home_form_score": 0.5,
        "away_form_score": 0.5,
        "home_record": "",
        "away_record": "",
        "home_record_score": 0.5,
        "away_record_score": 0.5,
        "ml_home_close": null,
        "draw_ml": null,
        "home_ml_implied": null,
        "draw_implied": null,
        "home_true_prob": null,
        "draw_true_prob": null,
        "away_true_prob": null,
        "spread_home_line": "",
        "spread_home_close_odds": "",
        "spread_movement_score": 0.0,
        "total_over_close": "",
        "total_under_close": "",
        "odds_data_available": false
      },
      {
        "name": "尼斯 vs 洛里昂",
        "status": "STATUS_FULL_TIME",
        "completed": true,
        "kickoff_utc": "2026-08-22T18:45:00Z",
        "time_to_kickoff_h": -858.7,
        "home": "尼斯",
        "away": "洛里昂",
        "home_en": "OGC Nice",
        "away_en": "FC Lorient",
        "home_abbr": "UNK",
        "away_abbr": "UNK",
        "score": "0-0",
        "home_form": "",
        "away_form": "",
        "home_form_score": 0.5,
        "away_form_score": 0.5,
        "home_record": "",
        "away_record": "",
        "home_record_score": 0.5,
        "away_record_score": 0.5,
        "ml_home_close": null,
        "draw_ml": null,
        "home_ml_implied": null,
        "draw_implied": null,
        "home_true_prob": null,
        "draw_true_prob": null,
        "away_true_prob": null,
        "spread_home_line": "",
        "spread_home_close_odds": "",
        "spread_movement_score": 0.0,
        "total_over_close": "",
        "total_under_close": "",
        "odds_data_available": false
      },
      {
        "name": "图卢兹 vs 里昂",
        "status": "STATUS_FULL_TIME",
        "completed": true,
        "kickoff_utc": "2026-08-22T18:45:00Z",
        "time_to_kickoff_h": -858.7,
        "home": "图卢兹",
        "away": "里昂",
        "home_en": "Toulouse FC",
        "away_en": "Olympique Lyonnais",
        "home_abbr": "UNK",
        "away_abbr": "UNK",
        "score": "0-2",
        "home_form": "",
        "away_form": "",
        "home_form_score": 0.5,
        "away_form_score": 0.5,
        "home_record": "",
        "away_record": "",
        "home_record_score": 0.5,
        "away_record_score": 0.5,
        "ml_home_close": null,
        "draw_ml": null,
        "home_ml_implied": null,
        "draw_implied": null,
        "home_true_prob": null,
        "draw_true_prob": null,
        "away_true_prob": null,
        "spread_home_line": "",
        "spread_home_close_odds": "",
        "spread_movement_score": 0.0,
        "total_over_close": "",
        "total_under_close": "",
        "odds_data_available": false
      },
      {
        "name": "昂热 vs 里尔",
        "status": "STATUS_FULL_TIME",
        "completed": true,
        "kickoff_utc": "2026-08-23T13:00:00Z",
        "time_to_kickoff_h": -840.5,
        "home": "昂热",
        "away": "里尔",
        "home_en": "Angers SCO",
        "away_en": "Lille OSC",
        "home_abbr": "UNK",
        "away_abbr": "UNK",
        "score": "0-2",
        "home_form": "",
        "away_form": "",
        "home_form_score": 0.5,
        "away_form_score": 0.5,
        "home_record": "",
        "away_record": "",
        "home_record_score": 0.5,
        "away_record_score": 0.5,
        "ml_home_close": null,
        "draw_ml": null,
        "home_ml_implied": null,
        "draw_implied": null,
        "home_true_prob": null,
        "draw_true_prob": null,
        "away_true_prob": null,
        "spread_home_line": "",
        "spread_home_close_odds": "",
        "spread_movement_score": 0.0,
        "total_over_close": "",
        "total_under_close": "",
        "odds_data_available": false
      },
      {
        "name": "勒阿弗尔 vs 摩纳哥",
        "status": "STATUS_FULL_TIME",
        "completed": true,
        "kickoff_utc": "2026-08-23T15:15:00Z",
        "time_to_kickoff_h": -838.2,
        "home": "勒阿弗尔",
        "away": "摩纳哥",
        "home_en": "Le Havre AC",
        "away_en": "AS Monaco FC",
        "home_abbr": "UNK",
        "away_abbr": "UNK",
        "score": "0-1",
        "home_form": "",
        "away_form": "",
        "home_form_score": 0.5,
        "away_form_score": 0.5,
        "home_record": "",
        "away_record": "",
        "home_record_score": 0.5,
        "away_record_score": 0.5,
        "ml_home_close": null,
        "draw_ml": null,
        "home_ml_implied": null,
        "draw_implied": null,
        "home_true_prob": null,
        "draw_true_prob": null,
        "away_true_prob": null,
        "spread_home_line": "",
        "spread_home_close_odds": "",
        "spread_movement_score": 0.0,
        "total_over_close": "",
        "total_under_close": "",
        "odds_data_available": false
      },
      {
        "name": "雷恩 vs 巴黎圣日耳曼",
        "status": "STATUS_FULL_TIME",
        "completed": true,
        "kickoff_utc": "2026-08-23T18:45:00Z",
        "time_to_kickoff_h": -834.7,
        "home": "雷恩",
        "away": "巴黎圣日耳曼",
        "home_en": "Stade Rennais FC 1901",
        "away_en": "Paris Saint-Germain FC",
        "home_abbr": "UNK",
        "away_abbr": "UNK",
        "score": "2-2",
        "home_form": "",
        "away_form": "",
        "home_form_score": 0.5,
        "away_form_score": 0.5,
        "home_record": "",
        "away_record": "",
        "home_record_score": 0.5,
        "away_record_score": 0.5,
        "ml_home_close": null,
        "draw_ml": null,
        "home_ml_implied": null,
        "draw_implied": null,
        "home_true_prob": null,
        "draw_true_prob": null,
        "away_true_prob": null,
        "spread_home_line": "",
        "spread_home_close_odds": "",
        "spread_movement_score": 0.0,
        "total_over_close": "",
        "total_under_close": "",
        "odds_data_available": false
      },
      {
        "name": "里尔 vs 巴黎圣日耳曼",
        "status": "STATUS_FULL_TIME",
        "completed": true,
        "kickoff_utc": "2026-08-28T18:45:00Z",
        "time_to_kickoff_h": -714.7,
        "home": "里尔",
        "away": "巴黎圣日耳曼",
        "home_en": "Lille OSC",
        "away_en": "Paris Saint-Germain FC",
        "home_abbr": "UNK",
        "away_abbr": "UNK",
        "score": "2-2",
        "home_form": "W",
        "away_form": "D",
        "home_form_score": 1.0,
        "away_form_score": 0.5,
        "home_record": "1-0-0",
        "away_record": "0-1-0",
        "home_record_score": 1.0,
        "away_record_score": 0.0,
        "ml_home_close": null,
        "draw_ml": null,
        "home_ml_implied": null,
        "draw_implied": null,
        "home_true_prob": null,
        "draw_true_prob": null,
        "away_true_prob": null,
        "spread_home_line": "",
        "spread_home_close_odds": "",
        "spread_movement_score": 0.0,
        "total_over_close": "",
        "total_under_close": "",
        "odds_data_available": false
      },
      {
        "name": "斯特拉斯堡 vs 朗斯",
        "status": "STATUS_FULL_TIME",
        "completed": true,
        "kickoff_utc": "2026-08-29T15:15:00Z",
        "time_to_kickoff_h": -694.2,
        "home": "斯特拉斯堡",
        "away": "朗斯",
        "home_en": "RC Strasbourg Alsace",
        "away_en": "Racing Club de Lens",
        "home_abbr": "UNK",
        "away_abbr": "UNK",
        "score": "2-1",
        "home_form": "L",
        "away_form": "W",
        "home_form_score": 0.0,
        "away_form_score": 1.0,
        "home_record": "0-0-1",
        "away_record": "1-0-0",
        "home_record_score": 0.0,
        "away_record_score": 1.0,
        "ml_home_close": null,
        "draw_ml": null,
        "home_ml_implied": null,
        "draw_implied": null,
        "home_true_prob": null,
        "draw_true_prob": null,
        "away_true_prob": null,
        "spread_home_line": "",
        "spread_home_close_odds": "",
        "spread_movement_score": 0.0,
        "total_over_close": "",
        "total_under_close": "",
        "odds_data_available": false
      },
      {
        "name": "洛里昂 vs 特鲁瓦",
        "status": "STATUS_FULL_TIME",
        "completed": true,
        "kickoff_utc": "2026-08-29T18:45:00Z",
        "time_to_kickoff_h": -690.7,
        "home": "洛里昂",
        "away": "特鲁瓦",
        "home_en": "FC Lorient",
        "away_en": "ES Troyes AC",
        "home_abbr": "UNK",
        "away_abbr": "UNK",
        "score": "1-2",
        "home_form": "D",
        "away_form": "D",
        "home_form_score": 0.5,
        "away_form_score": 0.5,
        "home_record": "0-1-0",
        "away_record": "0-1-0",
        "home_record_score": 0.0,
        "away_record_score": 0.0,
        "ml_home_close": null,
        "draw_ml": null,
        "home_ml_implied": null,
        "draw_implied": null,
        "home_true_prob": null,
        "draw_true_prob": null,
        "away_true_prob": null,
        "spread_home_line": "",
        "spread_home_close_odds": "",
        "spread_movement_score": 0.0,
        "total_over_close": "",
        "total_under_close": "",
        "odds_data_available": false
      },
      {
        "name": "里昂 vs 勒阿弗尔",
        "status": "STATUS_FULL_TIME",
        "completed": true,
        "kickoff_utc": "2026-08-29T18:45:00Z",
        "time_to_kickoff_h": -690.7,
        "home": "里昂",
        "away": "勒阿弗尔",
        "home_en": "Olympique Lyonnais",
        "away_en": "Le Havre AC",
        "home_abbr": "UNK",
        "away_abbr": "UNK",
        "score": "1-1",
        "home_form": "W",
        "away_form": "L",
        "home_form_score": 1.0,
        "away_form_score": 0.0,
        "home_record": "1-0-0",
        "away_record": "0-0-1",
        "home_record_score": 1.0,
        "away_record_score": 0.0,
        "ml_home_close": null,
        "draw_ml": null,
        "home_ml_implied": null,
        "draw_implied": null,
        "home_true_prob": null,
        "draw_true_prob": null,
        "away_true_prob": null,
        "spread_home_line": "",
        "spread_home_close_odds": "",
        "spread_movement_score": 0.0,
        "total_over_close": "",
        "total_under_close": "",
        "odds_data_available": false
      },
      {
        "name": "欧塞尔 vs 昂热",
        "status": "STATUS_FULL_TIME",
        "completed": true,
        "kickoff_utc": "2026-08-29T18:45:00Z",
        "time_to_kickoff_h": -690.7,
        "home": "欧塞尔",
        "away": "昂热",
        "home_en": "AJ Auxerre",
        "away_en": "Angers SCO",
        "home_abbr": "UNK",
        "away_abbr": "UNK",
        "score": "1-3",
        "home_form": "L",
        "away_form": "L",
        "home_form_score": 0.0,
        "away_form_score": 0.0,
        "home_record": "0-0-1",
        "away_record": "0-0-1",
        "home_record_score": 0.0,
        "away_record_score": 0.0,
        "ml_home_close": null,
        "draw_ml": null,
        "home_ml_implied": null,
        "draw_implied": null,
        "home_true_prob": null,
        "draw_true_prob": null,
        "away_true_prob": null,
        "spread_home_line": "",
        "spread_home_close_odds": "",
        "spread_movement_score": 0.0,
        "total_over_close": "",
        "total_under_close": "",
        "odds_data_available": false
      },
      {
        "name": "布雷斯特 vs 图卢兹",
        "status": "STATUS_FULL_TIME",
        "completed": true,
        "kickoff_utc": "2026-08-29T18:45:00Z",
        "time_to_kickoff_h": -690.7,
        "home": "布雷斯特",
        "away": "图卢兹",
        "home_en": "Stade Brestois 29",
        "away_en": "Toulouse FC",
        "home_abbr": "UNK",
        "away_abbr": "UNK",
        "score": "2-2",
        "home_form": "D",
        "away_form": "L",
        "home_form_score": 0.5,
        "away_form_score": 0.0,
        "home_record": "0-1-0",
        "away_record": "0-0-1",
        "home_record_score": 0.0,
        "away_record_score": 0.0,
        "ml_home_close": null,
        "draw_ml": null,
        "home_ml_implied": null,
        "draw_implied": null,
        "home_true_prob": null,
        "draw_true_prob": null,
        "away_true_prob": null,
        "spread_home_line": "",
        "spread_home_close_odds": "",
        "spread_movement_score": 0.0,
        "total_over_close": "",
        "total_under_close": "",
        "odds_data_available": false
      },
      {
        "name": "巴黎FC vs 尼斯",
        "status": "STATUS_FULL_TIME",
        "completed": true,
        "kickoff_utc": "2026-08-30T13:00:00Z",
        "time_to_kickoff_h": -672.5,
        "home": "巴黎FC",
        "away": "尼斯",
        "home_en": "Paris FC",
        "away_en": "OGC Nice",
        "home_abbr": "UNK",
        "away_abbr": "UNK",
        "score": "3-0",
        "home_form": "D",
        "away_form": "D",
        "home_form_score": 0.5,
        "away_form_score": 0.5,
        "home_record": "0-1-0",
        "away_record": "0-1-0",
        "home_record_score": 0.0,
        "away_record_score": 0.0,
        "ml_home_close": null,
        "draw_ml": null,
        "home_ml_implied": null,
        "draw_implied": null,
        "home_true_prob": null,
        "draw_true_prob": null,
        "away_true_prob": null,
        "spread_home_line": "",
        "spread_home_close_odds": "",
        "spread_movement_score": 0.0,
        "total_over_close": "",
        "total_under_close": "",
        "odds_data_available": false
      },
      {
        "name": "雷恩 vs 勒芒",
        "status": "STATUS_FULL_TIME",
        "completed": true,
        "kickoff_utc": "2026-08-30T15:15:00Z",
        "time_to_kickoff_h": -670.2,
        "home": "雷恩",
        "away": "勒芒",
        "home_en": "Stade Rennais FC 1901",
        "away_en": "Le Mans FC",
        "home_abbr": "UNK",
        "away_abbr": "UNK",
        "score": "3-2",
        "home_form": "D",
        "away_form": "D",
        "home_form_score": 0.5,
        "away_form_score": 0.5,
        "home_record": "0-1-0",
        "away_record": "0-1-0",
        "home_record_score": 0.0,
        "away_record_score": 0.0,
        "ml_home_close": null,
        "draw_ml": null,
        "home_ml_implied": null,
        "draw_implied": null,
        "home_true_prob": null,
        "draw_true_prob": null,
        "away_true_prob": null,
        "spread_home_line": "",
        "spread_home_close_odds": "",
        "spread_movement_score": 0.0,
        "total_over_close": "",
        "total_under_close": "",
        "odds_data_available": false
      },
      {
        "name": "摩纳哥 vs 马赛",
        "status": "STATUS_FULL_TIME",
        "completed": true,
        "kickoff_utc": "2026-08-30T18:45:00Z",
        "time_to_kickoff_h": -666.7,
        "home": "摩纳哥",
        "away": "马赛",
        "home_en": "AS Monaco FC",
        "away_en": "Olympique de Marseille",
        "home_abbr": "UNK",
        "away_abbr": "UNK",
        "score": "2-0",
        "home_form": "W",
        "away_form": "W",
        "home_form_score": 1.0,
        "away_form_score": 1.0,
        "home_record": "1-0-0",
        "away_record": "1-0-0",
        "home_record_score": 1.0,
        "away_record_score": 1.0,
        "ml_home_close": null,
        "draw_ml": null,
        "home_ml_implied": null,
        "draw_implied": null,
        "home_true_prob": null,
        "draw_true_prob": null,
        "away_true_prob": null,
        "spread_home_line": "",
        "spread_home_close_odds": "",
        "spread_movement_score": 0.0,
        "total_over_close": "",
        "total_under_close": "",
        "odds_data_available": false
      },
      {
        "name": "图卢兹 vs 里尔",
        "status": "STATUS_FULL_TIME",
        "completed": true,
        "kickoff_utc": "2026-09-03T18:45:00Z",
        "time_to_kickoff_h": -570.7,
        "home": "图卢兹",
        "away": "里尔",
        "home_en": "Toulouse FC",
        "away_en": "Lille OSC",
        "home_abbr": "UNK",
        "away_abbr": "UNK",
        "score": "0-1",
        "home_form": "LD",
        "away_form": "WD",
        "home_form_score": 0.25,
        "away_form_score": 0.75,
        "home_record": "0-1-1",
        "away_record": "1-1-0",
        "home_record_score": 0.0,
        "away_record_score": 0.5,
        "ml_home_close": null,
        "draw_ml": null,
        "home_ml_implied": null,
        "draw_implied": null,
        "home_true_prob": null,
        "draw_true_prob": null,
        "away_true_prob": null,
        "spread_home_line": "",
        "spread_home_close_odds": "",
        "spread_movement_score": 0.0,
        "total_over_close": "",
        "total_under_close": "",
        "odds_data_available": false
      },
      {
        "name": "里昂 vs 欧塞尔",
        "status": "STATUS_FULL_TIME",
        "completed": true,
        "kickoff_utc": "2026-09-04T17:00:00Z",
        "time_to_kickoff_h": -548.5,
        "home": "里昂",
        "away": "欧塞尔",
        "home_en": "Olympique Lyonnais",
        "away_en": "AJ Auxerre",
        "home_abbr": "UNK",
        "away_abbr": "UNK",
        "score": "3-1",
        "home_form": "WD",
        "away_form": "LL",
        "home_form_score": 0.75,
        "away_form_score": 0.0,
        "home_record": "1-1-0",
        "away_record": "0-0-2",
        "home_record_score": 0.5,
        "away_record_score": 0.0,
        "ml_home_close": null,
        "draw_ml": null,
        "home_ml_implied": null,
        "draw_implied": null,
        "home_true_prob": null,
        "draw_true_prob": null,
        "away_true_prob": null,
        "spread_home_line": "",
        "spread_home_close_odds": "",
        "spread_movement_score": 0.0,
        "total_over_close": "",
        "total_under_close": "",
        "odds_data_available": false
      },
      {
        "name": "巴黎圣日耳曼 vs 摩纳哥",
        "status": "STATUS_FULL_TIME",
        "completed": true,
        "kickoff_utc": "2026-09-04T19:05:00Z",
        "time_to_kickoff_h": -546.4,
        "home": "巴黎圣日耳曼",
        "away": "摩纳哥",
        "home_en": "Paris Saint-Germain FC",
        "away_en": "AS Monaco FC",
        "home_abbr": "UNK",
        "away_abbr": "UNK",
        "score": "1-2",
        "home_form": "DD",
        "away_form": "WW",
        "home_form_score": 0.5,
        "away_form_score": 1.0,
        "home_record": "0-2-0",
        "away_record": "2-0-0",
        "home_record_score": 0.0,
        "away_record_score": 1.0,
        "ml_home_close": null,
        "draw_ml": null,
        "home_ml_implied": null,
        "draw_implied": null,
        "home_true_prob": null,
        "draw_true_prob": null,
        "away_true_prob": null,
        "spread_home_line": "",
        "spread_home_close_odds": "",
        "spread_movement_score": 0.0,
        "total_over_close": "",
        "total_under_close": "",
        "odds_data_available": false
      },
      {
        "name": "朗斯 vs 洛里昂",
        "status": "STATUS_FULL_TIME",
        "completed": true,
        "kickoff_utc": "2026-09-05T15:15:00Z",
        "time_to_kickoff_h": -526.2,
        "home": "朗斯",
        "away": "洛里昂",
        "home_en": "Racing Club de Lens",
        "away_en": "FC Lorient",
        "home_abbr": "UNK",
        "away_abbr": "UNK",
        "score": "0-1",
        "home_form": "WL",
        "away_form": "DL",
        "home_form_score": 0.5,
        "away_form_score": 0.25,
        "home_record": "1-0-1",
        "away_record": "0-1-1",
        "home_record_score": 0.5,
        "away_record_score": 0.0,
        "ml_home_close": null,
        "draw_ml": null,
        "home_ml_implied": null,
        "draw_implied": null,
        "home_true_prob": null,
        "draw_true_prob": null,
        "away_true_prob": null,
        "spread_home_line": "",
        "spread_home_close_odds": "",
        "spread_movement_score": 0.0,
        "total_over_close": "",
        "total_under_close": "",
        "odds_data_available": false
      },
      {
        "name": "勒阿弗尔 vs 布雷斯特",
        "status": "STATUS_FULL_TIME",
        "completed": true,
        "kickoff_utc": "2026-09-05T18:45:00Z",
        "time_to_kickoff_h": -522.7,
        "home": "勒阿弗尔",
        "away": "布雷斯特",
        "home_en": "Le Havre AC",
        "away_en": "Stade Brestois 29",
        "home_abbr": "UNK",
        "away_abbr": "UNK",
        "score": "1-2",
        "home_form": "LD",
        "away_form": "DD",
        "home_form_score": 0.25,
        "away_form_score": 0.5,
        "home_record": "0-1-1",
        "away_record": "0-2-0",
        "home_record_score": 0.0,
        "away_record_score": 0.0,
        "ml_home_close": null,
        "draw_ml": null,
        "home_ml_implied": null,
        "draw_implied": null,
        "home_true_prob": null,
        "draw_true_prob": null,
        "away_true_prob": null,
        "spread_home_line": "",
        "spread_home_close_odds": "",
        "spread_movement_score": 0.0,
        "total_over_close": "",
        "total_under_close": "",
        "odds_data_available": false
      },
      {
        "name": "尼斯 vs 勒芒",
        "status": "STATUS_FULL_TIME",
        "completed": true,
        "kickoff_utc": "2026-09-05T18:45:00Z",
        "time_to_kickoff_h": -522.7,
        "home": "尼斯",
        "away": "勒芒",
        "home_en": "OGC Nice",
        "away_en": "Le Mans FC",
        "home_abbr": "UNK",
        "away_abbr": "UNK",
        "score": "1-1",
        "home_form": "DL",
        "away_form": "DL",
        "home_form_score": 0.25,
        "away_form_score": 0.25,
        "home_record": "0-1-1",
        "away_record": "0-1-1",
        "home_record_score": 0.0,
        "away_record_score": 0.0,
        "ml_home_close": null,
        "draw_ml": null,
        "home_ml_implied": null,
        "draw_implied": null,
        "home_true_prob": null,
        "draw_true_prob": null,
        "away_true_prob": null,
        "spread_home_line": "",
        "spread_home_close_odds": "",
        "spread_movement_score": 0.0,
        "total_over_close": "",
        "total_under_close": "",
        "odds_data_available": false
      },
      {
        "name": "特鲁瓦 vs 斯特拉斯堡",
        "status": "STATUS_FULL_TIME",
        "completed": true,
        "kickoff_utc": "2026-09-06T13:00:00Z",
        "time_to_kickoff_h": -504.5,
        "home": "特鲁瓦",
        "away": "斯特拉斯堡",
        "home_en": "ES Troyes AC",
        "away_en": "RC Strasbourg Alsace",
        "home_abbr": "UNK",
        "away_abbr": "UNK",
        "score": "2-6",
        "home_form": "DW",
        "away_form": "LW",
        "home_form_score": 0.75,
        "away_form_score": 0.5,
        "home_record": "1-1-0",
        "away_record": "1-0-1",
        "home_record_score": 0.5,
        "away_record_score": 0.5,
        "ml_home_close": null,
        "draw_ml": null,
        "home_ml_implied": null,
        "draw_implied": null,
        "home_true_prob": null,
        "draw_true_prob": null,
        "away_true_prob": null,
        "spread_home_line": "",
        "spread_home_close_odds": "",
        "spread_movement_score": 0.0,
        "total_over_close": "",
        "total_under_close": "",
        "odds_data_available": false
      },
      {
        "name": "昂热 vs 雷恩",
        "status": "STATUS_FULL_TIME",
        "completed": true,
        "kickoff_utc": "2026-09-06T15:15:00Z",
        "time_to_kickoff_h": -502.2,
        "home": "昂热",
        "away": "雷恩",
        "home_en": "Angers SCO",
        "away_en": "Stade Rennais FC 1901",
        "home_abbr": "UNK",
        "away_abbr": "UNK",
        "score": "1-2",
        "home_form": "LW",
        "away_form": "DW",
        "home_form_score": 0.5,
        "away_form_score": 0.75,
        "home_record": "1-0-1",
        "away_record": "1-1-0",
        "home_record_score": 0.5,
        "away_record_score": 0.5,
        "ml_home_close": null,
        "draw_ml": null,
        "home_ml_implied": null,
        "draw_implied": null,
        "home_true_prob": null,
        "draw_true_prob": null,
        "away_true_prob": null,
        "spread_home_line": "",
        "spread_home_close_odds": "",
        "spread_movement_score": 0.0,
        "total_over_close": "",
        "total_under_close": "",
        "odds_data_available": false
      },
      {
        "name": "马赛 vs 巴黎FC",
        "status": "STATUS_FULL_TIME",
        "completed": true,
        "kickoff_utc": "2026-09-06T18:45:00Z",
        "time_to_kickoff_h": -498.7,
        "home": "马赛",
        "away": "巴黎FC",
        "home_en": "Olympique de Marseille",
        "away_en": "Paris FC",
        "home_abbr": "UNK",
        "away_abbr": "UNK",
        "score": "2-3",
        "home_form": "WL",
        "away_form": "DW",
        "home_form_score": 0.5,
        "away_form_score": 0.75,
        "home_record": "1-0-1",
        "away_record": "1-1-0",
        "home_record_score": 0.5,
        "away_record_score": 0.5,
        "ml_home_close": null,
        "draw_ml": null,
        "home_ml_implied": null,
        "draw_implied": null,
        "home_true_prob": null,
        "draw_true_prob": null,
        "away_true_prob": null,
        "spread_home_line": "",
        "spread_home_close_odds": "",
        "spread_movement_score": 0.0,
        "total_over_close": "",
        "total_under_close": "",
        "odds_data_available": false
      },
      {
        "name": "雷恩 vs 马赛",
        "status": "STATUS_FULL_TIME",
        "completed": true,
        "kickoff_utc": "2026-09-11T18:45:00Z",
        "time_to_kickoff_h": -378.7,
        "home": "雷恩",
        "away": "马赛",
        "home_en": "Stade Rennais FC 1901",
        "away_en": "Olympique de Marseille",
        "home_abbr": "UNK",
        "away_abbr": "UNK",
        "score": "1-0",
        "home_form": "DWW",
        "away_form": "WLL",
        "home_form_score": 0.833,
        "away_form_score": 0.333,
        "home_record": "2-1-0",
        "away_record": "1-0-2",
        "home_record_score": 0.667,
        "away_record_score": 0.333,
        "ml_home_close": null,
        "draw_ml": null,
        "home_ml_implied": null,
        "draw_implied": null,
        "home_true_prob": null,
        "draw_true_prob": null,
        "away_true_prob": null,
        "spread_home_line": "",
        "spread_home_close_odds": "",
        "spread_movement_score": 0.0,
        "total_over_close": "",
        "total_under_close": "",
        "odds_data_available": false
      },
      {
        "name": "斯特拉斯堡 vs 摩纳哥",
        "status": "STATUS_FULL_TIME",
        "completed": true,
        "kickoff_utc": "2026-09-12T15:15:00Z",
        "time_to_kickoff_h": -358.2,
        "home": "斯特拉斯堡",
        "away": "摩纳哥",
        "home_en": "RC Strasbourg Alsace",
        "away_en": "AS Monaco FC",
        "home_abbr": "UNK",
        "away_abbr": "UNK",
        "score": "1-1",
        "home_form": "LWW",
        "away_form": "WWW",
        "home_form_score": 0.667,
        "away_form_score": 1.0,
        "home_record": "2-0-1",
        "away_record": "3-0-0",
        "home_record_score": 0.667,
        "away_record_score": 1.0,
        "ml_home_close": null,
        "draw_ml": null,
        "home_ml_implied": null,
        "draw_implied": null,
        "home_true_prob": null,
        "draw_true_prob": null,
        "away_true_prob": null,
        "spread_home_line": "",
        "spread_home_close_odds": "",
        "spread_movement_score": 0.0,
        "total_over_close": "",
        "total_under_close": "",
        "odds_data_available": false
      },
      {
        "name": "洛里昂 vs 图卢兹",
        "status": "STATUS_FULL_TIME",
        "completed": true,
        "kickoff_utc": "2026-09-12T18:45:00Z",
        "time_to_kickoff_h": -354.7,
        "home": "洛里昂",
        "away": "图卢兹",
        "home_en": "FC Lorient",
        "away_en": "Toulouse FC",
        "home_abbr": "UNK",
        "away_abbr": "UNK",
        "score": "2-2",
        "home_form": "DLW",
        "away_form": "LDL",
        "home_form_score": 0.5,
        "away_form_score": 0.167,
        "home_record": "1-1-1",
        "away_record": "0-1-2",
        "home_record_score": 0.333,
        "away_record_score": 0.0,
        "ml_home_close": null,
        "draw_ml": null,
        "home_ml_implied": null,
        "draw_implied": null,
        "home_true_prob": null,
        "draw_true_prob": null,
        "away_true_prob": null,
        "spread_home_line": "",
        "spread_home_close_odds": "",
        "spread_movement_score": 0.0,
        "total_over_close": "",
        "total_under_close": "",
        "odds_data_available": false
      },
      {
        "name": "欧塞尔 vs 尼斯",
        "status": "STATUS_FULL_TIME",
        "completed": true,
        "kickoff_utc": "2026-09-12T18:45:00Z",
        "time_to_kickoff_h": -354.7,
        "home": "欧塞尔",
        "away": "尼斯",
        "home_en": "AJ Auxerre",
        "away_en": "OGC Nice",
        "home_abbr": "UNK",
        "away_abbr": "UNK",
        "score": "1-0",
        "home_form": "LLL",
        "away_form": "DLD",
        "home_form_score": 0.0,
        "away_form_score": 0.333,
        "home_record": "0-0-3",
        "away_record": "0-2-1",
        "home_record_score": 0.0,
        "away_record_score": 0.0,
        "ml_home_close": null,
        "draw_ml": null,
        "home_ml_implied": null,
        "draw_implied": null,
        "home_true_prob": null,
        "draw_true_prob": null,
        "away_true_prob": null,
        "spread_home_line": "",
        "spread_home_close_odds": "",
        "spread_movement_score": 0.0,
        "total_over_close": "",
        "total_under_close": "",
        "odds_data_available": false
      },
      {
        "name": "勒阿弗尔 vs 昂热",
        "status": "STATUS_FULL_TIME",
        "completed": true,
        "kickoff_utc": "2026-09-12T18:45:00Z",
        "time_to_kickoff_h": -354.7,
        "home": "勒阿弗尔",
        "away": "昂热",
        "home_en": "Le Havre AC",
        "away_en": "Angers SCO",
        "home_abbr": "UNK",
        "away_abbr": "UNK",
        "score": "0-0",
        "home_form": "LDL",
        "away_form": "LWL",
        "home_form_score": 0.167,
        "away_form_score": 0.333,
        "home_record": "0-1-2",
        "away_record": "1-0-2",
        "home_record_score": 0.0,
        "away_record_score": 0.333,
        "ml_home_close": null,
        "draw_ml": null,
        "home_ml_implied": null,
        "draw_implied": null,
        "home_true_prob": null,
        "draw_true_prob": null,
        "away_true_prob": null,
        "spread_home_line": "",
        "spread_home_close_odds": "",
        "spread_movement_score": 0.0,
        "total_over_close": "",
        "total_under_close": "",
        "odds_data_available": false
      },
      {
        "name": "巴黎FC vs 里昂",
        "status": "STATUS_FULL_TIME",
        "completed": true,
        "kickoff_utc": "2026-09-12T18:45:00Z",
        "time_to_kickoff_h": -354.7,
        "home": "巴黎FC",
        "away": "里昂",
        "home_en": "Paris FC",
        "away_en": "Olympique Lyonnais",
        "home_abbr": "UNK",
        "away_abbr": "UNK",
        "score": "0-0",
        "home_form": "DWW",
        "away_form": "WDW",
        "home_form_score": 0.833,
        "away_form_score": 0.833,
        "home_record": "2-1-0",
        "away_record": "2-1-0",
        "home_record_score": 0.667,
        "away_record_score": 0.667,
        "ml_home_close": null,
        "draw_ml": null,
        "home_ml_implied": null,
        "draw_implied": null,
        "home_true_prob": null,
        "draw_true_prob": null,
        "away_true_prob": null,
        "spread_home_line": "",
        "spread_home_close_odds": "",
        "spread_movement_score": 0.0,
        "total_over_close": "",
        "total_under_close": "",
        "odds_data_available": false
      },
      {
        "name": "里尔 vs 特鲁瓦",
        "status": "STATUS_FULL_TIME",
        "completed": true,
        "kickoff_utc": "2026-09-13T13:00:00Z",
        "time_to_kickoff_h": -336.5,
        "home": "里尔",
        "away": "特鲁瓦",
        "home_en": "Lille OSC",
        "away_en": "ES Troyes AC",
        "home_abbr": "UNK",
        "away_abbr": "UNK",
        "score": "2-0",
        "home_form": "WDW",
        "away_form": "DWL",
        "home_form_score": 0.833,
        "away_form_score": 0.5,
        "home_record": "2-1-0",
        "away_record": "1-1-1",
        "home_record_score": 0.667,
        "away_record_score": 0.333,
        "ml_home_close": null,
        "draw_ml": null,
        "home_ml_implied": null,
        "draw_implied": null,
        "home_true_prob": null,
        "draw_true_prob": null,
        "away_true_prob": null,
        "spread_home_line": "",
        "spread_home_close_odds": "",
        "spread_movement_score": 0.0,
        "total_over_close": "",
        "total_under_close": "",
        "odds_data_available": false
      },
      {
        "name": "勒芒 vs 朗斯",
        "status": "STATUS_FULL_TIME",
        "completed": true,
        "kickoff_utc": "2026-09-13T15:15:00Z",
        "time_to_kickoff_h": -334.2,
        "home": "勒芒",
        "away": "朗斯",
        "home_en": "Le Mans FC",
        "away_en": "Racing Club de Lens",
        "home_abbr": "UNK",
        "away_abbr": "UNK",
        "score": "2-2",
        "home_form": "DLD",
        "away_form": "WLL",
        "home_form_score": 0.333,
        "away_form_score": 0.333,
        "home_record": "0-2-1",
        "away_record": "1-0-2",
        "home_record_score": 0.0,
        "away_record_score": 0.333,
        "ml_home_close": null,
        "draw_ml": null,
        "home_ml_implied": null,
        "draw_implied": null,
        "home_true_prob": null,
        "draw_true_prob": null,
        "away_true_prob": null,
        "spread_home_line": "",
        "spread_home_close_odds": "",
        "spread_movement_score": 0.0,
        "total_over_close": "",
        "total_under_close": "",
        "odds_data_available": false
      },
      {
        "name": "布雷斯特 vs 巴黎圣日耳曼",
        "status": "STATUS_FULL_TIME",
        "completed": true,
        "kickoff_utc": "2026-09-13T18:45:00Z",
        "time_to_kickoff_h": -330.7,
        "home": "布雷斯特",
        "away": "巴黎圣日耳曼",
        "home_en": "Stade Brestois 29",
        "away_en": "Paris Saint-Germain FC",
        "home_abbr": "UNK",
        "away_abbr": "UNK",
        "score": "0-1",
        "home_form": "DDW",
        "away_form": "DDL",
        "home_form_score": 0.667,
        "away_form_score": 0.333,
        "home_record": "1-2-0",
        "away_record": "0-2-1",
        "home_record_score": 0.333,
        "away_record_score": 0.0,
        "ml_home_close": null,
        "draw_ml": null,
        "home_ml_implied": null,
        "draw_implied": null,
        "home_true_prob": null,
        "draw_true_prob": null,
        "away_true_prob": null,
        "spread_home_line": "",
        "spread_home_close_odds": "",
        "spread_movement_score": 0.0,
        "total_over_close": "",
        "total_under_close": "",
        "odds_data_available": false
      },
      {
        "name": "摩纳哥 vs 朗斯",
        "status": "STATUS_FULL_TIME",
        "completed": true,
        "kickoff_utc": "2026-09-18T18:45:00Z",
        "time_to_kickoff_h": -210.7,
        "home": "摩纳哥",
        "away": "朗斯",
        "home_en": "AS Monaco FC",
        "away_en": "Racing Club de Lens",
        "home_abbr": "UNK",
        "away_abbr": "UNK",
        "score": "2-1",
        "home_form": "WWWD",
        "away_form": "WLLD",
        "home_form_score": 0.875,
        "away_form_score": 0.375,
        "home_record": "3-1-0",
        "away_record": "1-1-2",
        "home_record_score": 0.75,
        "away_record_score": 0.25,
        "ml_home_close": null,
        "draw_ml": null,
        "home_ml_implied": null,
        "draw_implied": null,
        "home_true_prob": null,
        "draw_true_prob": null,
        "away_true_prob": null,
        "spread_home_line": "",
        "spread_home_close_odds": "",
        "spread_movement_score": 0.0,
        "total_over_close": "",
        "total_under_close": "",
        "odds_data_available": false
      },
      {
        "name": "巴黎FC vs 斯特拉斯堡",
        "status": "STATUS_FULL_TIME",
        "completed": true,
        "kickoff_utc": "2026-09-19T15:15:00Z",
        "time_to_kickoff_h": -190.2,
        "home": "巴黎FC",
        "away": "斯特拉斯堡",
        "home_en": "Paris FC",
        "away_en": "RC Strasbourg Alsace",
        "home_abbr": "UNK",
        "away_abbr": "UNK",
        "score": "2-1",
        "home_form": "DWWD",
        "away_form": "LWWD",
        "home_form_score": 0.75,
        "away_form_score": 0.625,
        "home_record": "2-2-0",
        "away_record": "2-1-1",
        "home_record_score": 0.5,
        "away_record_score": 0.5,
        "ml_home_close": null,
        "draw_ml": null,
        "home_ml_implied": null,
        "draw_implied": null,
        "home_true_prob": null,
        "draw_true_prob": null,
        "away_true_prob": null,
        "spread_home_line": "",
        "spread_home_close_odds": "",
        "spread_movement_score": 0.0,
        "total_over_close": "",
        "total_under_close": "",
        "odds_data_available": false
      },
      {
        "name": "勒芒 vs 洛里昂",
        "status": "STATUS_FULL_TIME",
        "completed": true,
        "kickoff_utc": "2026-09-19T18:45:00Z",
        "time_to_kickoff_h": -186.7,
        "home": "勒芒",
        "away": "洛里昂",
        "home_en": "Le Mans FC",
        "away_en": "FC Lorient",
        "home_abbr": "UNK",
        "away_abbr": "UNK",
        "score": "2-1",
        "home_form": "DLDD",
        "away_form": "DLWD",
        "home_form_score": 0.375,
        "away_form_score": 0.5,
        "home_record": "0-3-1",
        "away_record": "1-2-1",
        "home_record_score": 0.0,
        "away_record_score": 0.25,
        "ml_home_close": null,
        "draw_ml": null,
        "home_ml_implied": null,
        "draw_implied": null,
        "home_true_prob": null,
        "draw_true_prob": null,
        "away_true_prob": null,
        "spread_home_line": "",
        "spread_home_close_odds": "",
        "spread_movement_score": 0.0,
        "total_over_close": "",
        "total_under_close": "",
        "odds_data_available": false
      },
      {
        "name": "图卢兹 vs 勒阿弗尔",
        "status": "STATUS_FULL_TIME",
        "completed": true,
        "kickoff_utc": "2026-09-19T18:45:00Z",
        "time_to_kickoff_h": -186.7,
        "home": "图卢兹",
        "away": "勒阿弗尔",
        "home_en": "Toulouse FC",
        "away_en": "Le Havre AC",
        "home_abbr": "UNK",
        "away_abbr": "UNK",
        "score": "3-2",
        "home_form": "LDLD",
        "away_form": "LDLD",
        "home_form_score": 0.25,
        "away_form_score": 0.25,
        "home_record": "0-2-2",
        "away_record": "0-2-2",
        "home_record_score": 0.0,
        "away_record_score": 0.0,
        "ml_home_close": null,
        "draw_ml": null,
        "home_ml_implied": null,
        "draw_implied": null,
        "home_true_prob": null,
        "draw_true_prob": null,
        "away_true_prob": null,
        "spread_home_line": "",
        "spread_home_close_odds": "",
        "spread_movement_score": 0.0,
        "total_over_close": "",
        "total_under_close": "",
        "odds_data_available": false
      },
      {
        "name": "昂热 vs 特鲁瓦",
        "status": "STATUS_FULL_TIME",
        "completed": true,
        "kickoff_utc": "2026-09-19T18:45:00Z",
        "time_to_kickoff_h": -186.7,
        "home": "昂热",
        "away": "特鲁瓦",
        "home_en": "Angers SCO",
        "away_en": "ES Troyes AC",
        "home_abbr": "UNK",
        "away_abbr": "UNK",
        "score": "2-0",
        "home_form": "LWLD",
        "away_form": "DWLL",
        "home_form_score": 0.375,
        "away_form_score": 0.375,
        "home_record": "1-1-2",
        "away_record": "1-1-2",
        "home_record_score": 0.25,
        "away_record_score": 0.25,
        "ml_home_close": null,
        "draw_ml": null,
        "home_ml_implied": null,
        "draw_implied": null,
        "home_true_prob": null,
        "draw_true_prob": null,
        "away_true_prob": null,
        "spread_home_line": "",
        "spread_home_close_odds": "",
        "spread_movement_score": 0.0,
        "total_over_close": "",
        "total_under_close": "",
        "odds_data_available": false
      },
      {
        "name": "里昂 vs 雷恩",
        "status": "STATUS_FULL_TIME",
        "completed": true,
        "kickoff_utc": "2026-09-19T18:45:00Z",
        "time_to_kickoff_h": -186.7,
        "home": "里昂",
        "away": "雷恩",
        "home_en": "Olympique Lyonnais",
        "away_en": "Stade Rennais FC 1901",
        "home_abbr": "UNK",
        "away_abbr": "UNK",
        "score": "4-0",
        "home_form": "WDWD",
        "away_form": "DWWW",
        "home_form_score": 0.75,
        "away_form_score": 0.875,
        "home_record": "2-2-0",
        "away_record": "3-1-0",
        "home_record_score": 0.5,
        "away_record_score": 0.75,
        "ml_home_close": null,
        "draw_ml": null,
        "home_ml_implied": null,
        "draw_implied": null,
        "home_true_prob": null,
        "draw_true_prob": null,
        "away_true_prob": null,
        "spread_home_line": "",
        "spread_home_close_odds": "",
        "spread_movement_score": 0.0,
        "total_over_close": "",
        "total_under_close": "",
        "odds_data_available": false
      },
      {
        "name": "欧塞尔 vs 布雷斯特",
        "status": "STATUS_FULL_TIME",
        "completed": true,
        "kickoff_utc": "2026-09-20T13:00:00Z",
        "time_to_kickoff_h": -168.5,
        "home": "欧塞尔",
        "away": "布雷斯特",
        "home_en": "AJ Auxerre",
        "away_en": "Stade Brestois 29",
        "home_abbr": "UNK",
        "away_abbr": "UNK",
        "score": "2-1",
        "home_form": "LLLW",
        "away_form": "DDWL",
        "home_form_score": 0.25,
        "away_form_score": 0.5,
        "home_record": "1-0-3",
        "away_record": "1-2-1",
        "home_record_score": 0.25,
        "away_record_score": 0.25,
        "ml_home_close": null,
        "draw_ml": null,
        "home_ml_implied": null,
        "draw_implied": null,
        "home_true_prob": null,
        "draw_true_prob": null,
        "away_true_prob": null,
        "spread_home_line": "",
        "spread_home_close_odds": "",
        "spread_movement_score": 0.0,
        "total_over_close": "",
        "total_under_close": "",
        "odds_data_available": false
      },
      {
        "name": "尼斯 vs 里尔",
        "status": "STATUS_FULL_TIME",
        "completed": true,
        "kickoff_utc": "2026-09-20T15:15:00Z",
        "time_to_kickoff_h": -166.2,
        "home": "尼斯",
        "away": "里尔",
        "home_en": "OGC Nice",
        "away_en": "Lille OSC",
        "home_abbr": "UNK",
        "away_abbr": "UNK",
        "score": "2-1",
        "home_form": "DLDL",
        "away_form": "WDWW",
        "home_form_score": 0.25,
        "away_form_score": 0.875,
        "home_record": "0-2-2",
        "away_record": "3-1-0",
        "home_record_score": 0.0,
        "away_record_score": 0.75,
        "ml_home_close": null,
        "draw_ml": null,
        "home_ml_implied": null,
        "draw_implied": null,
        "home_true_prob": null,
        "draw_true_prob": null,
        "away_true_prob": null,
        "spread_home_line": "",
        "spread_home_close_odds": "",
        "spread_movement_score": 0.0,
        "total_over_close": "",
        "total_under_close": "",
        "odds_data_available": false
      },
      {
        "name": "马赛 vs 巴黎圣日耳曼",
        "status": "STATUS_FULL_TIME",
        "completed": true,
        "kickoff_utc": "2026-09-20T18:45:00Z",
        "time_to_kickoff_h": -162.7,
        "home": "马赛",
        "away": "巴黎圣日耳曼",
        "home_en": "Olympique de Marseille",
        "away_en": "Paris Saint-Germain FC",
        "home_abbr": "UNK",
        "away_abbr": "UNK",
        "score": "1-2",
        "home_form": "WLLL",
        "away_form": "DDLW",
        "home_form_score": 0.25,
        "away_form_score": 0.5,
        "home_record": "1-0-3",
        "away_record": "1-2-1",
        "home_record_score": 0.25,
        "away_record_score": 0.25,
        "ml_home_close": null,
        "draw_ml": null,
        "home_ml_implied": null,
        "draw_implied": null,
        "home_true_prob": null,
        "draw_true_prob": null,
        "away_true_prob": null,
        "spread_home_line": "",
        "spread_home_close_odds": "",
        "spread_movement_score": 0.0,
        "total_over_close": "",
        "total_under_close": "",
        "odds_data_available": false
      }
    ],
    "predictions": [
      {
        "direction": "里昂 胜 (接近)",
        "stars": "1-star",
        "confidence_score": 0.293,
        "predicted_score": "0-1",
        "poisson_top3": [
          {
            "score": "1-1",
            "prob": 0.1305
          },
          {
            "score": "0-1",
            "prob": 0.1038
          },
          {
            "score": "1-2",
            "prob": 0.0921
          }
        ],
        "lambda_home": 1.12,
        "lambda_away": 1.51,
        "lambda_home_ci95": [
          0,
          3.6
        ],
        "lambda_away_ci95": [
          0,
          4.3
        ],
        "over_under": "Under 3.5",
        "btts": "No",
        "dixon_coles_used": true,
        "dixon_coles_rho": -0.042,
        "ml_model_used": true,
        "ml_proba": [
          0.3748,
          0.1134,
          0.5118
        ],
        "dixon_coles_league_rho": 0.21,
        "onside_signals": {
          "home": {
            "fifa_rank": 221,
            "fifa_score": 0.011,
            "league_footprint": 0.2,
            "host_advantage": 0.5,
            "confederation": 1.0,
            "onside_score": 0.318
          },
          "away": {
            "fifa_rank": 160,
            "fifa_score": 0.028,
            "league_footprint": 0.2,
            "host_advantage": 0.5,
            "confederation": 1.0,
            "onside_score": 0.322
          }
        },
        "confidence_note": null,
        "odds_data_available": true,
        "reasoning_factors": {
          "home_ml_true_prob": 0.403,
          "draw_true_prob": 0.242,
          "away_ml_true_prob": 0.355,
          "home_form_score": 0.3,
          "away_form_score": 0.8,
          "home_record_score": 0.2,
          "away_record_score": 0.6,
          "spread_movement": 0.0,
          "home_onside_score": 0.478,
          "away_onside_score": 0.522,
          "home_prob_weighted": 0.379,
          "draw_prob_weighted": 0.193,
          "away_prob_weighted": 0.428,
          "elo_home_expected": 0.381,
          "raw_lambda_home": 0.4142,
          "raw_lambda_away": 0.5599
        },
        "match": "朗斯 vs 里昂",
        "home": "朗斯",
        "away": "里昂",
        "home_en": "Racing Club de Lens",
        "away_en": "Olympique Lyonnais",
        "kickoff_utc": "2026-10-09T18:45:00Z",
        "data_window": "20260828-20261011"
      },
      {
        "direction": "里尔 胜",
        "stars": "2-star",
        "confidence_score": 0.527,
        "predicted_score": "1-0",
        "poisson_top3": [
          {
            "score": "1-0",
            "prob": 0.1362
          },
          {
            "score": "2-0",
            "prob": 0.1246
          },
          {
            "score": "1-1",
            "prob": 0.1132
          }
        ],
        "lambda_home": 1.77,
        "lambda_away": 0.76,
        "lambda_home_ci95": [
          0,
          4.7
        ],
        "lambda_away_ci95": [
          0,
          3.0
        ],
        "over_under": "Under 2.5",
        "btts": "No",
        "dixon_coles_used": true,
        "dixon_coles_rho": -0.042,
        "ml_model_used": true,
        "ml_proba": [
          0.3994,
          0.3979,
          0.2027
        ],
        "dixon_coles_league_rho": 0.21,
        "onside_signals": {
          "home": {
            "fifa_rank": 172,
            "fifa_score": 0.021,
            "league_footprint": 0.2,
            "host_advantage": 0.5,
            "confederation": 1.0,
            "onside_score": 0.32
          },
          "away": {
            "fifa_rank": 232,
            "fifa_score": 0.011,
            "league_footprint": 0.2,
            "host_advantage": 0.5,
            "confederation": 1.0,
            "onside_score": 0.318
          }
        },
        "confidence_note": null,
        "odds_data_available": true,
        "reasoning_factors": {
          "home_ml_true_prob": 0.637,
          "draw_true_prob": 0.2,
          "away_ml_true_prob": 0.163,
          "home_form_score": 0.7,
          "away_form_score": 0.2,
          "home_record_score": 0.6,
          "away_record_score": 0.0,
          "spread_movement": 0.0,
          "home_onside_score": 0.483,
          "away_onside_score": 0.517,
          "home_prob_weighted": 0.513,
          "draw_prob_weighted": 0.223,
          "away_prob_weighted": 0.263,
          "elo_home_expected": 0.835,
          "raw_lambda_home": 0.6561,
          "raw_lambda_away": 0.2822
        },
        "match": "里尔 vs 勒阿弗尔",
        "home": "里尔",
        "away": "勒阿弗尔",
        "home_en": "Lille OSC",
        "away_en": "Le Havre AC",
        "kickoff_utc": "2026-10-10T15:15:00Z",
        "data_window": "20260828-20261011"
      },
      {
        "direction": "布雷斯特 胜 (接近)",
        "stars": "1-star",
        "confidence_score": 0.308,
        "predicted_score": "1-0",
        "poisson_top3": [
          {
            "score": "1-1",
            "prob": 0.1366
          },
          {
            "score": "1-0",
            "prob": 0.1014
          },
          {
            "score": "0-1",
            "prob": 0.0939
          }
        ],
        "lambda_home": 1.29,
        "lambda_away": 1.2,
        "lambda_home_ci95": [
          0,
          3.9
        ],
        "lambda_away_ci95": [
          0,
          3.8
        ],
        "over_under": "Under 2.5",
        "btts": "No",
        "dixon_coles_used": true,
        "dixon_coles_rho": -0.042,
        "ml_model_used": true,
        "ml_proba": [
          0.4307,
          0.1964,
          0.3729
        ],
        "dixon_coles_league_rho": 0.21,
        "onside_signals": {
          "home": {
            "fifa_rank": 213,
            "fifa_score": 0.011,
            "league_footprint": 0.2,
            "host_advantage": 0.5,
            "confederation": 1.0,
            "onside_score": 0.318
          },
          "away": {
            "fifa_rank": 196,
            "fifa_score": 0.012,
            "league_footprint": 0.2,
            "host_advantage": 0.5,
            "confederation": 1.0,
            "onside_score": 0.318
          }
        },
        "confidence_note": null,
        "odds_data_available": true,
        "reasoning_factors": {
          "home_ml_true_prob": 0.47,
          "draw_true_prob": 0.245,
          "away_ml_true_prob": 0.285,
          "home_form_score": 0.4,
          "away_form_score": 0.5,
          "home_record_score": 0.2,
          "away_record_score": 0.4,
          "spread_movement": 0.0,
          "home_onside_score": 0.481,
          "away_onside_score": 0.519,
          "home_prob_weighted": 0.433,
          "draw_prob_weighted": 0.207,
          "away_prob_weighted": 0.361,
          "elo_home_expected": 0.571,
          "raw_lambda_home": 0.4784,
          "raw_lambda_away": 0.4447
        },
        "match": "布雷斯特 vs 昂热",
        "home": "布雷斯特",
        "away": "昂热",
        "home_en": "Stade Brestois 29",
        "away_en": "Angers SCO",
        "kickoff_utc": "2026-10-10T18:45:00Z",
        "data_window": "20260828-20261011"
      },
      {
        "direction": "巴黎FC 胜 (接近)",
        "stars": "1-star",
        "confidence_score": 0.339,
        "predicted_score": "0-1",
        "poisson_top3": [
          {
            "score": "1-1",
            "prob": 0.1281
          },
          {
            "score": "0-1",
            "prob": 0.1063
          },
          {
            "score": "1-2",
            "prob": 0.0942
          }
        ],
        "lambda_home": 1.07,
        "lambda_away": 1.58,
        "lambda_home_ci95": [
          0,
          3.5
        ],
        "lambda_away_ci95": [
          0,
          4.4
        ],
        "over_under": "Under 2.5",
        "btts": "No",
        "dixon_coles_used": true,
        "dixon_coles_rho": -0.042,
        "ml_model_used": true,
        "ml_proba": [
          0.4102,
          0.1229,
          0.4668
        ],
        "dixon_coles_league_rho": 0.21,
        "onside_signals": {
          "home": {
            "fifa_rank": 215,
            "fifa_score": 0.011,
            "league_footprint": 0.2,
            "host_advantage": 0.5,
            "confederation": 1.0,
            "onside_score": 0.318
          },
          "away": {
            "fifa_rank": 164,
            "fifa_score": 0.026,
            "league_footprint": 0.2,
            "host_advantage": 0.5,
            "confederation": 1.0,
            "onside_score": 0.321
          }
        },
        "confidence_note": null,
        "odds_data_available": true,
        "reasoning_factors": {
          "home_ml_true_prob": 0.293,
          "draw_true_prob": 0.265,
          "away_ml_true_prob": 0.443,
          "home_form_score": 0.4,
          "away_form_score": 0.8,
          "home_record_score": 0.2,
          "away_record_score": 0.6,
          "spread_movement": 0.0,
          "home_onside_score": 0.479,
          "away_onside_score": 0.521,
          "home_prob_weighted": 0.355,
          "draw_prob_weighted": 0.202,
          "away_prob_weighted": 0.443,
          "elo_home_expected": 0.424,
          "raw_lambda_home": 0.398,
          "raw_lambda_away": 0.5835
        },
        "match": "洛里昂 vs 巴黎FC",
        "home": "洛里昂",
        "away": "巴黎FC",
        "home_en": "FC Lorient",
        "away_en": "Paris FC",
        "kickoff_utc": "2026-10-10T18:45:00Z",
        "data_window": "20260828-20261011"
      },
      {
        "direction": "巴黎圣日耳曼 胜",
        "stars": "3-star",
        "confidence_score": 0.649,
        "predicted_score": "1-0",
        "poisson_top3": [
          {
            "score": "1-0",
            "prob": 0.1169
          },
          {
            "score": "1-1",
            "prob": 0.1138
          },
          {
            "score": "2-0",
            "prob": 0.1117
          }
        ],
        "lambda_home": 1.84,
        "lambda_away": 0.88,
        "lambda_home_ci95": [
          0,
          4.8
        ],
        "lambda_away_ci95": [
          0,
          3.2
        ],
        "over_under": "Under 4.5",
        "btts": "No",
        "dixon_coles_used": true,
        "dixon_coles_rho": -0.042,
        "ml_model_used": true,
        "ml_proba": [
          0.4376,
          0.1943,
          0.3681
        ],
        "dixon_coles_league_rho": 0.21,
        "onside_signals": {
          "home": {
            "fifa_rank": 179,
            "fifa_score": 0.018,
            "league_footprint": 0.2,
            "host_advantage": 0.5,
            "confederation": 1.0,
            "onside_score": 0.32
          },
          "away": {
            "fifa_rank": 206,
            "fifa_score": 0.011,
            "league_footprint": 0.2,
            "host_advantage": 0.5,
            "confederation": 1.0,
            "onside_score": 0.318
          }
        },
        "confidence_note": null,
        "odds_data_available": true,
        "reasoning_factors": {
          "home_ml_true_prob": 0.856,
          "draw_true_prob": 0.085,
          "away_ml_true_prob": 0.06,
          "home_form_score": 0.6,
          "away_form_score": 0.5,
          "home_record_score": 0.4,
          "away_record_score": 0.2,
          "spread_movement": 0.0,
          "home_onside_score": 0.483,
          "away_onside_score": 0.517,
          "home_prob_weighted": 0.574,
          "draw_prob_weighted": 0.158,
          "away_prob_weighted": 0.267,
          "elo_home_expected": 0.739,
          "raw_lambda_home": 0.6819,
          "raw_lambda_away": 0.3253
        },
        "match": "巴黎圣日耳曼 vs 勒芒",
        "home": "巴黎圣日耳曼",
        "away": "勒芒",
        "home_en": "Paris Saint-Germain FC",
        "away_en": "Le Mans FC",
        "kickoff_utc": "2026-10-10T18:45:00Z",
        "data_window": "20260828-20261011"
      },
      {
        "direction": "摩纳哥 胜",
        "stars": "2-star",
        "confidence_score": 0.499,
        "predicted_score": "1-0",
        "poisson_top3": [
          {
            "score": "1-1",
            "prob": 0.116
          },
          {
            "score": "1-0",
            "prob": 0.1085
          },
          {
            "score": "2-0",
            "prob": 0.1032
          }
        ],
        "lambda_home": 1.83,
        "lambda_away": 0.96,
        "lambda_home_ci95": [
          0,
          4.8
        ],
        "lambda_away_ci95": [
          0,
          3.3
        ],
        "over_under": "Under 2.5",
        "btts": "No",
        "dixon_coles_used": true,
        "dixon_coles_rho": -0.042,
        "ml_model_used": true,
        "ml_proba": [
          0.49,
          0.3733,
          0.1367
        ],
        "dixon_coles_league_rho": 0.21,
        "onside_signals": {
          "home": {
            "fifa_rank": 150,
            "fifa_score": 0.035,
            "league_footprint": 0.2,
            "host_advantage": 0.5,
            "confederation": 1.0,
            "onside_score": 0.324
          },
          "away": {
            "fifa_rank": 213,
            "fifa_score": 0.011,
            "league_footprint": 0.2,
            "host_advantage": 0.5,
            "confederation": 1.0,
            "onside_score": 0.318
          }
        },
        "confidence_note": null,
        "odds_data_available": true,
        "reasoning_factors": {
          "home_ml_true_prob": 0.543,
          "draw_true_prob": 0.223,
          "away_ml_true_prob": 0.234,
          "home_form_score": 0.9,
          "away_form_score": 0.4,
          "home_record_score": 0.8,
          "away_record_score": 0.2,
          "spread_movement": 0.0,
          "home_onside_score": 0.486,
          "away_onside_score": 0.514,
          "home_prob_weighted": 0.5,
          "draw_prob_weighted": 0.227,
          "away_prob_weighted": 0.274,
          "elo_home_expected": 0.843,
          "raw_lambda_home": 0.6764,
          "raw_lambda_away": 0.354
        },
        "match": "摩纳哥 vs 图卢兹",
        "home": "摩纳哥",
        "away": "图卢兹",
        "home_en": "AS Monaco FC",
        "away_en": "Toulouse FC",
        "kickoff_utc": "2026-10-10T18:45:00Z",
        "data_window": "20260828-20261011"
      },
      {
        "direction": "尼斯 胜 (接近)",
        "stars": "1-star",
        "confidence_score": 0.209,
        "predicted_score": "1-0",
        "poisson_top3": [
          {
            "score": "1-1",
            "prob": 0.1369
          },
          {
            "score": "0-1",
            "prob": 0.1021
          },
          {
            "score": "1-0",
            "prob": 0.0946
          }
        ],
        "lambda_home": 1.2,
        "lambda_away": 1.29,
        "lambda_home_ci95": [
          0,
          3.7
        ],
        "lambda_away_ci95": [
          0,
          3.9
        ],
        "over_under": "Under 2.5",
        "btts": "No",
        "dixon_coles_used": true,
        "dixon_coles_rho": -0.042,
        "ml_model_used": true,
        "ml_proba": [
          0.4307,
          0.1964,
          0.3729
        ],
        "dixon_coles_league_rho": 0.21,
        "onside_signals": {
          "home": {
            "fifa_rank": 222,
            "fifa_score": 0.011,
            "league_footprint": 0.2,
            "host_advantage": 0.5,
            "confederation": 1.0,
            "onside_score": 0.318
          },
          "away": {
            "fifa_rank": 182,
            "fifa_score": 0.017,
            "league_footprint": 0.2,
            "host_advantage": 0.5,
            "confederation": 1.0,
            "onside_score": 0.319
          }
        },
        "confidence_note": null,
        "odds_data_available": true,
        "reasoning_factors": {
          "home_ml_true_prob": 0.405,
          "draw_true_prob": 0.257,
          "away_ml_true_prob": 0.339,
          "home_form_score": 0.4,
          "away_form_score": 0.5,
          "home_record_score": 0.2,
          "away_record_score": 0.4,
          "spread_movement": 0.0,
          "home_onside_score": 0.48,
          "away_onside_score": 0.52,
          "home_prob_weighted": 0.4,
          "draw_prob_weighted": 0.21,
          "away_prob_weighted": 0.39,
          "elo_home_expected": 0.472,
          "raw_lambda_home": 0.4428,
          "raw_lambda_away": 0.4763
        },
        "match": "尼斯 vs 斯特拉斯堡",
        "home": "尼斯",
        "away": "斯特拉斯堡",
        "home_en": "OGC Nice",
        "away_en": "RC Strasbourg Alsace",
        "kickoff_utc": "2026-10-11T13:00:00Z",
        "data_window": "20260828-20261011"
      }
    ],
    "timing_ms": {
      "total": 37838
    },
    "monte_carlo": {
      "champion_probs": {
        "摩纳哥": 0.21,
        "里昂": 0.19,
        "斯特拉斯堡": 0.17,
        "里尔": 0.08,
        "雷恩": 0.07,
        "巴黎FC": 0.07,
        "巴黎圣日耳曼": 0.07,
        "勒芒": 0.07,
        "朗斯": 0.02,
        "欧塞尔": 0.01,
        "昂热": 0.01,
        "布雷斯特": 0.01,
        "图卢兹": 0.01,
        "马赛": 0.01,
        "洛里昂": 0.0,
        "勒阿弗尔": 0.0,
        "尼斯": 0.0,
        "特鲁瓦": 0.0
      },
      "round_reach_probs": {},
      "simulation_count": 100,
      "model": "dixon_coles",
      "rho": -0.042,
      "convergence_diagnostics": {
        "欧塞尔": {
          "count": 1,
          "probability": 0.01,
          "std_error": 0.00995,
          "ci_95_lower": 0.0,
          "ci_95_upper": 0.0295
        },
        "摩纳哥": {
          "count": 21,
          "probability": 0.21,
          "std_error": 0.04073,
          "ci_95_lower": 0.1302,
          "ci_95_upper": 0.2898
        },
        "里尔": {
          "count": 8,
          "probability": 0.08,
          "std_error": 0.02713,
          "ci_95_lower": 0.0268,
          "ci_95_upper": 0.1332
        },
        "雷恩": {
          "count": 7,
          "probability": 0.07,
          "std_error": 0.02551,
          "ci_95_lower": 0.02,
          "ci_95_upper": 0.12
        },
        "昂热": {
          "count": 1,
          "probability": 0.01,
          "std_error": 0.00995,
          "ci_95_lower": 0.0,
          "ci_95_upper": 0.0295
        },
        "朗斯": {
          "count": 2,
          "probability": 0.02,
          "std_error": 0.014,
          "ci_95_lower": 0.0,
          "ci_95_upper": 0.0474
        },
        "巴黎FC": {
          "count": 7,
          "probability": 0.07,
          "std_error": 0.02551,
          "ci_95_lower": 0.02,
          "ci_95_upper": 0.12
        },
        "巴黎圣日耳曼": {
          "count": 7,
          "probability": 0.07,
          "std_error": 0.02551,
          "ci_95_lower": 0.02,
          "ci_95_upper": 0.12
        },
        "布雷斯特": {
          "count": 1,
          "probability": 0.01,
          "std_error": 0.00995,
          "ci_95_lower": 0.0,
          "ci_95_upper": 0.0295
        },
        "勒芒": {
          "count": 7,
          "probability": 0.07,
          "std_error": 0.02551,
          "ci_95_lower": 0.02,
          "ci_95_upper": 0.12
        },
        "洛里昂": {
          "count": 0,
          "probability": 0.0,
          "std_error": 0.0,
          "ci_95_lower": 0.0,
          "ci_95_upper": 0.0
        },
        "图卢兹": {
          "count": 1,
          "probability": 0.01,
          "std_error": 0.00995,
          "ci_95_lower": 0.0,
          "ci_95_upper": 0.0295
        },
        "马赛": {
          "count": 1,
          "probability": 0.01,
          "std_error": 0.00995,
          "ci_95_lower": 0.0,
          "ci_95_upper": 0.0295
        },
        "斯特拉斯堡": {
          "count": 17,
          "probability": 0.17,
          "std_error": 0.03756,
          "ci_95_lower": 0.0964,
          "ci_95_upper": 0.2436
        },
        "勒阿弗尔": {
          "count": 0,
          "probability": 0.0,
          "std_error": 0.0,
          "ci_95_lower": 0.0,
          "ci_95_upper": 0.0
        },
        "里昂": {
          "count": 19,
          "probability": 0.19,
          "std_error": 0.03923,
          "ci_95_lower": 0.1131,
          "ci_95_upper": 0.2669
        },
        "尼斯": {
          "count": 0,
          "probability": 0.0,
          "std_error": 0.0,
          "ci_95_lower": 0.0,
          "ci_95_upper": 0.0
        },
        "特鲁瓦": {
          "count": 0,
          "probability": 0.0,
          "std_error": 0.0,
          "ci_95_lower": 0.0,
          "ci_95_upper": 0.0
        },
        "_summary": {
          "max_std_error": 0.04073,
          "avg_std_error": 0.01725,
          "teams_with_se_above_1pct": 9,
          "n_simulations": 100
        }
      }
    }
  }
]
