[predict] API key 'API_FOOTBALL_KEY' not set — data sources requiring it will be unavailable

############################################################
# LEAGUE: epl
############################################################
[predict] League: epl (English Premier League), source: , type: league
[predict] Fetching football-data.org: https://api.football-data.org/v4/competitions/PL/matches?dateFrom=2026-08-28&dateTo=2026-09-28
[predict] Got 40 events
[predict] form/records 数据源未提供且无历史比赛可推导，状态/战绩信号回退为中性值
[predict] Past: 40, Future: 0, In progress: 0
[predict] Saved results: /home/ubuntu/work/sports-lottery/scripts/results/result_2026-09-27.json (40 matches, merged)
[predict] Accumulated 4 historical past matches (league=epl)
[predict] Using built-in default FIFA rankings (57 teams)
[predict] FIFA rankings loaded: 57 teams
[predict] Loaded ELO ratings for 153 teams from /home/ubuntu/work/sports-lottery/references/.elo_ratings.json (saved=2026-09-20T01:04:26Z)
[predict] Saved ELO ratings for 153 teams to /home/ubuntu/work/sports-lottery/references/.elo_ratings.json
[predict] ELO ratings: 153 teams
[predict] No future matches to predict

############################################################
# LEAGUE: laliga
############################################################
[predict] League: laliga (La Liga), source: , type: league
[predict] Fetching football-data.org: https://api.football-data.org/v4/competitions/PD/matches?dateFrom=2026-08-28&dateTo=2026-09-28
[predict] Got 49 events
[predict] form/records 数据源未提供且无历史比赛可推导，状态/战绩信号回退为中性值
[predict] Past: 49, Future: 0, In progress: 0
[predict] Saved results: /home/ubuntu/work/sports-lottery/scripts/results/result_2026-09-27.json (89 matches, merged)
[predict] Accumulated 5 historical past matches (league=laliga)
[predict] Using built-in default FIFA rankings (57 teams)
[predict] FIFA rankings loaded: 57 teams
[predict] Loaded ELO ratings for 153 teams from /home/ubuntu/work/sports-lottery/references/.elo_ratings.json (saved=2026-09-27T12:56:46Z)
[predict] Saved ELO ratings for 153 teams to /home/ubuntu/work/sports-lottery/references/.elo_ratings.json
[predict] ELO ratings: 153 teams
[predict] No future matches to predict

############################################################
# LEAGUE: bundesliga
############################################################
[predict] League: bundesliga (Bundesliga), source: , type: league
[predict] Fetching football-data.org: https://api.football-data.org/v4/competitions/BL1/matches?dateFrom=2026-08-28&dateTo=2026-09-28
[predict] Got 36 events
[predict] form/records 数据源未提供且无历史比赛可推导，状态/战绩信号回退为中性值
[predict] Past: 36, Future: 0, In progress: 0
[predict] Saved results: /home/ubuntu/work/sports-lottery/scripts/results/result_2026-09-27.json (125 matches, merged)
[predict] Accumulated 3 historical past matches (league=bundesliga)
[predict] Using built-in default FIFA rankings (57 teams)
[predict] FIFA rankings loaded: 57 teams
[predict] Loaded ELO ratings for 153 teams from /home/ubuntu/work/sports-lottery/references/.elo_ratings.json (saved=2026-09-27T12:56:47Z)
[predict] Saved ELO ratings for 153 teams to /home/ubuntu/work/sports-lottery/references/.elo_ratings.json
[predict] ELO ratings: 153 teams
[predict] No future matches to predict

############################################################
# LEAGUE: seriea
############################################################
[predict] League: seriea (Serie A), source: , type: league
[predict] Fetching football-data.org: https://api.football-data.org/v4/competitions/SA/matches?dateFrom=2026-08-28&dateTo=2026-09-28
[predict] Got 40 events
[predict] form/records 数据源未提供且无历史比赛可推导，状态/战绩信号回退为中性值
[predict] Past: 40, Future: 0, In progress: 0
[predict] Saved results: /home/ubuntu/work/sports-lottery/scripts/results/result_2026-09-27.json (165 matches, merged)
[predict] Accumulated 5 historical past matches (league=seriea)
[predict] Using built-in default FIFA rankings (57 teams)
[predict] FIFA rankings loaded: 57 teams
[predict] Loaded ELO ratings for 153 teams from /home/ubuntu/work/sports-lottery/references/.elo_ratings.json (saved=2026-09-27T12:56:48Z)
[predict] Saved ELO ratings for 153 teams to /home/ubuntu/work/sports-lottery/references/.elo_ratings.json
[predict] ELO ratings: 153 teams
[predict] No future matches to predict

############################################################
# LEAGUE: ligue1
############################################################
[predict] League: ligue1 (Ligue 1), source: , type: league
[predict] Fetching football-data.org: https://api.football-data.org/v4/competitions/FL1/matches?dateFrom=2026-08-28&dateTo=2026-09-28
[predict] Got 36 events
[predict] form/records 数据源未提供且无历史比赛可推导，状态/战绩信号回退为中性值
[predict] Past: 36, Future: 0, In progress: 0
[predict] Saved results: /home/ubuntu/work/sports-lottery/scripts/results/result_2026-09-27.json (201 matches, merged)
[predict] Accumulated 3 historical past matches (league=ligue1)
[predict] Using built-in default FIFA rankings (57 teams)
[predict] FIFA rankings loaded: 57 teams
[predict] Loaded ELO ratings for 153 teams from /home/ubuntu/work/sports-lottery/references/.elo_ratings.json (saved=2026-09-27T12:56:50Z)
[predict] Saved ELO ratings for 153 teams to /home/ubuntu/work/sports-lottery/references/.elo_ratings.json
[predict] ELO ratings: 153 teams
[predict] No future matches to predict

############################################################
# LEAGUE: nba
############################################################
[predict] League: nba (NBA), source: , type: league
[predict] Fetching ESPN (attempt 1/3): https://site.api.espn.com/apis/site/v2/sports/soccer/epl/scoreboard?dates=20260828-20260928&limit=50
[predict] Attempt 1 failed: HTTPError: HTTP Error 400: Bad Request
[predict] Retrying in 30s...
[predict] Fetching ESPN (attempt 2/3): https://site.api.espn.com/apis/site/v2/sports/soccer/epl/scoreboard?dates=20260828-20260928&limit=50
[predict] Attempt 2 failed: HTTPError: HTTP Error 400: Bad Request
[predict] Retrying in 60s...
[predict] Fetching ESPN (attempt 3/3): https://site.api.espn.com/apis/site/v2/sports/soccer/epl/scoreboard?dates=20260828-20260928&limit=50
[predict] Attempt 3 failed: HTTPError: HTTP Error 400: Bad Request
[predict] All 3 attempts failed for ESPN
[predict] Prediction failed for nba: HTTP Error 400: Bad Request
[
  {
    "generated_at": "2026-09-27T20:56:44.731465+08:00",
    "data_window": "20260828-20260928",
    "status": "no_future_matches",
    "league": "epl",
    "tournament_type": "league",
    "message": "No matches to predict in window (20260828-20260928)",
    "calibration": {
      "total_matches": 40,
      "home_wins": 11,
      "draws": 15,
      "away_wins": 14,
      "home_win_rate": 0.275,
      "draw_rate": 0.375,
      "away_win_rate": 0.35,
      "favored_by_odds": 0,
      "favored_won": 0,
      "odds_accuracy": 0
    },
    "past_matches": [
      {
        "name": "水晶宫 vs 曼城",
        "status": "STATUS_FULL_TIME",
        "completed": true,
        "kickoff_utc": "2026-08-28T19:00:00Z",
        "time_to_kickoff_h": -713.9,
        "home": "水晶宫",
        "away": "曼城",
        "home_en": "Crystal Palace FC",
        "away_en": "Manchester City FC",
        "home_abbr": "UNK",
        "away_abbr": "UNK",
        "score": "1-4",
        "home_form": "",
        "away_form": "",
        "home_form_score": 0.5,
        "away_form_score": 0.5,
        "home_record": "",
        "away_record": "",
        "home_record_score": 0.5,
        "away_record_score": 0.5,
        "ml_home_close": null,
        "draw_ml": null,
        "home_ml_implied": null,
        "draw_implied": null,
        "home_true_prob": null,
        "draw_true_prob": null,
        "away_true_prob": null,
        "spread_home_line": "",
        "spread_home_close_odds": "",
        "spread_movement_score": 0.0,
        "total_over_close": "",
        "total_under_close": "",
        "odds_data_available": false
      },
      {
        "name": "利物浦 vs 诺丁汉森林",
        "status": "STATUS_FULL_TIME",
        "completed": true,
        "kickoff_utc": "2026-08-29T11:30:00Z",
        "time_to_kickoff_h": -697.4,
        "home": "利物浦",
        "away": "诺丁汉森林",
        "home_en": "Liverpool FC",
        "away_en": "Nottingham Forest FC",
        "home_abbr": "UNK",
        "away_abbr": "UNK",
        "score": "2-2",
        "home_form": "",
        "away_form": "",
        "home_form_score": 0.5,
        "away_form_score": 0.5,
        "home_record": "",
        "away_record": "",
        "home_record_score": 0.5,
        "away_record_score": 0.5,
        "ml_home_close": null,
        "draw_ml": null,
        "home_ml_implied": null,
        "draw_implied": null,
        "home_true_prob": null,
        "draw_true_prob": null,
        "away_true_prob": null,
        "spread_home_line": "",
        "spread_home_close_odds": "",
        "spread_movement_score": 0.0,
        "total_over_close": "",
        "total_under_close": "",
        "odds_data_available": false
      },
      {
        "name": "伯恩茅斯 vs 埃弗顿",
        "status": "STATUS_FULL_TIME",
        "completed": true,
        "kickoff_utc": "2026-08-29T14:00:00Z",
        "time_to_kickoff_h": -694.9,
        "home": "伯恩茅斯",
        "away": "埃弗顿",
        "home_en": "AFC Bournemouth",
        "away_en": "Everton FC",
        "home_abbr": "UNK",
        "away_abbr": "UNK",
        "score": "1-1",
        "home_form": "",
        "away_form": "",
        "home_form_score": 0.5,
        "away_form_score": 0.5,
        "home_record": "",
        "away_record": "",
        "home_record_score": 0.5,
        "away_record_score": 0.5,
        "ml_home_close": null,
        "draw_ml": null,
        "home_ml_implied": null,
        "draw_implied": null,
        "home_true_prob": null,
        "draw_true_prob": null,
        "away_true_prob": null,
        "spread_home_line": "",
        "spread_home_close_odds": "",
        "spread_movement_score": 0.0,
        "total_over_close": "",
        "total_under_close": "",
        "odds_data_available": false
      },
      {
        "name": "考文垂 vs 赫尔城",
        "status": "STATUS_FULL_TIME",
        "completed": true,
        "kickoff_utc": "2026-08-29T14:00:00Z",
        "time_to_kickoff_h": -694.9,
        "home": "考文垂",
        "away": "赫尔城",
        "home_en": "Coventry City FC",
        "away_en": "Hull City AFC",
        "home_abbr": "UNK",
        "away_abbr": "UNK",
        "score": "0-1",
        "home_form": "",
        "away_form": "",
        "home_form_score": 0.5,
        "away_form_score": 0.5,
        "home_record": "",
        "away_record": "",
        "home_record_score": 0.5,
        "away_record_score": 0.5,
        "ml_home_close": null,
        "draw_ml": null,
        "home_ml_implied": null,
        "draw_implied": null,
        "home_true_prob": null,
        "draw_true_prob": null,
        "away_true_prob": null,
        "spread_home_line": "",
        "spread_home_close_odds": "",
        "spread_movement_score": 0.0,
        "total_over_close": "",
        "total_under_close": "",
        "odds_data_available": false
      },
      {
        "name": "热刺 vs 纽卡斯尔联",
        "status": "STATUS_FULL_TIME",
        "completed": true,
        "kickoff_utc": "2026-08-29T16:30:00Z",
        "time_to_kickoff_h": -692.4,
        "home": "热刺",
        "away": "纽卡斯尔联",
        "home_en": "Tottenham Hotspur FC",
        "away_en": "Newcastle United FC",
        "home_abbr": "UNK",
        "away_abbr": "UNK",
        "score": "0-2",
        "home_form": "",
        "away_form": "",
        "home_form_score": 0.5,
        "away_form_score": 0.5,
        "home_record": "",
        "away_record": "",
        "home_record_score": 0.5,
        "away_record_score": 0.5,
        "ml_home_close": null,
        "draw_ml": null,
        "home_ml_implied": null,
        "draw_implied": null,
        "home_true_prob": null,
        "draw_true_prob": null,
        "away_true_prob": null,
        "spread_home_line": "",
        "spread_home_close_odds": "",
        "spread_movement_score": 0.0,
        "total_over_close": "",
        "total_under_close": "",
        "odds_data_available": false
      },
      {
        "name": "桑德兰 vs 富勒姆",
        "status": "STATUS_FULL_TIME",
        "completed": true,
        "kickoff_utc": "2026-08-30T13:00:00Z",
        "time_to_kickoff_h": -671.9,
        "home": "桑德兰",
        "away": "富勒姆",
        "home_en": "Sunderland AFC",
        "away_en": "Fulham FC",
        "home_abbr": "UNK",
        "away_abbr": "UNK",
        "score": "1-0",
        "home_form": "",
        "away_form": "",
        "home_form_score": 0.5,
        "away_form_score": 0.5,
        "home_record": "",
        "away_record": "",
        "home_record_score": 0.5,
        "away_record_score": 0.5,
        "ml_home_close": null,
        "draw_ml": null,
        "home_ml_implied": null,
        "draw_implied": null,
        "home_true_prob": null,
        "draw_true_prob": null,
        "away_true_prob": null,
        "spread_home_line": "",
        "spread_home_close_odds": "",
        "spread_movement_score": 0.0,
        "total_over_close": "",
        "total_under_close": "",
        "odds_data_available": false
      },
      {
        "name": "切尔西 vs 布莱顿",
        "status": "STATUS_FULL_TIME",
        "completed": true,
        "kickoff_utc": "2026-08-30T13:00:00Z",
        "time_to_kickoff_h": -671.9,
        "home": "切尔西",
        "away": "布莱顿",
        "home_en": "Chelsea FC",
        "away_en": "Brighton & Hove Albion FC",
        "home_abbr": "UNK",
        "away_abbr": "UNK",
        "score": "4-3",
        "home_form": "",
        "away_form": "",
        "home_form_score": 0.5,
        "away_form_score": 0.5,
        "home_record": "",
        "away_record": "",
        "home_record_score": 0.5,
        "away_record_score": 0.5,
        "ml_home_close": null,
        "draw_ml": null,
        "home_ml_implied": null,
        "draw_implied": null,
        "home_true_prob": null,
        "draw_true_prob": null,
        "away_true_prob": null,
        "spread_home_line": "",
        "spread_home_close_odds": "",
        "spread_movement_score": 0.0,
        "total_over_close": "",
        "total_under_close": "",
        "odds_data_available": false
      },
      {
        "name": "利兹联 vs 布伦特福德",
        "status": "STATUS_FULL_TIME",
        "completed": true,
        "kickoff_utc": "2026-08-30T13:00:00Z",
        "time_to_kickoff_h": -671.9,
        "home": "利兹联",
        "away": "布伦特福德",
        "home_en": "Leeds United FC",
        "away_en": "Brentford FC",
        "home_abbr": "UNK",
        "away_abbr": "UNK",
        "score": "1-1",
        "home_form": "",
        "away_form": "",
        "home_form_score": 0.5,
        "away_form_score": 0.5,
        "home_record": "",
        "away_record": "",
        "home_record_score": 0.5,
        "away_record_score": 0.5,
        "ml_home_close": null,
        "draw_ml": null,
        "home_ml_implied": null,
        "draw_implied": null,
        "home_true_prob": null,
        "draw_true_prob": null,
        "away_true_prob": null,
        "spread_home_line": "",
        "spread_home_close_odds": "",
        "spread_movement_score": 0.0,
        "total_over_close": "",
        "total_under_close": "",
        "odds_data_available": false
      },
      {
        "name": "曼联 vs 伊普斯维奇",
        "status": "STATUS_FULL_TIME",
        "completed": true,
        "kickoff_utc": "2026-08-30T15:30:00Z",
        "time_to_kickoff_h": -669.4,
        "home": "曼联",
        "away": "伊普斯维奇",
        "home_en": "Manchester United FC",
        "away_en": "Ipswich Town FC",
        "home_abbr": "UNK",
        "away_abbr": "UNK",
        "score": "5-2",
        "home_form": "",
        "away_form": "",
        "home_form_score": 0.5,
        "away_form_score": 0.5,
        "home_record": "",
        "away_record": "",
        "home_record_score": 0.5,
        "away_record_score": 0.5,
        "ml_home_close": null,
        "draw_ml": null,
        "home_ml_implied": null,
        "draw_implied": null,
        "home_true_prob": null,
        "draw_true_prob": null,
        "away_true_prob": null,
        "spread_home_line": "",
        "spread_home_close_odds": "",
        "spread_movement_score": 0.0,
        "total_over_close": "",
        "total_under_close": "",
        "odds_data_available": false
      },
      {
        "name": "阿斯顿维拉 vs 阿森纳",
        "status": "STATUS_FULL_TIME",
        "completed": true,
        "kickoff_utc": "2026-08-31T19:00:00Z",
        "time_to_kickoff_h": -641.9,
        "home": "阿斯顿维拉",
        "away": "阿森纳",
        "home_en": "Aston Villa FC",
        "away_en": "Arsenal FC",
        "home_abbr": "UNK",
        "away_abbr": "UNK",
        "score": "0-1",
        "home_form": "",
        "away_form": "",
        "home_form_score": 0.5,
        "away_form_score": 0.5,
        "home_record": "",
        "away_record": "",
        "home_record_score": 0.5,
        "away_record_score": 0.5,
        "ml_home_close": null,
        "draw_ml": null,
        "home_ml_implied": null,
        "draw_implied": null,
        "home_true_prob": null,
        "draw_true_prob": null,
        "away_true_prob": null,
        "spread_home_line": "",
        "spread_home_close_odds": "",
        "spread_movement_score": 0.0,
        "total_over_close": "",
        "total_under_close": "",
        "odds_data_available": false
      },
      {
        "name": "伊普斯维奇 vs 利物浦",
        "status": "STATUS_FULL_TIME",
        "completed": true,
        "kickoff_utc": "2026-09-04T19:00:00Z",
        "time_to_kickoff_h": -545.9,
        "home": "伊普斯维奇",
        "away": "利物浦",
        "home_en": "Ipswich Town FC",
        "away_en": "Liverpool FC",
        "home_abbr": "UNK",
        "away_abbr": "UNK",
        "score": "0-2",
        "home_form": "L",
        "away_form": "D",
        "home_form_score": 0.0,
        "away_form_score": 0.5,
        "home_record": "0-0-1",
        "away_record": "0-1-0",
        "home_record_score": 0.0,
        "away_record_score": 0.0,
        "ml_home_close": null,
        "draw_ml": null,
        "home_ml_implied": null,
        "draw_implied": null,
        "home_true_prob": null,
        "draw_true_prob": null,
        "away_true_prob": null,
        "spread_home_line": "",
        "spread_home_close_odds": "",
        "spread_movement_score": 0.0,
        "total_over_close": "",
        "total_under_close": "",
        "odds_data_available": false
      },
      {
        "name": "纽卡斯尔联 vs 伯恩茅斯",
        "status": "STATUS_FULL_TIME",
        "completed": true,
        "kickoff_utc": "2026-09-05T11:30:00Z",
        "time_to_kickoff_h": -529.4,
        "home": "纽卡斯尔联",
        "away": "伯恩茅斯",
        "home_en": "Newcastle United FC",
        "away_en": "AFC Bournemouth",
        "home_abbr": "UNK",
        "away_abbr": "UNK",
        "score": "2-2",
        "home_form": "W",
        "away_form": "D",
        "home_form_score": 1.0,
        "away_form_score": 0.5,
        "home_record": "1-0-0",
        "away_record": "0-1-0",
        "home_record_score": 1.0,
        "away_record_score": 0.0,
        "ml_home_close": null,
        "draw_ml": null,
        "home_ml_implied": null,
        "draw_implied": null,
        "home_true_prob": null,
        "draw_true_prob": null,
        "away_true_prob": null,
        "spread_home_line": "",
        "spread_home_close_odds": "",
        "spread_movement_score": 0.0,
        "total_over_close": "",
        "total_under_close": "",
        "odds_data_available": false
      },
      {
        "name": "诺丁汉森林 vs 热刺",
        "status": "STATUS_FULL_TIME",
        "completed": true,
        "kickoff_utc": "2026-09-05T14:00:00Z",
        "time_to_kickoff_h": -526.9,
        "home": "诺丁汉森林",
        "away": "热刺",
        "home_en": "Nottingham Forest FC",
        "away_en": "Tottenham Hotspur FC",
        "home_abbr": "UNK",
        "away_abbr": "UNK",
        "score": "0-0",
        "home_form": "D",
        "away_form": "L",
        "home_form_score": 0.5,
        "away_form_score": 0.0,
        "home_record": "0-1-0",
        "away_record": "0-0-1",
        "home_record_score": 0.0,
        "away_record_score": 0.0,
        "ml_home_close": null,
        "draw_ml": null,
        "home_ml_implied": null,
        "draw_implied": null,
        "home_true_prob": null,
        "draw_true_prob": null,
        "away_true_prob": null,
        "spread_home_line": "",
        "spread_home_close_odds": "",
        "spread_movement_score": 0.0,
        "total_over_close": "",
        "total_under_close": "",
        "odds_data_available": false
      },
      {
        "name": "曼城 vs 考文垂",
        "status": "STATUS_FULL_TIME",
        "completed": true,
        "kickoff_utc": "2026-09-05T14:00:00Z",
        "time_to_kickoff_h": -526.9,
        "home": "曼城",
        "away": "考文垂",
        "home_en": "Manchester City FC",
        "away_en": "Coventry City FC",
        "home_abbr": "UNK",
        "away_abbr": "UNK",
        "score": "1-0",
        "home_form": "W",
        "away_form": "L",
        "home_form_score": 1.0,
        "away_form_score": 0.0,
        "home_record": "1-0-0",
        "away_record": "0-0-1",
        "home_record_score": 1.0,
        "away_record_score": 0.0,
        "ml_home_close": null,
        "draw_ml": null,
        "home_ml_implied": null,
        "draw_implied": null,
        "home_true_prob": null,
        "draw_true_prob": null,
        "away_true_prob": null,
        "spread_home_line": "",
        "spread_home_close_odds": "",
        "spread_movement_score": 0.0,
        "total_over_close": "",
        "total_under_close": "",
        "odds_data_available": false
      },
      {
        "name": "布莱顿 vs 利兹联",
        "status": "STATUS_FULL_TIME",
        "completed": true,
        "kickoff_utc": "2026-09-05T14:00:00Z",
        "time_to_kickoff_h": -526.9,
        "home": "布莱顿",
        "away": "利兹联",
        "home_en": "Brighton & Hove Albion FC",
        "away_en": "Leeds United FC",
        "home_abbr": "UNK",
        "away_abbr": "UNK",
        "score": "1-1",
        "home_form": "L",
        "away_form": "D",
        "home_form_score": 0.0,
        "away_form_score": 0.5,
        "home_record": "0-0-1",
        "away_record": "0-1-0",
        "home_record_score": 0.0,
        "away_record_score": 0.0,
        "ml_home_close": null,
        "draw_ml": null,
        "home_ml_implied": null,
        "draw_implied": null,
        "home_true_prob": null,
        "draw_true_prob": null,
        "away_true_prob": null,
        "spread_home_line": "",
        "spread_home_close_odds": "",
        "spread_movement_score": 0.0,
        "total_over_close": "",
        "total_under_close": "",
        "odds_data_available": false
      },
      {
        "name": "布伦特福德 vs 桑德兰",
        "status": "STATUS_FULL_TIME",
        "completed": true,
        "kickoff_utc": "2026-09-05T14:00:00Z",
        "time_to_kickoff_h": -526.9,
        "home": "布伦特福德",
        "away": "桑德兰",
        "home_en": "Brentford FC",
        "away_en": "Sunderland AFC",
        "home_abbr": "UNK",
        "away_abbr": "UNK",
        "score": "1-1",
        "home_form": "D",
        "away_form": "W",
        "home_form_score": 0.5,
        "away_form_score": 1.0,
        "home_record": "0-1-0",
        "away_record": "1-0-0",
        "home_record_score": 0.0,
        "away_record_score": 1.0,
        "ml_home_close": null,
        "draw_ml": null,
        "home_ml_implied": null,
        "draw_implied": null,
        "home_true_prob": null,
        "draw_true_prob": null,
        "away_true_prob": null,
        "spread_home_line": "",
        "spread_home_close_odds": "",
        "spread_movement_score": 0.0,
        "total_over_close": "",
        "total_under_close": "",
        "odds_data_available": false
      },
      {
        "name": "富勒姆 vs 水晶宫",
        "status": "STATUS_FULL_TIME",
        "completed": true,
        "kickoff_utc": "2026-09-05T14:00:00Z",
        "time_to_kickoff_h": -526.9,
        "home": "富勒姆",
        "away": "水晶宫",
        "home_en": "Fulham FC",
        "away_en": "Crystal Palace FC",
        "home_abbr": "UNK",
        "away_abbr": "UNK",
        "score": "2-3",
        "home_form": "L",
        "away_form": "L",
        "home_form_score": 0.0,
        "away_form_score": 0.0,
        "home_record": "0-0-1",
        "away_record": "0-0-1",
        "home_record_score": 0.0,
        "away_record_score": 0.0,
        "ml_home_close": null,
        "draw_ml": null,
        "home_ml_implied": null,
        "draw_implied": null,
        "home_true_prob": null,
        "draw_true_prob": null,
        "away_true_prob": null,
        "spread_home_line": "",
        "spread_home_close_odds": "",
        "spread_movement_score": 0.0,
        "total_over_close": "",
        "total_under_close": "",
        "odds_data_available": false
      },
      {
        "name": "赫尔城 vs 阿斯顿维拉",
        "status": "STATUS_FULL_TIME",
        "completed": true,
        "kickoff_utc": "2026-09-05T16:30:00Z",
        "time_to_kickoff_h": -524.4,
        "home": "赫尔城",
        "away": "阿斯顿维拉",
        "home_en": "Hull City AFC",
        "away_en": "Aston Villa FC",
        "home_abbr": "UNK",
        "away_abbr": "UNK",
        "score": "0-0",
        "home_form": "W",
        "away_form": "L",
        "home_form_score": 1.0,
        "away_form_score": 0.0,
        "home_record": "1-0-0",
        "away_record": "0-0-1",
        "home_record_score": 1.0,
        "away_record_score": 0.0,
        "ml_home_close": null,
        "draw_ml": null,
        "home_ml_implied": null,
        "draw_implied": null,
        "home_true_prob": null,
        "draw_true_prob": null,
        "away_true_prob": null,
        "spread_home_line": "",
        "spread_home_close_odds": "",
        "spread_movement_score": 0.0,
        "total_over_close": "",
        "total_under_close": "",
        "odds_data_available": false
      },
      {
        "name": "埃弗顿 vs 曼联",
        "status": "STATUS_FULL_TIME",
        "completed": true,
        "kickoff_utc": "2026-09-06T13:00:00Z",
        "time_to_kickoff_h": -503.9,
        "home": "埃弗顿",
        "away": "曼联",
        "home_en": "Everton FC",
        "away_en": "Manchester United FC",
        "home_abbr": "UNK",
        "away_abbr": "UNK",
        "score": "2-2",
        "home_form": "D",
        "away_form": "W",
        "home_form_score": 0.5,
        "away_form_score": 1.0,
        "home_record": "0-1-0",
        "away_record": "1-0-0",
        "home_record_score": 0.0,
        "away_record_score": 1.0,
        "ml_home_close": null,
        "draw_ml": null,
        "home_ml_implied": null,
        "draw_implied": null,
        "home_true_prob": null,
        "draw_true_prob": null,
        "away_true_prob": null,
        "spread_home_line": "",
        "spread_home_close_odds": "",
        "spread_movement_score": 0.0,
        "total_over_close": "",
        "total_under_close": "",
        "odds_data_available": false
      },
      {
        "name": "阿森纳 vs 切尔西",
        "status": "STATUS_FULL_TIME",
        "completed": true,
        "kickoff_utc": "2026-09-06T15:30:00Z",
        "time_to_kickoff_h": -501.4,
        "home": "阿森纳",
        "away": "切尔西",
        "home_en": "Arsenal FC",
        "away_en": "Chelsea FC",
        "home_abbr": "UNK",
        "away_abbr": "UNK",
        "score": "2-1",
        "home_form": "W",
        "away_form": "W",
        "home_form_score": 1.0,
        "away_form_score": 1.0,
        "home_record": "1-0-0",
        "away_record": "1-0-0",
        "home_record_score": 1.0,
        "away_record_score": 1.0,
        "ml_home_close": null,
        "draw_ml": null,
        "home_ml_implied": null,
        "draw_implied": null,
        "home_true_prob": null,
        "draw_true_prob": null,
        "away_true_prob": null,
        "spread_home_line": "",
        "spread_home_close_odds": "",
        "spread_movement_score": 0.0,
        "total_over_close": "",
        "total_under_close": "",
        "odds_data_available": false
      },
      {
        "name": "水晶宫 vs 伊普斯维奇",
        "status": "STATUS_FULL_TIME",
        "completed": true,
        "kickoff_utc": "2026-09-12T14:00:00Z",
        "time_to_kickoff_h": -358.9,
        "home": "水晶宫",
        "away": "伊普斯维奇",
        "home_en": "Crystal Palace FC",
        "away_en": "Ipswich Town FC",
        "home_abbr": "UNK",
        "away_abbr": "UNK",
        "score": "2-3",
        "home_form": "LW",
        "away_form": "LL",
        "home_form_score": 0.5,
        "away_form_score": 0.0,
        "home_record": "1-0-1",
        "away_record": "0-0-2",
        "home_record_score": 0.5,
        "away_record_score": 0.0,
        "ml_home_close": null,
        "draw_ml": null,
        "home_ml_implied": null,
        "draw_implied": null,
        "home_true_prob": null,
        "draw_true_prob": null,
        "away_true_prob": null,
        "spread_home_line": "",
        "spread_home_close_odds": "",
        "spread_movement_score": 0.0,
        "total_over_close": "",
        "total_under_close": "",
        "odds_data_available": false
      },
      {
        "name": "利物浦 vs 富勒姆",
        "status": "STATUS_FULL_TIME",
        "completed": true,
        "kickoff_utc": "2026-09-12T14:00:00Z",
        "time_to_kickoff_h": -358.9,
        "home": "利物浦",
        "away": "富勒姆",
        "home_en": "Liverpool FC",
        "away_en": "Fulham FC",
        "home_abbr": "UNK",
        "away_abbr": "UNK",
        "score": "0-0",
        "home_form": "DW",
        "away_form": "LL",
        "home_form_score": 0.75,
        "away_form_score": 0.0,
        "home_record": "1-1-0",
        "away_record": "0-0-2",
        "home_record_score": 0.5,
        "away_record_score": 0.0,
        "ml_home_close": null,
        "draw_ml": null,
        "home_ml_implied": null,
        "draw_implied": null,
        "home_true_prob": null,
        "draw_true_prob": null,
        "away_true_prob": null,
        "spread_home_line": "",
        "spread_home_close_odds": "",
        "spread_movement_score": 0.0,
        "total_over_close": "",
        "total_under_close": "",
        "odds_data_available": false
      },
      {
        "name": "阿斯顿维拉 vs 诺丁汉森林",
        "status": "STATUS_FULL_TIME",
        "completed": true,
        "kickoff_utc": "2026-09-12T14:00:00Z",
        "time_to_kickoff_h": -358.9,
        "home": "阿斯顿维拉",
        "away": "诺丁汉森林",
        "home_en": "Aston Villa FC",
        "away_en": "Nottingham Forest FC",
        "home_abbr": "UNK",
        "away_abbr": "UNK",
        "score": "1-2",
        "home_form": "LD",
        "away_form": "DD",
        "home_form_score": 0.25,
        "away_form_score": 0.5,
        "home_record": "0-1-1",
        "away_record": "0-2-0",
        "home_record_score": 0.0,
        "away_record_score": 0.0,
        "ml_home_close": null,
        "draw_ml": null,
        "home_ml_implied": null,
        "draw_implied": null,
        "home_true_prob": null,
        "draw_true_prob": null,
        "away_true_prob": null,
        "spread_home_line": "",
        "spread_home_close_odds": "",
        "spread_movement_score": 0.0,
        "total_over_close": "",
        "total_under_close": "",
        "odds_data_available": false
      },
      {
        "name": "伯恩茅斯 vs 布伦特福德",
        "status": "STATUS_FULL_TIME",
        "completed": true,
        "kickoff_utc": "2026-09-12T14:00:00Z",
        "time_to_kickoff_h": -358.9,
        "home": "伯恩茅斯",
        "away": "布伦特福德",
        "home_en": "AFC Bournemouth",
        "away_en": "Brentford FC",
        "home_abbr": "UNK",
        "away_abbr": "UNK",
        "score": "2-2",
        "home_form": "DD",
        "away_form": "DD",
        "home_form_score": 0.5,
        "away_form_score": 0.5,
        "home_record": "0-2-0",
        "away_record": "0-2-0",
        "home_record_score": 0.0,
        "away_record_score": 0.0,
        "ml_home_close": null,
        "draw_ml": null,
        "home_ml_implied": null,
        "draw_implied": null,
        "home_true_prob": null,
        "draw_true_prob": null,
        "away_true_prob": null,
        "spread_home_line": "",
        "spread_home_close_odds": "",
        "spread_movement_score": 0.0,
        "total_over_close": "",
        "total_under_close": "",
        "odds_data_available": false
      },
      {
        "name": "切尔西 vs 赫尔城",
        "status": "STATUS_FULL_TIME",
        "completed": true,
        "kickoff_utc": "2026-09-12T14:00:00Z",
        "time_to_kickoff_h": -358.9,
        "home": "切尔西",
        "away": "赫尔城",
        "home_en": "Chelsea FC",
        "away_en": "Hull City AFC",
        "home_abbr": "UNK",
        "away_abbr": "UNK",
        "score": "2-2",
        "home_form": "WL",
        "away_form": "WD",
        "home_form_score": 0.5,
        "away_form_score": 0.75,
        "home_record": "1-0-1",
        "away_record": "1-1-0",
        "home_record_score": 0.5,
        "away_record_score": 0.5,
        "ml_home_close": null,
        "draw_ml": null,
        "home_ml_implied": null,
        "draw_implied": null,
        "home_true_prob": null,
        "draw_true_prob": null,
        "away_true_prob": null,
        "spread_home_line": "",
        "spread_home_close_odds": "",
        "spread_movement_score": 0.0,
        "total_over_close": "",
        "total_under_close": "",
        "odds_data_available": false
      },
      {
        "name": "热刺 vs 埃弗顿",
        "status": "STATUS_FULL_TIME",
        "completed": true,
        "kickoff_utc": "2026-09-12T16:30:00Z",
        "time_to_kickoff_h": -356.4,
        "home": "热刺",
        "away": "埃弗顿",
        "home_en": "Tottenham Hotspur FC",
        "away_en": "Everton FC",
        "home_abbr": "UNK",
        "away_abbr": "UNK",
        "score": "0-0",
        "home_form": "LD",
        "away_form": "DD",
        "home_form_score": 0.25,
        "away_form_score": 0.5,
        "home_record": "0-1-1",
        "away_record": "0-2-0",
        "home_record_score": 0.0,
        "away_record_score": 0.0,
        "ml_home_close": null,
        "draw_ml": null,
        "home_ml_implied": null,
        "draw_implied": null,
        "home_true_prob": null,
        "draw_true_prob": null,
        "away_true_prob": null,
        "spread_home_line": "",
        "spread_home_close_odds": "",
        "spread_movement_score": 0.0,
        "total_over_close": "",
        "total_under_close": "",
        "odds_data_available": false
      },
      {
        "name": "桑德兰 vs 阿森纳",
        "status": "STATUS_FULL_TIME",
        "completed": true,
        "kickoff_utc": "2026-09-12T19:00:00Z",
        "time_to_kickoff_h": -353.9,
        "home": "桑德兰",
        "away": "阿森纳",
        "home_en": "Sunderland AFC",
        "away_en": "Arsenal FC",
        "home_abbr": "UNK",
        "away_abbr": "UNK",
        "score": "0-2",
        "home_form": "WD",
        "away_form": "WW",
        "home_form_score": 0.75,
        "away_form_score": 1.0,
        "home_record": "1-1-0",
        "away_record": "2-0-0",
        "home_record_score": 0.5,
        "away_record_score": 1.0,
        "ml_home_close": null,
        "draw_ml": null,
        "home_ml_implied": null,
        "draw_implied": null,
        "home_true_prob": null,
        "draw_true_prob": null,
        "away_true_prob": null,
        "spread_home_line": "",
        "spread_home_close_odds": "",
        "spread_movement_score": 0.0,
        "total_over_close": "",
        "total_under_close": "",
        "odds_data_available": false
      },
      {
        "name": "考文垂 vs 布莱顿",
        "status": "STATUS_FULL_TIME",
        "completed": true,
        "kickoff_utc": "2026-09-13T13:00:00Z",
        "time_to_kickoff_h": -335.9,
        "home": "考文垂",
        "away": "布莱顿",
        "home_en": "Coventry City FC",
        "away_en": "Brighton & Hove Albion FC",
        "home_abbr": "UNK",
        "away_abbr": "UNK",
        "score": "0-5",
        "home_form": "LL",
        "away_form": "LD",
        "home_form_score": 0.0,
        "away_form_score": 0.25,
        "home_record": "0-0-2",
        "away_record": "0-1-1",
        "home_record_score": 0.0,
        "away_record_score": 0.0,
        "ml_home_close": null,
        "draw_ml": null,
        "home_ml_implied": null,
        "draw_implied": null,
        "home_true_prob": null,
        "draw_true_prob": null,
        "away_true_prob": null,
        "spread_home_line": "",
        "spread_home_close_odds": "",
        "spread_movement_score": 0.0,
        "total_over_close": "",
        "total_under_close": "",
        "odds_data_available": false
      },
      {
        "name": "曼联 vs 曼城",
        "status": "STATUS_FULL_TIME",
        "completed": true,
        "kickoff_utc": "2026-09-13T15:30:00Z",
        "time_to_kickoff_h": -333.4,
        "home": "曼联",
        "away": "曼城",
        "home_en": "Manchester United FC",
        "away_en": "Manchester City FC",
        "home_abbr": "UNK",
        "away_abbr": "UNK",
        "score": "0-1",
        "home_form": "WD",
        "away_form": "WW",
        "home_form_score": 0.75,
        "away_form_score": 1.0,
        "home_record": "1-1-0",
        "away_record": "2-0-0",
        "home_record_score": 0.5,
        "away_record_score": 1.0,
        "ml_home_close": null,
        "draw_ml": null,
        "home_ml_implied": null,
        "draw_implied": null,
        "home_true_prob": null,
        "draw_true_prob": null,
        "away_true_prob": null,
        "spread_home_line": "",
        "spread_home_close_odds": "",
        "spread_movement_score": 0.0,
        "total_over_close": "",
        "total_under_close": "",
        "odds_data_available": false
      },
      {
        "name": "利兹联 vs 纽卡斯尔联",
        "status": "STATUS_FULL_TIME",
        "completed": true,
        "kickoff_utc": "2026-09-14T19:00:00Z",
        "time_to_kickoff_h": -305.9,
        "home": "利兹联",
        "away": "纽卡斯尔联",
        "home_en": "Leeds United FC",
        "away_en": "Newcastle United FC",
        "home_abbr": "UNK",
        "away_abbr": "UNK",
        "score": "4-1",
        "home_form": "DD",
        "away_form": "WD",
        "home_form_score": 0.5,
        "away_form_score": 0.75,
        "home_record": "0-2-0",
        "away_record": "1-1-0",
        "home_record_score": 0.0,
        "away_record_score": 0.5,
        "ml_home_close": null,
        "draw_ml": null,
        "home_ml_implied": null,
        "draw_implied": null,
        "home_true_prob": null,
        "draw_true_prob": null,
        "away_true_prob": null,
        "spread_home_line": "",
        "spread_home_close_odds": "",
        "spread_movement_score": 0.0,
        "total_over_close": "",
        "total_under_close": "",
        "odds_data_available": false
      },
      {
        "name": "布伦特福德 vs 切尔西",
        "status": "STATUS_FULL_TIME",
        "completed": true,
        "kickoff_utc": "2026-09-18T19:00:00Z",
        "time_to_kickoff_h": -209.9,
        "home": "布伦特福德",
        "away": "切尔西",
        "home_en": "Brentford FC",
        "away_en": "Chelsea FC",
        "home_abbr": "UNK",
        "away_abbr": "UNK",
        "score": "3-0",
        "home_form": "DDD",
        "away_form": "WLD",
        "home_form_score": 0.5,
        "away_form_score": 0.5,
        "home_record": "0-3-0",
        "away_record": "1-1-1",
        "home_record_score": 0.0,
        "away_record_score": 0.333,
        "ml_home_close": null,
        "draw_ml": null,
        "home_ml_implied": null,
        "draw_implied": null,
        "home_true_prob": null,
        "draw_true_prob": null,
        "away_true_prob": null,
        "spread_home_line": "",
        "spread_home_close_odds": "",
        "spread_movement_score": 0.0,
        "total_over_close": "",
        "total_under_close": "",
        "odds_data_available": false
      },
      {
        "name": "热刺 vs 阿斯顿维拉",
        "status": "STATUS_FULL_TIME",
        "completed": true,
        "kickoff_utc": "2026-09-19T11:30:00Z",
        "time_to_kickoff_h": -193.4,
        "home": "热刺",
        "away": "阿斯顿维拉",
        "home_en": "Tottenham Hotspur FC",
        "away_en": "Aston Villa FC",
        "home_abbr": "UNK",
        "away_abbr": "UNK",
        "score": "2-3",
        "home_form": "LDD",
        "away_form": "LDL",
        "home_form_score": 0.333,
        "away_form_score": 0.167,
        "home_record": "0-2-1",
        "away_record": "0-1-2",
        "home_record_score": 0.0,
        "away_record_score": 0.0,
        "ml_home_close": null,
        "draw_ml": null,
        "home_ml_implied": null,
        "draw_implied": null,
        "home_true_prob": null,
        "draw_true_prob": null,
        "away_true_prob": null,
        "spread_home_line": "",
        "spread_home_close_odds": "",
        "spread_movement_score": 0.0,
        "total_over_close": "",
        "total_under_close": "",
        "odds_data_available": false
      },
      {
        "name": "埃弗顿 vs 伊普斯维奇",
        "status": "STATUS_FULL_TIME",
        "completed": true,
        "kickoff_utc": "2026-09-19T14:00:00Z",
        "time_to_kickoff_h": -190.9,
        "home": "埃弗顿",
        "away": "伊普斯维奇",
        "home_en": "Everton FC",
        "away_en": "Ipswich Town FC",
        "home_abbr": "UNK",
        "away_abbr": "UNK",
        "score": "1-0",
        "home_form": "DDD",
        "away_form": "LLW",
        "home_form_score": 0.5,
        "away_form_score": 0.333,
        "home_record": "0-3-0",
        "away_record": "1-0-2",
        "home_record_score": 0.0,
        "away_record_score": 0.333,
        "ml_home_close": null,
        "draw_ml": null,
        "home_ml_implied": null,
        "draw_implied": null,
        "home_true_prob": null,
        "draw_true_prob": null,
        "away_true_prob": null,
        "spread_home_line": "",
        "spread_home_close_odds": "",
        "spread_movement_score": 0.0,
        "total_over_close": "",
        "total_under_close": "",
        "odds_data_available": false
      },
      {
        "name": "布莱顿 vs 阿森纳",
        "status": "STATUS_FULL_TIME",
        "completed": true,
        "kickoff_utc": "2026-09-19T14:00:00Z",
        "time_to_kickoff_h": -190.9,
        "home": "布莱顿",
        "away": "阿森纳",
        "home_en": "Brighton & Hove Albion FC",
        "away_en": "Arsenal FC",
        "home_abbr": "UNK",
        "away_abbr": "UNK",
        "score": "3-0",
        "home_form": "LDW",
        "away_form": "WWW",
        "home_form_score": 0.5,
        "away_form_score": 1.0,
        "home_record": "1-1-1",
        "away_record": "3-0-0",
        "home_record_score": 0.333,
        "away_record_score": 1.0,
        "ml_home_close": null,
        "draw_ml": null,
        "home_ml_implied": null,
        "draw_implied": null,
        "home_true_prob": null,
        "draw_true_prob": null,
        "away_true_prob": null,
        "spread_home_line": "",
        "spread_home_close_odds": "",
        "spread_movement_score": 0.0,
        "total_over_close": "",
        "total_under_close": "",
        "odds_data_available": false
      },
      {
        "name": "纽卡斯尔联 vs 赫尔城",
        "status": "STATUS_FULL_TIME",
        "completed": true,
        "kickoff_utc": "2026-09-19T14:00:00Z",
        "time_to_kickoff_h": -190.9,
        "home": "纽卡斯尔联",
        "away": "赫尔城",
        "home_en": "Newcastle United FC",
        "away_en": "Hull City AFC",
        "home_abbr": "UNK",
        "away_abbr": "UNK",
        "score": "2-1",
        "home_form": "WDL",
        "away_form": "WDD",
        "home_form_score": 0.5,
        "away_form_score": 0.667,
        "home_record": "1-1-1",
        "away_record": "1-2-0",
        "home_record_score": 0.333,
        "away_record_score": 0.333,
        "ml_home_close": null,
        "draw_ml": null,
        "home_ml_implied": null,
        "draw_implied": null,
        "home_true_prob": null,
        "draw_true_prob": null,
        "away_true_prob": null,
        "spread_home_line": "",
        "spread_home_close_odds": "",
        "spread_movement_score": 0.0,
        "total_over_close": "",
        "total_under_close": "",
        "odds_data_available": false
      },
      {
        "name": "诺丁汉森林 vs 考文垂",
        "status": "STATUS_FULL_TIME",
        "completed": true,
        "kickoff_utc": "2026-09-19T16:30:00Z",
        "time_to_kickoff_h": -188.4,
        "home": "诺丁汉森林",
        "away": "考文垂",
        "home_en": "Nottingham Forest FC",
        "away_en": "Coventry City FC",
        "home_abbr": "UNK",
        "away_abbr": "UNK",
        "score": "0-1",
        "home_form": "DDW",
        "away_form": "LLL",
        "home_form_score": 0.667,
        "away_form_score": 0.0,
        "home_record": "1-2-0",
        "away_record": "0-0-3",
        "home_record_score": 0.333,
        "away_record_score": 0.0,
        "ml_home_close": null,
        "draw_ml": null,
        "home_ml_implied": null,
        "draw_implied": null,
        "home_true_prob": null,
        "draw_true_prob": null,
        "away_true_prob": null,
        "spread_home_line": "",
        "spread_home_close_odds": "",
        "spread_movement_score": 0.0,
        "total_over_close": "",
        "total_under_close": "",
        "odds_data_available": false
      },
      {
        "name": "伯恩茅斯 vs 利物浦",
        "status": "STATUS_FULL_TIME",
        "completed": true,
        "kickoff_utc": "2026-09-20T13:00:00Z",
        "time_to_kickoff_h": -167.9,
        "home": "伯恩茅斯",
        "away": "利物浦",
        "home_en": "AFC Bournemouth",
        "away_en": "Liverpool FC",
        "home_abbr": "UNK",
        "away_abbr": "UNK",
        "score": "0-1",
        "home_form": "DDD",
        "away_form": "DWD",
        "home_form_score": 0.5,
        "away_form_score": 0.667,
        "home_record": "0-3-0",
        "away_record": "1-2-0",
        "home_record_score": 0.0,
        "away_record_score": 0.333,
        "ml_home_close": null,
        "draw_ml": null,
        "home_ml_implied": null,
        "draw_implied": null,
        "home_true_prob": null,
        "draw_true_prob": null,
        "away_true_prob": null,
        "spread_home_line": "",
        "spread_home_close_odds": "",
        "spread_movement_score": 0.0,
        "total_over_close": "",
        "total_under_close": "",
        "odds_data_available": false
      },
      {
        "name": "利兹联 vs 水晶宫",
        "status": "STATUS_FULL_TIME",
        "completed": true,
        "kickoff_utc": "2026-09-20T13:00:00Z",
        "time_to_kickoff_h": -167.9,
        "home": "利兹联",
        "away": "水晶宫",
        "home_en": "Leeds United FC",
        "away_en": "Crystal Palace FC",
        "home_abbr": "UNK",
        "away_abbr": "UNK",
        "score": "0-0",
        "home_form": "DDW",
        "away_form": "LWL",
        "home_form_score": 0.667,
        "away_form_score": 0.333,
        "home_record": "1-2-0",
        "away_record": "1-0-2",
        "home_record_score": 0.333,
        "away_record_score": 0.333,
        "ml_home_close": null,
        "draw_ml": null,
        "home_ml_implied": null,
        "draw_implied": null,
        "home_true_prob": null,
        "draw_true_prob": null,
        "away_true_prob": null,
        "spread_home_line": "",
        "spread_home_close_odds": "",
        "spread_movement_score": 0.0,
        "total_over_close": "",
        "total_under_close": "",
        "odds_data_available": false
      },
      {
        "name": "曼城 vs 桑德兰",
        "status": "STATUS_FULL_TIME",
        "completed": true,
        "kickoff_utc": "2026-09-20T13:00:00Z",
        "time_to_kickoff_h": -167.9,
        "home": "曼城",
        "away": "桑德兰",
        "home_en": "Manchester City FC",
        "away_en": "Sunderland AFC",
        "home_abbr": "UNK",
        "away_abbr": "UNK",
        "score": "5-3",
        "home_form": "WWW",
        "away_form": "WDL",
        "home_form_score": 1.0,
        "away_form_score": 0.5,
        "home_record": "3-0-0",
        "away_record": "1-1-1",
        "home_record_score": 1.0,
        "away_record_score": 0.333,
        "ml_home_close": null,
        "draw_ml": null,
        "home_ml_implied": null,
        "draw_implied": null,
        "home_true_prob": null,
        "draw_true_prob": null,
        "away_true_prob": null,
        "spread_home_line": "",
        "spread_home_close_odds": "",
        "spread_movement_score": 0.0,
        "total_over_close": "",
        "total_under_close": "",
        "odds_data_available": false
      },
      {
        "name": "富勒姆 vs 曼联",
        "status": "STATUS_FULL_TIME",
        "completed": true,
        "kickoff_utc": "2026-09-20T15:30:00Z",
        "time_to_kickoff_h": -165.4,
        "home": "富勒姆",
        "away": "曼联",
        "home_en": "Fulham FC",
        "away_en": "Manchester United FC",
        "home_abbr": "UNK",
        "away_abbr": "UNK",
        "score": "1-1",
        "home_form": "LLD",
        "away_form": "WDL",
        "home_form_score": 0.167,
        "away_form_score": 0.5,
        "home_record": "0-1-2",
        "away_record": "1-1-1",
        "home_record_score": 0.0,
        "away_record_score": 0.333,
        "ml_home_close": null,
        "draw_ml": null,
        "home_ml_implied": null,
        "draw_implied": null,
        "home_true_prob": null,
        "draw_true_prob": null,
        "away_true_prob": null,
        "spread_home_line": "",
        "spread_home_close_odds": "",
        "spread_movement_score": 0.0,
        "total_over_close": "",
        "total_under_close": "",
        "odds_data_available": false
      }
    ],
    "predictions": []
  },
  {
    "generated_at": "2026-09-27T20:56:44.731465+08:00",
    "data_window": "20260828-20260928",
    "status": "no_future_matches",
    "league": "laliga",
    "tournament_type": "league",
    "message": "No matches to predict in window (20260828-20260928)",
    "calibration": {
      "total_matches": 49,
      "home_wins": 23,
      "draws": 10,
      "away_wins": 16,
      "home_win_rate": 0.469,
      "draw_rate": 0.204,
      "away_win_rate": 0.327,
      "favored_by_odds": 0,
      "favored_won": 0,
      "odds_accuracy": 0
    },
    "past_matches": [
      {
        "name": "桑坦德竞技 vs 埃尔切",
        "status": "STATUS_FULL_TIME",
        "completed": true,
        "kickoff_utc": "2026-08-28T17:00:00Z",
        "time_to_kickoff_h": -715.9,
        "home": "桑坦德竞技",
        "away": "埃尔切",
        "home_en": "Real Racing Club de Santander",
        "away_en": "Elche CF",
        "home_abbr": "UNK",
        "away_abbr": "UNK",
        "score": "3-2",
        "home_form": "",
        "away_form": "",
        "home_form_score": 0.5,
        "away_form_score": 0.5,
        "home_record": "",
        "away_record": "",
        "home_record_score": 0.5,
        "away_record_score": 0.5,
        "ml_home_close": null,
        "draw_ml": null,
        "home_ml_implied": null,
        "draw_implied": null,
        "home_true_prob": null,
        "draw_true_prob": null,
        "away_true_prob": null,
        "spread_home_line": "",
        "spread_home_close_odds": "",
        "spread_movement_score": 0.0,
        "total_over_close": "",
        "total_under_close": "",
        "odds_data_available": false
      },
      {
        "name": "阿拉维斯 vs 比利亚雷亚尔",
        "status": "STATUS_FULL_TIME",
        "completed": true,
        "kickoff_utc": "2026-08-28T19:30:00Z",
        "time_to_kickoff_h": -713.4,
        "home": "阿拉维斯",
        "away": "比利亚雷亚尔",
        "home_en": "Deportivo Alavés",
        "away_en": "Villarreal CF",
        "home_abbr": "UNK",
        "away_abbr": "UNK",
        "score": "1-0",
        "home_form": "",
        "away_form": "",
        "home_form_score": 0.5,
        "away_form_score": 0.5,
        "home_record": "",
        "away_record": "",
        "home_record_score": 0.5,
        "away_record_score": 0.5,
        "ml_home_close": null,
        "draw_ml": null,
        "home_ml_implied": null,
        "draw_implied": null,
        "home_true_prob": null,
        "draw_true_prob": null,
        "away_true_prob": null,
        "spread_home_line": "",
        "spread_home_close_odds": "",
        "spread_movement_score": 0.0,
        "total_over_close": "",
        "total_under_close": "",
        "odds_data_available": false
      },
      {
        "name": "莱万特 vs 皇家贝蒂斯",
        "status": "STATUS_FULL_TIME",
        "completed": true,
        "kickoff_utc": "2026-08-29T15:00:00Z",
        "time_to_kickoff_h": -693.9,
        "home": "莱万特",
        "away": "皇家贝蒂斯",
        "home_en": "Levante UD",
        "away_en": "Real Betis Balompié",
        "home_abbr": "UNK",
        "away_abbr": "UNK",
        "score": "5-2",
        "home_form": "",
        "away_form": "",
        "home_form_score": 0.5,
        "away_form_score": 0.5,
        "home_record": "",
        "away_record": "",
        "home_record_score": 0.5,
        "away_record_score": 0.5,
        "ml_home_close": null,
        "draw_ml": null,
        "home_ml_implied": null,
        "draw_implied": null,
        "home_true_prob": null,
        "draw_true_prob": null,
        "away_true_prob": null,
        "spread_home_line": "",
        "spread_home_close_odds": "",
        "spread_movement_score": 0.0,
        "total_over_close": "",
        "total_under_close": "",
        "odds_data_available": false
      },
      {
        "name": "皇家社会 vs 西班牙人",
        "status": "STATUS_FULL_TIME",
        "completed": true,
        "kickoff_utc": "2026-08-29T17:00:00Z",
        "time_to_kickoff_h": -691.9,
        "home": "皇家社会",
        "away": "西班牙人",
        "home_en": "Real Sociedad de Fútbol",
        "away_en": "RCD Espanyol de Barcelona",
        "home_abbr": "UNK",
        "away_abbr": "UNK",
        "score": "2-1",
        "home_form": "",
        "away_form": "",
        "home_form_score": 0.5,
        "away_form_score": 0.5,
        "home_record": "",
        "away_record": "",
        "home_record_score": 0.5,
        "away_record_score": 0.5,
        "ml_home_close": null,
        "draw_ml": null,
        "home_ml_implied": null,
        "draw_implied": null,
        "home_true_prob": null,
        "draw_true_prob": null,
        "away_true_prob": null,
        "spread_home_line": "",
        "spread_home_close_odds": "",
        "spread_movement_score": 0.0,
        "total_over_close": "",
        "total_under_close": "",
        "odds_data_available": false
      },
      {
        "name": "塞维利亚 vs 马德里竞技",
        "status": "STATUS_FULL_TIME",
        "completed": true,
        "kickoff_utc": "2026-08-29T19:30:00Z",
        "time_to_kickoff_h": -689.4,
        "home": "塞维利亚",
        "away": "马德里竞技",
        "home_en": "Sevilla FC",
        "away_en": "Club Atlético de Madrid",
        "home_abbr": "UNK",
        "away_abbr": "UNK",
        "score": "1-3",
        "home_form": "",
        "away_form": "",
        "home_form_score": 0.5,
        "away_form_score": 0.5,
        "home_record": "",
        "away_record": "",
        "home_record_score": 0.5,
        "away_record_score": 0.5,
        "ml_home_close": null,
        "draw_ml": null,
        "home_ml_implied": null,
        "draw_implied": null,
        "home_true_prob": null,
        "draw_true_prob": null,
        "away_true_prob": null,
        "spread_home_line": "",
        "spread_home_close_odds": "",
        "spread_movement_score": 0.0,
        "total_over_close": "",
        "total_under_close": "",
        "odds_data_available": false
      },
      {
        "name": "皇家马德里 vs 马拉加",
        "status": "STATUS_FULL_TIME",
        "completed": true,
        "kickoff_utc": "2026-08-30T15:00:00Z",
        "time_to_kickoff_h": -669.9,
        "home": "皇家马德里",
        "away": "马拉加",
        "home_en": "Real Madrid CF",
        "away_en": "Málaga CF",
        "home_abbr": "UNK",
        "away_abbr": "UNK",
        "score": "4-0",
        "home_form": "",
        "away_form": "",
        "home_form_score": 0.5,
        "away_form_score": 0.5,
        "home_record": "",
        "away_record": "",
        "home_record_score": 0.5,
        "away_record_score": 0.5,
        "ml_home_close": null,
        "draw_ml": null,
        "home_ml_implied": null,
        "draw_implied": null,
        "home_true_prob": null,
        "draw_true_prob": null,
        "away_true_prob": null,
        "spread_home_line": "",
        "spread_home_close_odds": "",
        "spread_movement_score": 0.0,
        "total_over_close": "",
        "total_under_close": "",
        "odds_data_available": false
      },
      {
        "name": "拉科鲁尼亚 vs 瓦伦西亚",
        "status": "STATUS_FULL_TIME",
        "completed": true,
        "kickoff_utc": "2026-08-30T17:30:00Z",
        "time_to_kickoff_h": -667.4,
        "home": "拉科鲁尼亚",
        "away": "瓦伦西亚",
        "home_en": "RC Deportivo La Coruña",
        "away_en": "Valencia CF",
        "home_abbr": "UNK",
        "away_abbr": "UNK",
        "score": "3-1",
        "home_form": "",
        "away_form": "",
        "home_form_score": 0.5,
        "away_form_score": 0.5,
        "home_record": "",
        "away_record": "",
        "home_record_score": 0.5,
        "away_record_score": 0.5,
        "ml_home_close": null,
        "draw_ml": null,
        "home_ml_implied": null,
        "draw_implied": null,
        "home_true_prob": null,
        "draw_true_prob": null,
        "away_true_prob": null,
        "spread_home_line": "",
        "spread_home_close_odds": "",
        "spread_movement_score": 0.0,
        "total_over_close": "",
        "total_under_close": "",
        "odds_data_available": false
      },
      {
        "name": "维戈塞尔塔 vs 毕尔巴鄂竞技",
        "status": "STATUS_FULL_TIME",
        "completed": true,
        "kickoff_utc": "2026-08-30T19:30:00Z",
        "time_to_kickoff_h": -665.4,
        "home": "维戈塞尔塔",
        "away": "毕尔巴鄂竞技",
        "home_en": "RC Celta de Vigo",
        "away_en": "Athletic Club",
        "home_abbr": "UNK",
        "away_abbr": "UNK",
        "score": "0-2",
        "home_form": "",
        "away_form": "",
        "home_form_score": 0.5,
        "away_form_score": 0.5,
        "home_record": "",
        "away_record": "",
        "home_record_score": 0.5,
        "away_record_score": 0.5,
        "ml_home_close": null,
        "draw_ml": null,
        "home_ml_implied": null,
        "draw_implied": null,
        "home_true_prob": null,
        "draw_true_prob": null,
        "away_true_prob": null,
        "spread_home_line": "",
        "spread_home_close_odds": "",
        "spread_movement_score": 0.0,
        "total_over_close": "",
        "total_under_close": "",
        "odds_data_available": false
      },
      {
        "name": "奥萨苏纳 vs 赫塔菲",
        "status": "STATUS_FULL_TIME",
        "completed": true,
        "kickoff_utc": "2026-08-31T17:30:00Z",
        "time_to_kickoff_h": -643.4,
        "home": "奥萨苏纳",
        "away": "赫塔菲",
        "home_en": "CA Osasuna",
        "away_en": "Getafe CF",
        "home_abbr": "UNK",
        "away_abbr": "UNK",
        "score": "1-0",
        "home_form": "",
        "away_form": "",
        "home_form_score": 0.5,
        "away_form_score": 0.5,
        "home_record": "",
        "away_record": "",
        "home_record_score": 0.5,
        "away_record_score": 0.5,
        "ml_home_close": null,
        "draw_ml": null,
        "home_ml_implied": null,
        "draw_implied": null,
        "home_true_prob": null,
        "draw_true_prob": null,
        "away_true_prob": null,
        "spread_home_line": "",
        "spread_home_close_odds": "",
        "spread_movement_score": 0.0,
        "total_over_close": "",
        "total_under_close": "",
        "odds_data_available": false
      },
      {
        "name": "巴塞罗那 vs 巴列卡诺",
        "status": "STATUS_FULL_TIME",
        "completed": true,
        "kickoff_utc": "2026-08-31T19:30:00Z",
        "time_to_kickoff_h": -641.4,
        "home": "巴塞罗那",
        "away": "巴列卡诺",
        "home_en": "FC Barcelona",
        "away_en": "Rayo Vallecano de Madrid",
        "home_abbr": "UNK",
        "away_abbr": "UNK",
        "score": "5-2",
        "home_form": "",
        "away_form": "",
        "home_form_score": 0.5,
        "away_form_score": 0.5,
        "home_record": "",
        "away_record": "",
        "home_record_score": 0.5,
        "away_record_score": 0.5,
        "ml_home_close": null,
        "draw_ml": null,
        "home_ml_implied": null,
        "draw_implied": null,
        "home_true_prob": null,
        "draw_true_prob": null,
        "away_true_prob": null,
        "spread_home_line": "",
        "spread_home_close_odds": "",
        "spread_movement_score": 0.0,
        "total_over_close": "",
        "total_under_close": "",
        "odds_data_available": false
      },
      {
        "name": "皇家社会 vs 维戈塞尔塔",
        "status": "STATUS_FULL_TIME",
        "completed": true,
        "kickoff_utc": "2026-09-03T19:00:00Z",
        "time_to_kickoff_h": -569.9,
        "home": "皇家社会",
        "away": "维戈塞尔塔",
        "home_en": "Real Sociedad de Fútbol",
        "away_en": "RC Celta de Vigo",
        "home_abbr": "UNK",
        "away_abbr": "UNK",
        "score": "0-0",
        "home_form": "W",
        "away_form": "L",
        "home_form_score": 1.0,
        "away_form_score": 0.0,
        "home_record": "1-0-0",
        "away_record": "0-0-1",
        "home_record_score": 1.0,
        "away_record_score": 0.0,
        "ml_home_close": null,
        "draw_ml": null,
        "home_ml_implied": null,
        "draw_implied": null,
        "home_true_prob": null,
        "draw_true_prob": null,
        "away_true_prob": null,
        "spread_home_line": "",
        "spread_home_close_odds": "",
        "spread_movement_score": 0.0,
        "total_over_close": "",
        "total_under_close": "",
        "odds_data_available": false
      },
      {
        "name": "皇家贝蒂斯 vs 皇家马德里",
        "status": "STATUS_FULL_TIME",
        "completed": true,
        "kickoff_utc": "2026-09-04T19:00:00Z",
        "time_to_kickoff_h": -545.9,
        "home": "皇家贝蒂斯",
        "away": "皇家马德里",
        "home_en": "Real Betis Balompié",
        "away_en": "Real Madrid CF",
        "home_abbr": "UNK",
        "away_abbr": "UNK",
        "score": "1-0",
        "home_form": "L",
        "away_form": "W",
        "home_form_score": 0.0,
        "away_form_score": 1.0,
        "home_record": "0-0-1",
        "away_record": "1-0-0",
        "home_record_score": 0.0,
        "away_record_score": 1.0,
        "ml_home_close": null,
        "draw_ml": null,
        "home_ml_implied": null,
        "draw_implied": null,
        "home_true_prob": null,
        "draw_true_prob": null,
        "away_true_prob": null,
        "spread_home_line": "",
        "spread_home_close_odds": "",
        "spread_movement_score": 0.0,
        "total_over_close": "",
        "total_under_close": "",
        "odds_data_available": false
      },
      {
        "name": "毕尔巴鄂竞技 vs 马德里竞技",
        "status": "STATUS_FULL_TIME",
        "completed": true,
        "kickoff_utc": "2026-09-05T14:15:00Z",
        "time_to_kickoff_h": -526.7,
        "home": "毕尔巴鄂竞技",
        "away": "马德里竞技",
        "home_en": "Athletic Club",
        "away_en": "Club Atlético de Madrid",
        "home_abbr": "UNK",
        "away_abbr": "UNK",
        "score": "3-0",
        "home_form": "W",
        "away_form": "W",
        "home_form_score": 1.0,
        "away_form_score": 1.0,
        "home_record": "1-0-0",
        "away_record": "1-0-0",
        "home_record_score": 1.0,
        "away_record_score": 1.0,
        "ml_home_close": null,
        "draw_ml": null,
        "home_ml_implied": null,
        "draw_implied": null,
        "home_true_prob": null,
        "draw_true_prob": null,
        "away_true_prob": null,
        "spread_home_line": "",
        "spread_home_close_odds": "",
        "spread_movement_score": 0.0,
        "total_over_close": "",
        "total_under_close": "",
        "odds_data_available": false
      },
      {
        "name": "巴列卡诺 vs 桑坦德竞技",
        "status": "STATUS_FULL_TIME",
        "completed": true,
        "kickoff_utc": "2026-09-05T16:30:00Z",
        "time_to_kickoff_h": -524.4,
        "home": "巴列卡诺",
        "away": "桑坦德竞技",
        "home_en": "Rayo Vallecano de Madrid",
        "away_en": "Real Racing Club de Santander",
        "home_abbr": "UNK",
        "away_abbr": "UNK",
        "score": "3-2",
        "home_form": "L",
        "away_form": "W",
        "home_form_score": 0.0,
        "away_form_score": 1.0,
        "home_record": "0-0-1",
        "away_record": "1-0-0",
        "home_record_score": 0.0,
        "away_record_score": 1.0,
        "ml_home_close": null,
        "draw_ml": null,
        "home_ml_implied": null,
        "draw_implied": null,
        "home_true_prob": null,
        "draw_true_prob": null,
        "away_true_prob": null,
        "spread_home_line": "",
        "spread_home_close_odds": "",
        "spread_movement_score": 0.0,
        "total_over_close": "",
        "total_under_close": "",
        "odds_data_available": false
      },
      {
        "name": "比利亚雷亚尔 vs 拉科鲁尼亚",
        "status": "STATUS_FULL_TIME",
        "completed": true,
        "kickoff_utc": "2026-09-05T19:00:00Z",
        "time_to_kickoff_h": -521.9,
        "home": "比利亚雷亚尔",
        "away": "拉科鲁尼亚",
        "home_en": "Villarreal CF",
        "away_en": "RC Deportivo La Coruña",
        "home_abbr": "UNK",
        "away_abbr": "UNK",
        "score": "2-3",
        "home_form": "L",
        "away_form": "W",
        "home_form_score": 0.0,
        "away_form_score": 1.0,
        "home_record": "0-0-1",
        "away_record": "1-0-0",
        "home_record_score": 0.0,
        "away_record_score": 1.0,
        "ml_home_close": null,
        "draw_ml": null,
        "home_ml_implied": null,
        "draw_implied": null,
        "home_true_prob": null,
        "draw_true_prob": null,
        "away_true_prob": null,
        "spread_home_line": "",
        "spread_home_close_odds": "",
        "spread_movement_score": 0.0,
        "total_over_close": "",
        "total_under_close": "",
        "odds_data_available": false
      },
      {
        "name": "瓦伦西亚 vs 巴塞罗那",
        "status": "STATUS_FULL_TIME",
        "completed": true,
        "kickoff_utc": "2026-09-06T14:15:00Z",
        "time_to_kickoff_h": -502.7,
        "home": "瓦伦西亚",
        "away": "巴塞罗那",
        "home_en": "Valencia CF",
        "away_en": "FC Barcelona",
        "home_abbr": "UNK",
        "away_abbr": "UNK",
        "score": "0-5",
        "home_form": "L",
        "away_form": "W",
        "home_form_score": 0.0,
        "away_form_score": 1.0,
        "home_record": "0-0-1",
        "away_record": "1-0-0",
        "home_record_score": 0.0,
        "away_record_score": 1.0,
        "ml_home_close": null,
        "draw_ml": null,
        "home_ml_implied": null,
        "draw_implied": null,
        "home_true_prob": null,
        "draw_true_prob": null,
        "away_true_prob": null,
        "spread_home_line": "",
        "spread_home_close_odds": "",
        "spread_movement_score": 0.0,
        "total_over_close": "",
        "total_under_close": "",
        "odds_data_available": false
      },
      {
        "name": "阿拉维斯 vs 奥萨苏纳",
        "status": "STATUS_FULL_TIME",
        "completed": true,
        "kickoff_utc": "2026-09-06T16:30:00Z",
        "time_to_kickoff_h": -500.4,
        "home": "阿拉维斯",
        "away": "奥萨苏纳",
        "home_en": "Deportivo Alavés",
        "away_en": "CA Osasuna",
        "home_abbr": "UNK",
        "away_abbr": "UNK",
        "score": "5-2",
        "home_form": "W",
        "away_form": "W",
        "home_form_score": 1.0,
        "away_form_score": 1.0,
        "home_record": "1-0-0",
        "away_record": "1-0-0",
        "home_record_score": 1.0,
        "away_record_score": 1.0,
        "ml_home_close": null,
        "draw_ml": null,
        "home_ml_implied": null,
        "draw_implied": null,
        "home_true_prob": null,
        "draw_true_prob": null,
        "away_true_prob": null,
        "spread_home_line": "",
        "spread_home_close_odds": "",
        "spread_movement_score": 0.0,
        "total_over_close": "",
        "total_under_close": "",
        "odds_data_available": false
      },
      {
        "name": "马拉加 vs 莱万特",
        "status": "STATUS_FULL_TIME",
        "completed": true,
        "kickoff_utc": "2026-09-06T16:30:00Z",
        "time_to_kickoff_h": -500.4,
        "home": "马拉加",
        "away": "莱万特",
        "home_en": "Málaga CF",
        "away_en": "Levante UD",
        "home_abbr": "UNK",
        "away_abbr": "UNK",
        "score": "0-0",
        "home_form": "L",
        "away_form": "W",
        "home_form_score": 0.0,
        "away_form_score": 1.0,
        "home_record": "0-0-1",
        "away_record": "1-0-0",
        "home_record_score": 0.0,
        "away_record_score": 1.0,
        "ml_home_close": null,
        "draw_ml": null,
        "home_ml_implied": null,
        "draw_implied": null,
        "home_true_prob": null,
        "draw_true_prob": null,
        "away_true_prob": null,
        "spread_home_line": "",
        "spread_home_close_odds": "",
        "spread_movement_score": 0.0,
        "total_over_close": "",
        "total_under_close": "",
        "odds_data_available": false
      },
      {
        "name": "西班牙人 vs 塞维利亚",
        "status": "STATUS_FULL_TIME",
        "completed": true,
        "kickoff_utc": "2026-09-06T19:00:00Z",
        "time_to_kickoff_h": -497.9,
        "home": "西班牙人",
        "away": "塞维利亚",
        "home_en": "RCD Espanyol de Barcelona",
        "away_en": "Sevilla FC",
        "home_abbr": "UNK",
        "away_abbr": "UNK",
        "score": "1-1",
        "home_form": "L",
        "away_form": "L",
        "home_form_score": 0.0,
        "away_form_score": 0.0,
        "home_record": "0-0-1",
        "away_record": "0-0-1",
        "home_record_score": 0.0,
        "away_record_score": 0.0,
        "ml_home_close": null,
        "draw_ml": null,
        "home_ml_implied": null,
        "draw_implied": null,
        "home_true_prob": null,
        "draw_true_prob": null,
        "away_true_prob": null,
        "spread_home_line": "",
        "spread_home_close_odds": "",
        "spread_movement_score": 0.0,
        "total_over_close": "",
        "total_under_close": "",
        "odds_data_available": false
      },
      {
        "name": "赫塔菲 vs 维戈塞尔塔",
        "status": "STATUS_FULL_TIME",
        "completed": true,
        "kickoff_utc": "2026-09-07T17:00:00Z",
        "time_to_kickoff_h": -475.9,
        "home": "赫塔菲",
        "away": "维戈塞尔塔",
        "home_en": "Getafe CF",
        "away_en": "RC Celta de Vigo",
        "home_abbr": "UNK",
        "away_abbr": "UNK",
        "score": "1-1",
        "home_form": "L",
        "away_form": "LD",
        "home_form_score": 0.0,
        "away_form_score": 0.25,
        "home_record": "0-0-1",
        "away_record": "0-1-1",
        "home_record_score": 0.0,
        "away_record_score": 0.0,
        "ml_home_close": null,
        "draw_ml": null,
        "home_ml_implied": null,
        "draw_implied": null,
        "home_true_prob": null,
        "draw_true_prob": null,
        "away_true_prob": null,
        "spread_home_line": "",
        "spread_home_close_odds": "",
        "spread_movement_score": 0.0,
        "total_over_close": "",
        "total_under_close": "",
        "odds_data_available": false
      },
      {
        "name": "埃尔切 vs 皇家社会",
        "status": "STATUS_FULL_TIME",
        "completed": true,
        "kickoff_utc": "2026-09-07T19:30:00Z",
        "time_to_kickoff_h": -473.4,
        "home": "埃尔切",
        "away": "皇家社会",
        "home_en": "Elche CF",
        "away_en": "Real Sociedad de Fútbol",
        "home_abbr": "UNK",
        "away_abbr": "UNK",
        "score": "2-3",
        "home_form": "L",
        "away_form": "WD",
        "home_form_score": 0.0,
        "away_form_score": 0.75,
        "home_record": "0-0-1",
        "away_record": "1-1-0",
        "home_record_score": 0.0,
        "away_record_score": 0.5,
        "ml_home_close": null,
        "draw_ml": null,
        "home_ml_implied": null,
        "draw_implied": null,
        "home_true_prob": null,
        "draw_true_prob": null,
        "away_true_prob": null,
        "spread_home_line": "",
        "spread_home_close_odds": "",
        "spread_movement_score": 0.0,
        "total_over_close": "",
        "total_under_close": "",
        "odds_data_available": false
      },
      {
        "name": "塞维利亚 vs 瓦伦西亚",
        "status": "STATUS_FULL_TIME",
        "completed": true,
        "kickoff_utc": "2026-09-11T19:00:00Z",
        "time_to_kickoff_h": -377.9,
        "home": "塞维利亚",
        "away": "瓦伦西亚",
        "home_en": "Sevilla FC",
        "away_en": "Valencia CF",
        "home_abbr": "UNK",
        "away_abbr": "UNK",
        "score": "1-0",
        "home_form": "LD",
        "away_form": "LL",
        "home_form_score": 0.25,
        "away_form_score": 0.0,
        "home_record": "0-1-1",
        "away_record": "0-0-2",
        "home_record_score": 0.0,
        "away_record_score": 0.0,
        "ml_home_close": null,
        "draw_ml": null,
        "home_ml_implied": null,
        "draw_implied": null,
        "home_true_prob": null,
        "draw_true_prob": null,
        "away_true_prob": null,
        "spread_home_line": "",
        "spread_home_close_odds": "",
        "spread_movement_score": 0.0,
        "total_over_close": "",
        "total_under_close": "",
        "odds_data_available": false
      },
      {
        "name": "桑坦德竞技 vs 阿拉维斯",
        "status": "STATUS_FULL_TIME",
        "completed": true,
        "kickoff_utc": "2026-09-12T12:00:00Z",
        "time_to_kickoff_h": -360.9,
        "home": "桑坦德竞技",
        "away": "阿拉维斯",
        "home_en": "Real Racing Club de Santander",
        "away_en": "Deportivo Alavés",
        "home_abbr": "UNK",
        "away_abbr": "UNK",
        "score": "2-1",
        "home_form": "WL",
        "away_form": "WW",
        "home_form_score": 0.5,
        "away_form_score": 1.0,
        "home_record": "1-0-1",
        "away_record": "2-0-0",
        "home_record_score": 0.5,
        "away_record_score": 1.0,
        "ml_home_close": null,
        "draw_ml": null,
        "home_ml_implied": null,
        "draw_implied": null,
        "home_true_prob": null,
        "draw_true_prob": null,
        "away_true_prob": null,
        "spread_home_line": "",
        "spread_home_close_odds": "",
        "spread_movement_score": 0.0,
        "total_over_close": "",
        "total_under_close": "",
        "odds_data_available": false
      },
      {
        "name": "奥萨苏纳 vs 西班牙人",
        "status": "STATUS_FULL_TIME",
        "completed": true,
        "kickoff_utc": "2026-09-12T14:15:00Z",
        "time_to_kickoff_h": -358.7,
        "home": "奥萨苏纳",
        "away": "西班牙人",
        "home_en": "CA Osasuna",
        "away_en": "RCD Espanyol de Barcelona",
        "home_abbr": "UNK",
        "away_abbr": "UNK",
        "score": "0-2",
        "home_form": "WL",
        "away_form": "LD",
        "home_form_score": 0.5,
        "away_form_score": 0.25,
        "home_record": "1-0-1",
        "away_record": "0-1-1",
        "home_record_score": 0.5,
        "away_record_score": 0.0,
        "ml_home_close": null,
        "draw_ml": null,
        "home_ml_implied": null,
        "draw_implied": null,
        "home_true_prob": null,
        "draw_true_prob": null,
        "away_true_prob": null,
        "spread_home_line": "",
        "spread_home_close_odds": "",
        "spread_movement_score": 0.0,
        "total_over_close": "",
        "total_under_close": "",
        "odds_data_available": false
      },
      {
        "name": "毕尔巴鄂竞技 vs 埃尔切",
        "status": "STATUS_FULL_TIME",
        "completed": true,
        "kickoff_utc": "2026-09-12T16:30:00Z",
        "time_to_kickoff_h": -356.4,
        "home": "毕尔巴鄂竞技",
        "away": "埃尔切",
        "home_en": "Athletic Club",
        "away_en": "Elche CF",
        "home_abbr": "UNK",
        "away_abbr": "UNK",
        "score": "1-1",
        "home_form": "WW",
        "away_form": "LL",
        "home_form_score": 1.0,
        "away_form_score": 0.0,
        "home_record": "2-0-0",
        "away_record": "0-0-2",
        "home_record_score": 1.0,
        "away_record_score": 0.0,
        "ml_home_close": null,
        "draw_ml": null,
        "home_ml_implied": null,
        "draw_implied": null,
        "home_true_prob": null,
        "draw_true_prob": null,
        "away_true_prob": null,
        "spread_home_line": "",
        "spread_home_close_odds": "",
        "spread_movement_score": 0.0,
        "total_over_close": "",
        "total_under_close": "",
        "odds_data_available": false
      },
      {
        "name": "皇家马德里 vs 巴列卡诺",
        "status": "STATUS_FULL_TIME",
        "completed": true,
        "kickoff_utc": "2026-09-12T19:00:00Z",
        "time_to_kickoff_h": -353.9,
        "home": "皇家马德里",
        "away": "巴列卡诺",
        "home_en": "Real Madrid CF",
        "away_en": "Rayo Vallecano de Madrid",
        "home_abbr": "UNK",
        "away_abbr": "UNK",
        "score": "4-1",
        "home_form": "WL",
        "away_form": "LW",
        "home_form_score": 0.5,
        "away_form_score": 0.5,
        "home_record": "1-0-1",
        "away_record": "1-0-1",
        "home_record_score": 0.5,
        "away_record_score": 0.5,
        "ml_home_close": null,
        "draw_ml": null,
        "home_ml_implied": null,
        "draw_implied": null,
        "home_true_prob": null,
        "draw_true_prob": null,
        "away_true_prob": null,
        "spread_home_line": "",
        "spread_home_close_odds": "",
        "spread_movement_score": 0.0,
        "total_over_close": "",
        "total_under_close": "",
        "odds_data_available": false
      },
      {
        "name": "维戈塞尔塔 vs 马拉加",
        "status": "STATUS_FULL_TIME",
        "completed": true,
        "kickoff_utc": "2026-09-13T12:00:00Z",
        "time_to_kickoff_h": -336.9,
        "home": "维戈塞尔塔",
        "away": "马拉加",
        "home_en": "RC Celta de Vigo",
        "away_en": "Málaga CF",
        "home_abbr": "UNK",
        "away_abbr": "UNK",
        "score": "1-1",
        "home_form": "LDD",
        "away_form": "LD",
        "home_form_score": 0.333,
        "away_form_score": 0.25,
        "home_record": "0-2-1",
        "away_record": "0-1-1",
        "home_record_score": 0.0,
        "away_record_score": 0.0,
        "ml_home_close": null,
        "draw_ml": null,
        "home_ml_implied": null,
        "draw_implied": null,
        "home_true_prob": null,
        "draw_true_prob": null,
        "away_true_prob": null,
        "spread_home_line": "",
        "spread_home_close_odds": "",
        "spread_movement_score": 0.0,
        "total_over_close": "",
        "total_under_close": "",
        "odds_data_available": false
      },
      {
        "name": "莱万特 vs 巴塞罗那",
        "status": "STATUS_FULL_TIME",
        "completed": true,
        "kickoff_utc": "2026-09-13T14:15:00Z",
        "time_to_kickoff_h": -334.7,
        "home": "莱万特",
        "away": "巴塞罗那",
        "home_en": "Levante UD",
        "away_en": "FC Barcelona",
        "home_abbr": "UNK",
        "away_abbr": "UNK",
        "score": "2-4",
        "home_form": "WD",
        "away_form": "WW",
        "home_form_score": 0.75,
        "away_form_score": 1.0,
        "home_record": "1-1-0",
        "away_record": "2-0-0",
        "home_record_score": 0.5,
        "away_record_score": 1.0,
        "ml_home_close": null,
        "draw_ml": null,
        "home_ml_implied": null,
        "draw_implied": null,
        "home_true_prob": null,
        "draw_true_prob": null,
        "away_true_prob": null,
        "spread_home_line": "",
        "spread_home_close_odds": "",
        "spread_movement_score": 0.0,
        "total_over_close": "",
        "total_under_close": "",
        "odds_data_available": false
      },
      {
        "name": "赫塔菲 vs 拉科鲁尼亚",
        "status": "STATUS_FULL_TIME",
        "completed": true,
        "kickoff_utc": "2026-09-13T16:30:00Z",
        "time_to_kickoff_h": -332.4,
        "home": "赫塔菲",
        "away": "拉科鲁尼亚",
        "home_en": "Getafe CF",
        "away_en": "RC Deportivo La Coruña",
        "home_abbr": "UNK",
        "away_abbr": "UNK",
        "score": "1-1",
        "home_form": "LD",
        "away_form": "WW",
        "home_form_score": 0.25,
        "away_form_score": 1.0,
        "home_record": "0-1-1",
        "away_record": "2-0-0",
        "home_record_score": 0.0,
        "away_record_score": 1.0,
        "ml_home_close": null,
        "draw_ml": null,
        "home_ml_implied": null,
        "draw_implied": null,
        "home_true_prob": null,
        "draw_true_prob": null,
        "away_true_prob": null,
        "spread_home_line": "",
        "spread_home_close_odds": "",
        "spread_movement_score": 0.0,
        "total_over_close": "",
        "total_under_close": "",
        "odds_data_available": false
      },
      {
        "name": "皇家社会 vs 马德里竞技",
        "status": "STATUS_FULL_TIME",
        "completed": true,
        "kickoff_utc": "2026-09-13T19:00:00Z",
        "time_to_kickoff_h": -329.9,
        "home": "皇家社会",
        "away": "马德里竞技",
        "home_en": "Real Sociedad de Fútbol",
        "away_en": "Club Atlético de Madrid",
        "home_abbr": "UNK",
        "away_abbr": "UNK",
        "score": "0-3",
        "home_form": "WDW",
        "away_form": "WL",
        "home_form_score": 0.833,
        "away_form_score": 0.5,
        "home_record": "2-1-0",
        "away_record": "1-0-1",
        "home_record_score": 0.667,
        "away_record_score": 0.5,
        "ml_home_close": null,
        "draw_ml": null,
        "home_ml_implied": null,
        "draw_implied": null,
        "home_true_prob": null,
        "draw_true_prob": null,
        "away_true_prob": null,
        "spread_home_line": "",
        "spread_home_close_odds": "",
        "spread_movement_score": 0.0,
        "total_over_close": "",
        "total_under_close": "",
        "odds_data_available": false
      },
      {
        "name": "比利亚雷亚尔 vs 皇家贝蒂斯",
        "status": "STATUS_FULL_TIME",
        "completed": true,
        "kickoff_utc": "2026-09-14T19:00:00Z",
        "time_to_kickoff_h": -305.9,
        "home": "比利亚雷亚尔",
        "away": "皇家贝蒂斯",
        "home_en": "Villarreal CF",
        "away_en": "Real Betis Balompié",
        "home_abbr": "UNK",
        "away_abbr": "UNK",
        "score": "1-2",
        "home_form": "LL",
        "away_form": "LW",
        "home_form_score": 0.0,
        "away_form_score": 0.5,
        "home_record": "0-0-2",
        "away_record": "1-0-1",
        "home_record_score": 0.0,
        "away_record_score": 0.5,
        "ml_home_close": null,
        "draw_ml": null,
        "home_ml_implied": null,
        "draw_implied": null,
        "home_true_prob": null,
        "draw_true_prob": null,
        "away_true_prob": null,
        "spread_home_line": "",
        "spread_home_close_odds": "",
        "spread_movement_score": 0.0,
        "total_over_close": "",
        "total_under_close": "",
        "odds_data_available": false
      },
      {
        "name": "巴列卡诺 vs 西班牙人",
        "status": "STATUS_FULL_TIME",
        "completed": true,
        "kickoff_utc": "2026-09-15T17:00:00Z",
        "time_to_kickoff_h": -283.9,
        "home": "巴列卡诺",
        "away": "西班牙人",
        "home_en": "Rayo Vallecano de Madrid",
        "away_en": "RCD Espanyol de Barcelona",
        "home_abbr": "UNK",
        "away_abbr": "UNK",
        "score": "2-1",
        "home_form": "LWL",
        "away_form": "LDW",
        "home_form_score": 0.333,
        "away_form_score": 0.5,
        "home_record": "1-0-2",
        "away_record": "1-1-1",
        "home_record_score": 0.333,
        "away_record_score": 0.333,
        "ml_home_close": null,
        "draw_ml": null,
        "home_ml_implied": null,
        "draw_implied": null,
        "home_true_prob": null,
        "draw_true_prob": null,
        "away_true_prob": null,
        "spread_home_line": "",
        "spread_home_close_odds": "",
        "spread_movement_score": 0.0,
        "total_over_close": "",
        "total_under_close": "",
        "odds_data_available": false
      },
      {
        "name": "阿拉维斯 vs 瓦伦西亚",
        "status": "STATUS_FULL_TIME",
        "completed": true,
        "kickoff_utc": "2026-09-15T18:00:00Z",
        "time_to_kickoff_h": -282.9,
        "home": "阿拉维斯",
        "away": "瓦伦西亚",
        "home_en": "Deportivo Alavés",
        "away_en": "Valencia CF",
        "home_abbr": "UNK",
        "away_abbr": "UNK",
        "score": "0-1",
        "home_form": "WWL",
        "away_form": "LLL",
        "home_form_score": 0.667,
        "away_form_score": 0.0,
        "home_record": "2-0-1",
        "away_record": "0-0-3",
        "home_record_score": 0.667,
        "away_record_score": 0.0,
        "ml_home_close": null,
        "draw_ml": null,
        "home_ml_implied": null,
        "draw_implied": null,
        "home_true_prob": null,
        "draw_true_prob": null,
        "away_true_prob": null,
        "spread_home_line": "",
        "spread_home_close_odds": "",
        "spread_movement_score": 0.0,
        "total_over_close": "",
        "total_under_close": "",
        "odds_data_available": false
      },
      {
        "name": "埃尔切 vs 皇家马德里",
        "status": "STATUS_FULL_TIME",
        "completed": true,
        "kickoff_utc": "2026-09-15T19:30:00Z",
        "time_to_kickoff_h": -281.4,
        "home": "埃尔切",
        "away": "皇家马德里",
        "home_en": "Elche CF",
        "away_en": "Real Madrid CF",
        "home_abbr": "UNK",
        "away_abbr": "UNK",
        "score": "2-3",
        "home_form": "LLD",
        "away_form": "WLW",
        "home_form_score": 0.167,
        "away_form_score": 0.667,
        "home_record": "0-1-2",
        "away_record": "2-0-1",
        "home_record_score": 0.0,
        "away_record_score": 0.667,
        "ml_home_close": null,
        "draw_ml": null,
        "home_ml_implied": null,
        "draw_implied": null,
        "home_true_prob": null,
        "draw_true_prob": null,
        "away_true_prob": null,
        "spread_home_line": "",
        "spread_home_close_odds": "",
        "spread_movement_score": 0.0,
        "total_over_close": "",
        "total_under_close": "",
        "odds_data_available": false
      },
      {
        "name": "拉科鲁尼亚 vs 塞维利亚",
        "status": "STATUS_FULL_TIME",
        "completed": true,
        "kickoff_utc": "2026-09-16T17:00:00Z",
        "time_to_kickoff_h": -259.9,
        "home": "拉科鲁尼亚",
        "away": "塞维利亚",
        "home_en": "RC Deportivo La Coruña",
        "away_en": "Sevilla FC",
        "home_abbr": "UNK",
        "away_abbr": "UNK",
        "score": "0-1",
        "home_form": "WWD",
        "away_form": "LDW",
        "home_form_score": 0.833,
        "away_form_score": 0.5,
        "home_record": "2-1-0",
        "away_record": "1-1-1",
        "home_record_score": 0.667,
        "away_record_score": 0.333,
        "ml_home_close": null,
        "draw_ml": null,
        "home_ml_implied": null,
        "draw_implied": null,
        "home_true_prob": null,
        "draw_true_prob": null,
        "away_true_prob": null,
        "spread_home_line": "",
        "spread_home_close_odds": "",
        "spread_movement_score": 0.0,
        "total_over_close": "",
        "total_under_close": "",
        "odds_data_available": false
      },
      {
        "name": "马德里竞技 vs 奥萨苏纳",
        "status": "STATUS_FULL_TIME",
        "completed": true,
        "kickoff_utc": "2026-09-16T17:00:00Z",
        "time_to_kickoff_h": -259.9,
        "home": "马德里竞技",
        "away": "奥萨苏纳",
        "home_en": "Club Atlético de Madrid",
        "away_en": "CA Osasuna",
        "home_abbr": "UNK",
        "away_abbr": "UNK",
        "score": "4-0",
        "home_form": "WLW",
        "away_form": "WLL",
        "home_form_score": 0.667,
        "away_form_score": 0.333,
        "home_record": "2-0-1",
        "away_record": "1-0-2",
        "home_record_score": 0.667,
        "away_record_score": 0.333,
        "ml_home_close": null,
        "draw_ml": null,
        "home_ml_implied": null,
        "draw_implied": null,
        "home_true_prob": null,
        "draw_true_prob": null,
        "away_true_prob": null,
        "spread_home_line": "",
        "spread_home_close_odds": "",
        "spread_movement_score": 0.0,
        "total_over_close": "",
        "total_under_close": "",
        "odds_data_available": false
      },
      {
        "name": "巴塞罗那 vs 桑坦德竞技",
        "status": "STATUS_FULL_TIME",
        "completed": true,
        "kickoff_utc": "2026-09-16T19:30:00Z",
        "time_to_kickoff_h": -257.4,
        "home": "巴塞罗那",
        "away": "桑坦德竞技",
        "home_en": "FC Barcelona",
        "away_en": "Real Racing Club de Santander",
        "home_abbr": "UNK",
        "away_abbr": "UNK",
        "score": "7-2",
        "home_form": "WWW",
        "away_form": "WLW",
        "home_form_score": 1.0,
        "away_form_score": 0.667,
        "home_record": "3-0-0",
        "away_record": "2-0-1",
        "home_record_score": 1.0,
        "away_record_score": 0.667,
        "ml_home_close": null,
        "draw_ml": null,
        "home_ml_implied": null,
        "draw_implied": null,
        "home_true_prob": null,
        "draw_true_prob": null,
        "away_true_prob": null,
        "spread_home_line": "",
        "spread_home_close_odds": "",
        "spread_movement_score": 0.0,
        "total_over_close": "",
        "total_under_close": "",
        "odds_data_available": false
      },
      {
        "name": "皇家贝蒂斯 vs 赫塔菲",
        "status": "STATUS_FULL_TIME",
        "completed": true,
        "kickoff_utc": "2026-09-17T17:00:00Z",
        "time_to_kickoff_h": -235.9,
        "home": "皇家贝蒂斯",
        "away": "赫塔菲",
        "home_en": "Real Betis Balompié",
        "away_en": "Getafe CF",
        "home_abbr": "UNK",
        "away_abbr": "UNK",
        "score": "1-0",
        "home_form": "LWW",
        "away_form": "LDD",
        "home_form_score": 0.667,
        "away_form_score": 0.333,
        "home_record": "2-0-1",
        "away_record": "0-2-1",
        "home_record_score": 0.667,
        "away_record_score": 0.0,
        "ml_home_close": null,
        "draw_ml": null,
        "home_ml_implied": null,
        "draw_implied": null,
        "home_true_prob": null,
        "draw_true_prob": null,
        "away_true_prob": null,
        "spread_home_line": "",
        "spread_home_close_odds": "",
        "spread_movement_score": 0.0,
        "total_over_close": "",
        "total_under_close": "",
        "odds_data_available": false
      },
      {
        "name": "马拉加 vs 比利亚雷亚尔",
        "status": "STATUS_FULL_TIME",
        "completed": true,
        "kickoff_utc": "2026-09-17T19:30:00Z",
        "time_to_kickoff_h": -233.4,
        "home": "马拉加",
        "away": "比利亚雷亚尔",
        "home_en": "Málaga CF",
        "away_en": "Villarreal CF",
        "home_abbr": "UNK",
        "away_abbr": "UNK",
        "score": "1-3",
        "home_form": "LDD",
        "away_form": "LLL",
        "home_form_score": 0.333,
        "away_form_score": 0.0,
        "home_record": "0-2-1",
        "away_record": "0-0-3",
        "home_record_score": 0.0,
        "away_record_score": 0.0,
        "ml_home_close": null,
        "draw_ml": null,
        "home_ml_implied": null,
        "draw_implied": null,
        "home_true_prob": null,
        "draw_true_prob": null,
        "away_true_prob": null,
        "spread_home_line": "",
        "spread_home_close_odds": "",
        "spread_movement_score": 0.0,
        "total_over_close": "",
        "total_under_close": "",
        "odds_data_available": false
      },
      {
        "name": "西班牙人 vs 埃尔切",
        "status": "STATUS_FULL_TIME",
        "completed": true,
        "kickoff_utc": "2026-09-18T19:00:00Z",
        "time_to_kickoff_h": -209.9,
        "home": "西班牙人",
        "away": "埃尔切",
        "home_en": "RCD Espanyol de Barcelona",
        "away_en": "Elche CF",
        "home_abbr": "UNK",
        "away_abbr": "UNK",
        "score": "1-3",
        "home_form": "LDWL",
        "away_form": "LLDL",
        "home_form_score": 0.375,
        "away_form_score": 0.125,
        "home_record": "1-1-2",
        "away_record": "0-1-3",
        "home_record_score": 0.25,
        "away_record_score": 0.0,
        "ml_home_close": null,
        "draw_ml": null,
        "home_ml_implied": null,
        "draw_implied": null,
        "home_true_prob": null,
        "draw_true_prob": null,
        "away_true_prob": null,
        "spread_home_line": "",
        "spread_home_close_odds": "",
        "spread_movement_score": 0.0,
        "total_over_close": "",
        "total_under_close": "",
        "odds_data_available": false
      },
      {
        "name": "奥萨苏纳 vs 巴列卡诺",
        "status": "STATUS_FULL_TIME",
        "completed": true,
        "kickoff_utc": "2026-09-19T12:00:00Z",
        "time_to_kickoff_h": -192.9,
        "home": "奥萨苏纳",
        "away": "巴列卡诺",
        "home_en": "CA Osasuna",
        "away_en": "Rayo Vallecano de Madrid",
        "home_abbr": "UNK",
        "away_abbr": "UNK",
        "score": "1-1",
        "home_form": "WLLL",
        "away_form": "LWLW",
        "home_form_score": 0.25,
        "away_form_score": 0.5,
        "home_record": "1-0-3",
        "away_record": "2-0-2",
        "home_record_score": 0.25,
        "away_record_score": 0.5,
        "ml_home_close": null,
        "draw_ml": null,
        "home_ml_implied": null,
        "draw_implied": null,
        "home_true_prob": null,
        "draw_true_prob": null,
        "away_true_prob": null,
        "spread_home_line": "",
        "spread_home_close_odds": "",
        "spread_movement_score": 0.0,
        "total_over_close": "",
        "total_under_close": "",
        "odds_data_available": false
      },
      {
        "name": "毕尔巴鄂竞技 vs 阿拉维斯",
        "status": "STATUS_FULL_TIME",
        "completed": true,
        "kickoff_utc": "2026-09-19T14:15:00Z",
        "time_to_kickoff_h": -190.7,
        "home": "毕尔巴鄂竞技",
        "away": "阿拉维斯",
        "home_en": "Athletic Club",
        "away_en": "Deportivo Alavés",
        "home_abbr": "UNK",
        "away_abbr": "UNK",
        "score": "0-0",
        "home_form": "WWD",
        "away_form": "WWLL",
        "home_form_score": 0.833,
        "away_form_score": 0.5,
        "home_record": "2-1-0",
        "away_record": "2-0-2",
        "home_record_score": 0.667,
        "away_record_score": 0.5,
        "ml_home_close": null,
        "draw_ml": null,
        "home_ml_implied": null,
        "draw_implied": null,
        "home_true_prob": null,
        "draw_true_prob": null,
        "away_true_prob": null,
        "spread_home_line": "",
        "spread_home_close_odds": "",
        "spread_movement_score": 0.0,
        "total_over_close": "",
        "total_under_close": "",
        "odds_data_available": false
      },
      {
        "name": "维戈塞尔塔 vs 桑坦德竞技",
        "status": "STATUS_FULL_TIME",
        "completed": true,
        "kickoff_utc": "2026-09-19T16:30:00Z",
        "time_to_kickoff_h": -188.4,
        "home": "维戈塞尔塔",
        "away": "桑坦德竞技",
        "home_en": "RC Celta de Vigo",
        "away_en": "Real Racing Club de Santander",
        "home_abbr": "UNK",
        "away_abbr": "UNK",
        "score": "5-0",
        "home_form": "LDDD",
        "away_form": "WLWL",
        "home_form_score": 0.375,
        "away_form_score": 0.5,
        "home_record": "0-3-1",
        "away_record": "2-0-2",
        "home_record_score": 0.0,
        "away_record_score": 0.5,
        "ml_home_close": null,
        "draw_ml": null,
        "home_ml_implied": null,
        "draw_implied": null,
        "home_true_prob": null,
        "draw_true_prob": null,
        "away_true_prob": null,
        "spread_home_line": "",
        "spread_home_close_odds": "",
        "spread_movement_score": 0.0,
        "total_over_close": "",
        "total_under_close": "",
        "odds_data_available": false
      },
      {
        "name": "塞维利亚 vs 巴塞罗那",
        "status": "STATUS_FULL_TIME",
        "completed": true,
        "kickoff_utc": "2026-09-19T19:00:00Z",
        "time_to_kickoff_h": -185.9,
        "home": "塞维利亚",
        "away": "巴塞罗那",
        "home_en": "Sevilla FC",
        "away_en": "FC Barcelona",
        "home_abbr": "UNK",
        "away_abbr": "UNK",
        "score": "1-3",
        "home_form": "LDWW",
        "away_form": "WWWW",
        "home_form_score": 0.625,
        "away_form_score": 1.0,
        "home_record": "2-1-1",
        "away_record": "4-0-0",
        "home_record_score": 0.5,
        "away_record_score": 1.0,
        "ml_home_close": null,
        "draw_ml": null,
        "home_ml_implied": null,
        "draw_implied": null,
        "home_true_prob": null,
        "draw_true_prob": null,
        "away_true_prob": null,
        "spread_home_line": "",
        "spread_home_close_odds": "",
        "spread_movement_score": 0.0,
        "total_over_close": "",
        "total_under_close": "",
        "odds_data_available": false
      },
      {
        "name": "赫塔菲 vs 马拉加",
        "status": "STATUS_FULL_TIME",
        "completed": true,
        "kickoff_utc": "2026-09-20T12:00:00Z",
        "time_to_kickoff_h": -168.9,
        "home": "赫塔菲",
        "away": "马拉加",
        "home_en": "Getafe CF",
        "away_en": "Málaga CF",
        "home_abbr": "UNK",
        "away_abbr": "UNK",
        "score": "1-0",
        "home_form": "LDDL",
        "away_form": "LDDL",
        "home_form_score": 0.25,
        "away_form_score": 0.25,
        "home_record": "0-2-2",
        "away_record": "0-2-2",
        "home_record_score": 0.0,
        "away_record_score": 0.0,
        "ml_home_close": null,
        "draw_ml": null,
        "home_ml_implied": null,
        "draw_implied": null,
        "home_true_prob": null,
        "draw_true_prob": null,
        "away_true_prob": null,
        "spread_home_line": "",
        "spread_home_close_odds": "",
        "spread_movement_score": 0.0,
        "total_over_close": "",
        "total_under_close": "",
        "odds_data_available": false
      },
      {
        "name": "马德里竞技 vs 皇家马德里",
        "status": "STATUS_FULL_TIME",
        "completed": true,
        "kickoff_utc": "2026-09-20T14:15:00Z",
        "time_to_kickoff_h": -166.7,
        "home": "马德里竞技",
        "away": "皇家马德里",
        "home_en": "Club Atlético de Madrid",
        "away_en": "Real Madrid CF",
        "home_abbr": "UNK",
        "away_abbr": "UNK",
        "score": "2-1",
        "home_form": "WLWW",
        "away_form": "WLWW",
        "home_form_score": 0.75,
        "away_form_score": 0.75,
        "home_record": "3-0-1",
        "away_record": "3-0-1",
        "home_record_score": 0.75,
        "away_record_score": 0.75,
        "ml_home_close": null,
        "draw_ml": null,
        "home_ml_implied": null,
        "draw_implied": null,
        "home_true_prob": null,
        "draw_true_prob": null,
        "away_true_prob": null,
        "spread_home_line": "",
        "spread_home_close_odds": "",
        "spread_movement_score": 0.0,
        "total_over_close": "",
        "total_under_close": "",
        "odds_data_available": false
      },
      {
        "name": "拉科鲁尼亚 vs 皇家贝蒂斯",
        "status": "STATUS_FULL_TIME",
        "completed": true,
        "kickoff_utc": "2026-09-20T16:30:00Z",
        "time_to_kickoff_h": -164.4,
        "home": "拉科鲁尼亚",
        "away": "皇家贝蒂斯",
        "home_en": "RC Deportivo La Coruña",
        "away_en": "Real Betis Balompié",
        "home_abbr": "UNK",
        "away_abbr": "UNK",
        "score": "1-1",
        "home_form": "WWDL",
        "away_form": "LWWW",
        "home_form_score": 0.625,
        "away_form_score": 0.75,
        "home_record": "2-1-1",
        "away_record": "3-0-1",
        "home_record_score": 0.5,
        "away_record_score": 0.75,
        "ml_home_close": null,
        "draw_ml": null,
        "home_ml_implied": null,
        "draw_implied": null,
        "home_true_prob": null,
        "draw_true_prob": null,
        "away_true_prob": null,
        "spread_home_line": "",
        "spread_home_close_odds": "",
        "spread_movement_score": 0.0,
        "total_over_close": "",
        "total_under_close": "",
        "odds_data_available": false
      },
      {
        "name": "比利亚雷亚尔 vs 莱万特",
        "status": "STATUS_FULL_TIME",
        "completed": true,
        "kickoff_utc": "2026-09-20T16:30:00Z",
        "time_to_kickoff_h": -164.4,
        "home": "比利亚雷亚尔",
        "away": "莱万特",
        "home_en": "Villarreal CF",
        "away_en": "Levante UD",
        "home_abbr": "UNK",
        "away_abbr": "UNK",
        "score": "3-1",
        "home_form": "LLLW",
        "away_form": "WDL",
        "home_form_score": 0.25,
        "away_form_score": 0.5,
        "home_record": "1-0-3",
        "away_record": "1-1-1",
        "home_record_score": 0.25,
        "away_record_score": 0.333,
        "ml_home_close": null,
        "draw_ml": null,
        "home_ml_implied": null,
        "draw_implied": null,
        "home_true_prob": null,
        "draw_true_prob": null,
        "away_true_prob": null,
        "spread_home_line": "",
        "spread_home_close_odds": "",
        "spread_movement_score": 0.0,
        "total_over_close": "",
        "total_under_close": "",
        "odds_data_available": false
      },
      {
        "name": "瓦伦西亚 vs 皇家社会",
        "status": "STATUS_FULL_TIME",
        "completed": true,
        "kickoff_utc": "2026-09-20T19:00:00Z",
        "time_to_kickoff_h": -161.9,
        "home": "瓦伦西亚",
        "away": "皇家社会",
        "home_en": "Valencia CF",
        "away_en": "Real Sociedad de Fútbol",
        "home_abbr": "UNK",
        "away_abbr": "UNK",
        "score": "2-3",
        "home_form": "LLLW",
        "away_form": "WDWL",
        "home_form_score": 0.25,
        "away_form_score": 0.625,
        "home_record": "1-0-3",
        "away_record": "2-1-1",
        "home_record_score": 0.25,
        "away_record_score": 0.5,
        "ml_home_close": null,
        "draw_ml": null,
        "home_ml_implied": null,
        "draw_implied": null,
        "home_true_prob": null,
        "draw_true_prob": null,
        "away_true_prob": null,
        "spread_home_line": "",
        "spread_home_close_odds": "",
        "spread_movement_score": 0.0,
        "total_over_close": "",
        "total_under_close": "",
        "odds_data_available": false
      }
    ],
    "predictions": []
  },
  {
    "generated_at": "2026-09-27T20:56:44.731465+08:00",
    "data_window": "20260828-20260928",
    "status": "no_future_matches",
    "league": "bundesliga",
    "tournament_type": "league",
    "message": "No matches to predict in window (20260828-20260928)",
    "calibration": {
      "total_matches": 36,
      "home_wins": 19,
      "draws": 7,
      "away_wins": 10,
      "home_win_rate": 0.528,
      "draw_rate": 0.194,
      "away_win_rate": 0.278,
      "favored_by_odds": 0,
      "favored_won": 0,
      "odds_accuracy": 0
    },
    "past_matches": [
      {
        "name": "拜仁慕尼黑 vs 斯图加特",
        "status": "STATUS_FULL_TIME",
        "completed": true,
        "kickoff_utc": "2026-08-28T18:30:00Z",
        "time_to_kickoff_h": -714.4,
        "home": "拜仁慕尼黑",
        "away": "斯图加特",
        "home_en": "FC Bayern München",
        "away_en": "VfB Stuttgart",
        "home_abbr": "UNK",
        "away_abbr": "UNK",
        "score": "5-1",
        "home_form": "",
        "away_form": "",
        "home_form_score": 0.5,
        "away_form_score": 0.5,
        "home_record": "",
        "away_record": "",
        "home_record_score": 0.5,
        "away_record_score": 0.5,
        "ml_home_close": null,
        "draw_ml": null,
        "home_ml_implied": null,
        "draw_implied": null,
        "home_true_prob": null,
        "draw_true_prob": null,
        "away_true_prob": null,
        "spread_home_line": "",
        "spread_home_close_odds": "",
        "spread_movement_score": 0.0,
        "total_over_close": "",
        "total_under_close": "",
        "odds_data_available": false
      },
      {
        "name": "莱比锡红牛 vs 门兴格拉德巴赫",
        "status": "STATUS_FULL_TIME",
        "completed": true,
        "kickoff_utc": "2026-08-29T13:30:00Z",
        "time_to_kickoff_h": -695.4,
        "home": "莱比锡红牛",
        "away": "门兴格拉德巴赫",
        "home_en": "RB Leipzig",
        "away_en": "Borussia Mönchengladbach",
        "home_abbr": "UNK",
        "away_abbr": "UNK",
        "score": "3-0",
        "home_form": "",
        "away_form": "",
        "home_form_score": 0.5,
        "away_form_score": 0.5,
        "home_record": "",
        "away_record": "",
        "home_record_score": 0.5,
        "away_record_score": 0.5,
        "ml_home_close": null,
        "draw_ml": null,
        "home_ml_implied": null,
        "draw_implied": null,
        "home_true_prob": null,
        "draw_true_prob": null,
        "away_true_prob": null,
        "spread_home_line": "",
        "spread_home_close_odds": "",
        "spread_movement_score": 0.0,
        "total_over_close": "",
        "total_under_close": "",
        "odds_data_available": false
      },
      {
        "name": "美因茨05 vs 帕德博恩07",
        "status": "STATUS_FULL_TIME",
        "completed": true,
        "kickoff_utc": "2026-08-29T13:30:00Z",
        "time_to_kickoff_h": -695.4,
        "home": "美因茨05",
        "away": "帕德博恩07",
        "home_en": "1. FSV Mainz 05",
        "away_en": "SC Paderborn 07",
        "home_abbr": "UNK",
        "away_abbr": "UNK",
        "score": "0-0",
        "home_form": "",
        "away_form": "",
        "home_form_score": 0.5,
        "away_form_score": 0.5,
        "home_record": "",
        "away_record": "",
        "home_record_score": 0.5,
        "away_record_score": 0.5,
        "ml_home_close": null,
        "draw_ml": null,
        "home_ml_implied": null,
        "draw_implied": null,
        "home_true_prob": null,
        "draw_true_prob": null,
        "away_true_prob": null,
        "spread_home_line": "",
        "spread_home_close_odds": "",
        "spread_movement_score": 0.0,
        "total_over_close": "",
        "total_under_close": "",
        "odds_data_available": false
      },
      {
        "name": "柏林联合 vs 法兰克福",
        "status": "STATUS_FULL_TIME",
        "completed": true,
        "kickoff_utc": "2026-08-29T13:30:00Z",
        "time_to_kickoff_h": -695.4,
        "home": "柏林联合",
        "away": "法兰克福",
        "home_en": "1. FC Union Berlin",
        "away_en": "Eintracht Frankfurt",
        "home_abbr": "UNK",
        "away_abbr": "UNK",
        "score": "3-3",
        "home_form": "",
        "away_form": "",
        "home_form_score": 0.5,
        "away_form_score": 0.5,
        "home_record": "",
        "away_record": "",
        "home_record_score": 0.5,
        "away_record_score": 0.5,
        "ml_home_close": null,
        "draw_ml": null,
        "home_ml_implied": null,
        "draw_implied": null,
        "home_true_prob": null,
        "draw_true_prob": null,
        "away_true_prob": null,
        "spread_home_line": "",
        "spread_home_close_odds": "",
        "spread_movement_score": 0.0,
        "total_over_close": "",
        "total_under_close": "",
        "odds_data_available": false
      },
      {
        "name": "鄂尔士贝格 vs 勒沃库森",
        "status": "STATUS_FULL_TIME",
        "completed": true,
        "kickoff_utc": "2026-08-29T13:30:00Z",
        "time_to_kickoff_h": -695.4,
        "home": "鄂尔士贝格",
        "away": "勒沃库森",
        "home_en": "SV 07 Elversberg",
        "away_en": "Bayer 04 Leverkusen",
        "home_abbr": "UNK",
        "away_abbr": "UNK",
        "score": "3-2",
        "home_form": "",
        "away_form": "",
        "home_form_score": 0.5,
        "away_form_score": 0.5,
        "home_record": "",
        "away_record": "",
        "home_record_score": 0.5,
        "away_record_score": 0.5,
        "ml_home_close": null,
        "draw_ml": null,
        "home_ml_implied": null,
        "draw_implied": null,
        "home_true_prob": null,
        "draw_true_prob": null,
        "away_true_prob": null,
        "spread_home_line": "",
        "spread_home_close_odds": "",
        "spread_movement_score": 0.0,
        "total_over_close": "",
        "total_under_close": "",
        "odds_data_available": false
      },
      {
        "name": "科隆 vs 霍芬海姆",
        "status": "STATUS_FULL_TIME",
        "completed": true,
        "kickoff_utc": "2026-08-29T13:30:00Z",
        "time_to_kickoff_h": -695.4,
        "home": "科隆",
        "away": "霍芬海姆",
        "home_en": "1. FC Köln",
        "away_en": "TSG 1899 Hoffenheim",
        "home_abbr": "UNK",
        "away_abbr": "UNK",
        "score": "3-2",
        "home_form": "",
        "away_form": "",
        "home_form_score": 0.5,
        "away_form_score": 0.5,
        "home_record": "",
        "away_record": "",
        "home_record_score": 0.5,
        "away_record_score": 0.5,
        "ml_home_close": null,
        "draw_ml": null,
        "home_ml_implied": null,
        "draw_implied": null,
        "home_true_prob": null,
        "draw_true_prob": null,
        "away_true_prob": null,
        "spread_home_line": "",
        "spread_home_close_odds": "",
        "spread_movement_score": 0.0,
        "total_over_close": "",
        "total_under_close": "",
        "odds_data_available": false
      },
      {
        "name": "多特蒙德 vs 汉堡",
        "status": "STATUS_FULL_TIME",
        "completed": true,
        "kickoff_utc": "2026-08-29T16:30:00Z",
        "time_to_kickoff_h": -692.4,
        "home": "多特蒙德",
        "away": "汉堡",
        "home_en": "Borussia Dortmund",
        "away_en": "Hamburger SV",
        "home_abbr": "UNK",
        "away_abbr": "UNK",
        "score": "2-0",
        "home_form": "",
        "away_form": "",
        "home_form_score": 0.5,
        "away_form_score": 0.5,
        "home_record": "",
        "away_record": "",
        "home_record_score": 0.5,
        "away_record_score": 0.5,
        "ml_home_close": null,
        "draw_ml": null,
        "home_ml_implied": null,
        "draw_implied": null,
        "home_true_prob": null,
        "draw_true_prob": null,
        "away_true_prob": null,
        "spread_home_line": "",
        "spread_home_close_odds": "",
        "spread_movement_score": 0.0,
        "total_over_close": "",
        "total_under_close": "",
        "odds_data_available": false
      },
      {
        "name": "弗赖堡 vs 云达不莱梅",
        "status": "STATUS_FULL_TIME",
        "completed": true,
        "kickoff_utc": "2026-08-30T13:30:00Z",
        "time_to_kickoff_h": -671.4,
        "home": "弗赖堡",
        "away": "云达不莱梅",
        "home_en": "SC Freiburg",
        "away_en": "SV Werder Bremen",
        "home_abbr": "UNK",
        "away_abbr": "UNK",
        "score": "4-1",
        "home_form": "",
        "away_form": "",
        "home_form_score": 0.5,
        "away_form_score": 0.5,
        "home_record": "",
        "away_record": "",
        "home_record_score": 0.5,
        "away_record_score": 0.5,
        "ml_home_close": null,
        "draw_ml": null,
        "home_ml_implied": null,
        "draw_implied": null,
        "home_true_prob": null,
        "draw_true_prob": null,
        "away_true_prob": null,
        "spread_home_line": "",
        "spread_home_close_odds": "",
        "spread_movement_score": 0.0,
        "total_over_close": "",
        "total_under_close": "",
        "odds_data_available": false
      },
      {
        "name": "奥格斯堡 vs 沙尔克04",
        "status": "STATUS_FULL_TIME",
        "completed": true,
        "kickoff_utc": "2026-08-30T15:30:00Z",
        "time_to_kickoff_h": -669.4,
        "home": "奥格斯堡",
        "away": "沙尔克04",
        "home_en": "FC Augsburg",
        "away_en": "FC Schalke 04",
        "home_abbr": "UNK",
        "away_abbr": "UNK",
        "score": "3-0",
        "home_form": "",
        "away_form": "",
        "home_form_score": 0.5,
        "away_form_score": 0.5,
        "home_record": "",
        "away_record": "",
        "home_record_score": 0.5,
        "away_record_score": 0.5,
        "ml_home_close": null,
        "draw_ml": null,
        "home_ml_implied": null,
        "draw_implied": null,
        "home_true_prob": null,
        "draw_true_prob": null,
        "away_true_prob": null,
        "spread_home_line": "",
        "spread_home_close_odds": "",
        "spread_movement_score": 0.0,
        "total_over_close": "",
        "total_under_close": "",
        "odds_data_available": false
      },
      {
        "name": "斯图加特 vs 科隆",
        "status": "STATUS_FULL_TIME",
        "completed": true,
        "kickoff_utc": "2026-09-04T18:30:00Z",
        "time_to_kickoff_h": -546.4,
        "home": "斯图加特",
        "away": "科隆",
        "home_en": "VfB Stuttgart",
        "away_en": "1. FC Köln",
        "home_abbr": "UNK",
        "away_abbr": "UNK",
        "score": "4-1",
        "home_form": "L",
        "away_form": "W",
        "home_form_score": 0.0,
        "away_form_score": 1.0,
        "home_record": "0-0-1",
        "away_record": "1-0-0",
        "home_record_score": 0.0,
        "away_record_score": 1.0,
        "ml_home_close": null,
        "draw_ml": null,
        "home_ml_implied": null,
        "draw_implied": null,
        "home_true_prob": null,
        "draw_true_prob": null,
        "away_true_prob": null,
        "spread_home_line": "",
        "spread_home_close_odds": "",
        "spread_movement_score": 0.0,
        "total_over_close": "",
        "total_under_close": "",
        "odds_data_available": false
      },
      {
        "name": "云达不莱梅 vs 莱比锡红牛",
        "status": "STATUS_FULL_TIME",
        "completed": true,
        "kickoff_utc": "2026-09-05T13:30:00Z",
        "time_to_kickoff_h": -527.4,
        "home": "云达不莱梅",
        "away": "莱比锡红牛",
        "home_en": "SV Werder Bremen",
        "away_en": "RB Leipzig",
        "home_abbr": "UNK",
        "away_abbr": "UNK",
        "score": "3-1",
        "home_form": "L",
        "away_form": "W",
        "home_form_score": 0.0,
        "away_form_score": 1.0,
        "home_record": "0-0-1",
        "away_record": "1-0-0",
        "home_record_score": 0.0,
        "away_record_score": 1.0,
        "ml_home_close": null,
        "draw_ml": null,
        "home_ml_implied": null,
        "draw_implied": null,
        "home_true_prob": null,
        "draw_true_prob": null,
        "away_true_prob": null,
        "spread_home_line": "",
        "spread_home_close_odds": "",
        "spread_movement_score": 0.0,
        "total_over_close": "",
        "total_under_close": "",
        "odds_data_available": false
      },
      {
        "name": "霍芬海姆 vs 多特蒙德",
        "status": "STATUS_FULL_TIME",
        "completed": true,
        "kickoff_utc": "2026-09-05T13:30:00Z",
        "time_to_kickoff_h": -527.4,
        "home": "霍芬海姆",
        "away": "多特蒙德",
        "home_en": "TSG 1899 Hoffenheim",
        "away_en": "Borussia Dortmund",
        "home_abbr": "UNK",
        "away_abbr": "UNK",
        "score": "2-3",
        "home_form": "L",
        "away_form": "W",
        "home_form_score": 0.0,
        "away_form_score": 1.0,
        "home_record": "0-0-1",
        "away_record": "1-0-0",
        "home_record_score": 0.0,
        "away_record_score": 1.0,
        "ml_home_close": null,
        "draw_ml": null,
        "home_ml_implied": null,
        "draw_implied": null,
        "home_true_prob": null,
        "draw_true_prob": null,
        "away_true_prob": null,
        "spread_home_line": "",
        "spread_home_close_odds": "",
        "spread_movement_score": 0.0,
        "total_over_close": "",
        "total_under_close": "",
        "odds_data_available": false
      },
      {
        "name": "勒沃库森 vs 柏林联合",
        "status": "STATUS_FULL_TIME",
        "completed": true,
        "kickoff_utc": "2026-09-05T13:30:00Z",
        "time_to_kickoff_h": -527.4,
        "home": "勒沃库森",
        "away": "柏林联合",
        "home_en": "Bayer 04 Leverkusen",
        "away_en": "1. FC Union Berlin",
        "home_abbr": "UNK",
        "away_abbr": "UNK",
        "score": "4-0",
        "home_form": "L",
        "away_form": "D",
        "home_form_score": 0.0,
        "away_form_score": 0.5,
        "home_record": "0-0-1",
        "away_record": "0-1-0",
        "home_record_score": 0.0,
        "away_record_score": 0.0,
        "ml_home_close": null,
        "draw_ml": null,
        "home_ml_implied": null,
        "draw_implied": null,
        "home_true_prob": null,
        "draw_true_prob": null,
        "away_true_prob": null,
        "spread_home_line": "",
        "spread_home_close_odds": "",
        "spread_movement_score": 0.0,
        "total_over_close": "",
        "total_under_close": "",
        "odds_data_available": false
      },
      {
        "name": "门兴格拉德巴赫 vs 鄂尔士贝格",
        "status": "STATUS_FULL_TIME",
        "completed": true,
        "kickoff_utc": "2026-09-05T13:30:00Z",
        "time_to_kickoff_h": -527.4,
        "home": "门兴格拉德巴赫",
        "away": "鄂尔士贝格",
        "home_en": "Borussia Mönchengladbach",
        "away_en": "SV 07 Elversberg",
        "home_abbr": "UNK",
        "away_abbr": "UNK",
        "score": "3-4",
        "home_form": "L",
        "away_form": "W",
        "home_form_score": 0.0,
        "away_form_score": 1.0,
        "home_record": "0-0-1",
        "away_record": "1-0-0",
        "home_record_score": 0.0,
        "away_record_score": 1.0,
        "ml_home_close": null,
        "draw_ml": null,
        "home_ml_implied": null,
        "draw_implied": null,
        "home_true_prob": null,
        "draw_true_prob": null,
        "away_true_prob": null,
        "spread_home_line": "",
        "spread_home_close_odds": "",
        "spread_movement_score": 0.0,
        "total_over_close": "",
        "total_under_close": "",
        "odds_data_available": false
      },
      {
        "name": "帕德博恩07 vs 弗赖堡",
        "status": "STATUS_FULL_TIME",
        "completed": true,
        "kickoff_utc": "2026-09-05T13:30:00Z",
        "time_to_kickoff_h": -527.4,
        "home": "帕德博恩07",
        "away": "弗赖堡",
        "home_en": "SC Paderborn 07",
        "away_en": "SC Freiburg",
        "home_abbr": "UNK",
        "away_abbr": "UNK",
        "score": "0-1",
        "home_form": "D",
        "away_form": "W",
        "home_form_score": 0.5,
        "away_form_score": 1.0,
        "home_record": "0-1-0",
        "away_record": "1-0-0",
        "home_record_score": 0.0,
        "away_record_score": 1.0,
        "ml_home_close": null,
        "draw_ml": null,
        "home_ml_implied": null,
        "draw_implied": null,
        "home_true_prob": null,
        "draw_true_prob": null,
        "away_true_prob": null,
        "spread_home_line": "",
        "spread_home_close_odds": "",
        "spread_movement_score": 0.0,
        "total_over_close": "",
        "total_under_close": "",
        "odds_data_available": false
      },
      {
        "name": "沙尔克04 vs 拜仁慕尼黑",
        "status": "STATUS_FULL_TIME",
        "completed": true,
        "kickoff_utc": "2026-09-05T16:30:00Z",
        "time_to_kickoff_h": -524.4,
        "home": "沙尔克04",
        "away": "拜仁慕尼黑",
        "home_en": "FC Schalke 04",
        "away_en": "FC Bayern München",
        "home_abbr": "UNK",
        "away_abbr": "UNK",
        "score": "0-0",
        "home_form": "L",
        "away_form": "W",
        "home_form_score": 0.0,
        "away_form_score": 1.0,
        "home_record": "0-0-1",
        "away_record": "1-0-0",
        "home_record_score": 0.0,
        "away_record_score": 1.0,
        "ml_home_close": null,
        "draw_ml": null,
        "home_ml_implied": null,
        "draw_implied": null,
        "home_true_prob": null,
        "draw_true_prob": null,
        "away_true_prob": null,
        "spread_home_line": "",
        "spread_home_close_odds": "",
        "spread_movement_score": 0.0,
        "total_over_close": "",
        "total_under_close": "",
        "odds_data_available": false
      },
      {
        "name": "汉堡 vs 美因茨05",
        "status": "STATUS_FULL_TIME",
        "completed": true,
        "kickoff_utc": "2026-09-06T13:30:00Z",
        "time_to_kickoff_h": -503.4,
        "home": "汉堡",
        "away": "美因茨05",
        "home_en": "Hamburger SV",
        "away_en": "1. FSV Mainz 05",
        "home_abbr": "UNK",
        "away_abbr": "UNK",
        "score": "0-5",
        "home_form": "L",
        "away_form": "D",
        "home_form_score": 0.0,
        "away_form_score": 0.5,
        "home_record": "0-0-1",
        "away_record": "0-1-0",
        "home_record_score": 0.0,
        "away_record_score": 0.0,
        "ml_home_close": null,
        "draw_ml": null,
        "home_ml_implied": null,
        "draw_implied": null,
        "home_true_prob": null,
        "draw_true_prob": null,
        "away_true_prob": null,
        "spread_home_line": "",
        "spread_home_close_odds": "",
        "spread_movement_score": 0.0,
        "total_over_close": "",
        "total_under_close": "",
        "odds_data_available": false
      },
      {
        "name": "法兰克福 vs 奥格斯堡",
        "status": "STATUS_FULL_TIME",
        "completed": true,
        "kickoff_utc": "2026-09-06T15:30:00Z",
        "time_to_kickoff_h": -501.4,
        "home": "法兰克福",
        "away": "奥格斯堡",
        "home_en": "Eintracht Frankfurt",
        "away_en": "FC Augsburg",
        "home_abbr": "UNK",
        "away_abbr": "UNK",
        "score": "1-4",
        "home_form": "D",
        "away_form": "W",
        "home_form_score": 0.5,
        "away_form_score": 1.0,
        "home_record": "0-1-0",
        "away_record": "1-0-0",
        "home_record_score": 0.0,
        "away_record_score": 1.0,
        "ml_home_close": null,
        "draw_ml": null,
        "home_ml_implied": null,
        "draw_implied": null,
        "home_true_prob": null,
        "draw_true_prob": null,
        "away_true_prob": null,
        "spread_home_line": "",
        "spread_home_close_odds": "",
        "spread_movement_score": 0.0,
        "total_over_close": "",
        "total_under_close": "",
        "odds_data_available": false
      },
      {
        "name": "柏林联合 vs 沙尔克04",
        "status": "STATUS_FULL_TIME",
        "completed": true,
        "kickoff_utc": "2026-09-11T18:30:00Z",
        "time_to_kickoff_h": -378.4,
        "home": "柏林联合",
        "away": "沙尔克04",
        "home_en": "1. FC Union Berlin",
        "away_en": "FC Schalke 04",
        "home_abbr": "UNK",
        "away_abbr": "UNK",
        "score": "1-3",
        "home_form": "DL",
        "away_form": "LD",
        "home_form_score": 0.25,
        "away_form_score": 0.25,
        "home_record": "0-1-1",
        "away_record": "0-1-1",
        "home_record_score": 0.0,
        "away_record_score": 0.0,
        "ml_home_close": null,
        "draw_ml": null,
        "home_ml_implied": null,
        "draw_implied": null,
        "home_true_prob": null,
        "draw_true_prob": null,
        "away_true_prob": null,
        "spread_home_line": "",
        "spread_home_close_odds": "",
        "spread_movement_score": 0.0,
        "total_over_close": "",
        "total_under_close": "",
        "odds_data_available": false
      },
      {
        "name": "霍芬海姆 vs 斯图加特",
        "status": "STATUS_FULL_TIME",
        "completed": true,
        "kickoff_utc": "2026-09-12T13:30:00Z",
        "time_to_kickoff_h": -359.4,
        "home": "霍芬海姆",
        "away": "斯图加特",
        "home_en": "TSG 1899 Hoffenheim",
        "away_en": "VfB Stuttgart",
        "home_abbr": "UNK",
        "away_abbr": "UNK",
        "score": "2-1",
        "home_form": "LL",
        "away_form": "LW",
        "home_form_score": 0.0,
        "away_form_score": 0.5,
        "home_record": "0-0-2",
        "away_record": "1-0-1",
        "home_record_score": 0.0,
        "away_record_score": 0.5,
        "ml_home_close": null,
        "draw_ml": null,
        "home_ml_implied": null,
        "draw_implied": null,
        "home_true_prob": null,
        "draw_true_prob": null,
        "away_true_prob": null,
        "spread_home_line": "",
        "spread_home_close_odds": "",
        "spread_movement_score": 0.0,
        "total_over_close": "",
        "total_under_close": "",
        "odds_data_available": false
      },
      {
        "name": "多特蒙德 vs 帕德博恩07",
        "status": "STATUS_FULL_TIME",
        "completed": true,
        "kickoff_utc": "2026-09-12T13:30:00Z",
        "time_to_kickoff_h": -359.4,
        "home": "多特蒙德",
        "away": "帕德博恩07",
        "home_en": "Borussia Dortmund",
        "away_en": "SC Paderborn 07",
        "home_abbr": "UNK",
        "away_abbr": "UNK",
        "score": "3-0",
        "home_form": "WW",
        "away_form": "DL",
        "home_form_score": 1.0,
        "away_form_score": 0.25,
        "home_record": "2-0-0",
        "away_record": "0-1-1",
        "home_record_score": 1.0,
        "away_record_score": 0.0,
        "ml_home_close": null,
        "draw_ml": null,
        "home_ml_implied": null,
        "draw_implied": null,
        "home_true_prob": null,
        "draw_true_prob": null,
        "away_true_prob": null,
        "spread_home_line": "",
        "spread_home_close_odds": "",
        "spread_movement_score": 0.0,
        "total_over_close": "",
        "total_under_close": "",
        "odds_data_available": false
      },
      {
        "name": "奥格斯堡 vs 勒沃库森",
        "status": "STATUS_FULL_TIME",
        "completed": true,
        "kickoff_utc": "2026-09-12T13:30:00Z",
        "time_to_kickoff_h": -359.4,
        "home": "奥格斯堡",
        "away": "勒沃库森",
        "home_en": "FC Augsburg",
        "away_en": "Bayer 04 Leverkusen",
        "home_abbr": "UNK",
        "away_abbr": "UNK",
        "score": "2-2",
        "home_form": "WW",
        "away_form": "LW",
        "home_form_score": 1.0,
        "away_form_score": 0.5,
        "home_record": "2-0-0",
        "away_record": "1-0-1",
        "home_record_score": 1.0,
        "away_record_score": 0.5,
        "ml_home_close": null,
        "draw_ml": null,
        "home_ml_implied": null,
        "draw_implied": null,
        "home_true_prob": null,
        "draw_true_prob": null,
        "away_true_prob": null,
        "spread_home_line": "",
        "spread_home_close_odds": "",
        "spread_movement_score": 0.0,
        "total_over_close": "",
        "total_under_close": "",
        "odds_data_available": false
      },
      {
        "name": "美因茨05 vs 法兰克福",
        "status": "STATUS_FULL_TIME",
        "completed": true,
        "kickoff_utc": "2026-09-12T13:30:00Z",
        "time_to_kickoff_h": -359.4,
        "home": "美因茨05",
        "away": "法兰克福",
        "home_en": "1. FSV Mainz 05",
        "away_en": "Eintracht Frankfurt",
        "home_abbr": "UNK",
        "away_abbr": "UNK",
        "score": "1-3",
        "home_form": "DW",
        "away_form": "DL",
        "home_form_score": 0.75,
        "away_form_score": 0.25,
        "home_record": "1-1-0",
        "away_record": "0-1-1",
        "home_record_score": 0.5,
        "away_record_score": 0.0,
        "ml_home_close": null,
        "draw_ml": null,
        "home_ml_implied": null,
        "draw_implied": null,
        "home_true_prob": null,
        "draw_true_prob": null,
        "away_true_prob": null,
        "spread_home_line": "",
        "spread_home_close_odds": "",
        "spread_movement_score": 0.0,
        "total_over_close": "",
        "total_under_close": "",
        "odds_data_available": false
      },
      {
        "name": "弗赖堡 vs 门兴格拉德巴赫",
        "status": "STATUS_FULL_TIME",
        "completed": true,
        "kickoff_utc": "2026-09-12T13:30:00Z",
        "time_to_kickoff_h": -359.4,
        "home": "弗赖堡",
        "away": "门兴格拉德巴赫",
        "home_en": "SC Freiburg",
        "away_en": "Borussia Mönchengladbach",
        "home_abbr": "UNK",
        "away_abbr": "UNK",
        "score": "5-0",
        "home_form": "WW",
        "away_form": "LL",
        "home_form_score": 1.0,
        "away_form_score": 0.0,
        "home_record": "2-0-0",
        "away_record": "0-0-2",
        "home_record_score": 1.0,
        "away_record_score": 0.0,
        "ml_home_close": null,
        "draw_ml": null,
        "home_ml_implied": null,
        "draw_implied": null,
        "home_true_prob": null,
        "draw_true_prob": null,
        "away_true_prob": null,
        "spread_home_line": "",
        "spread_home_close_odds": "",
        "spread_movement_score": 0.0,
        "total_over_close": "",
        "total_under_close": "",
        "odds_data_available": false
      },
      {
        "name": "科隆 vs 云达不莱梅",
        "status": "STATUS_FULL_TIME",
        "completed": true,
        "kickoff_utc": "2026-09-12T16:30:00Z",
        "time_to_kickoff_h": -356.4,
        "home": "科隆",
        "away": "云达不莱梅",
        "home_en": "1. FC Köln",
        "away_en": "SV Werder Bremen",
        "home_abbr": "UNK",
        "away_abbr": "UNK",
        "score": "1-1",
        "home_form": "WL",
        "away_form": "LW",
        "home_form_score": 0.5,
        "away_form_score": 0.5,
        "home_record": "1-0-1",
        "away_record": "1-0-1",
        "home_record_score": 0.5,
        "away_record_score": 0.5,
        "ml_home_close": null,
        "draw_ml": null,
        "home_ml_implied": null,
        "draw_implied": null,
        "home_true_prob": null,
        "draw_true_prob": null,
        "away_true_prob": null,
        "spread_home_line": "",
        "spread_home_close_odds": "",
        "spread_movement_score": 0.0,
        "total_over_close": "",
        "total_under_close": "",
        "odds_data_available": false
      },
      {
        "name": "莱比锡红牛 vs 汉堡",
        "status": "STATUS_FULL_TIME",
        "completed": true,
        "kickoff_utc": "2026-09-13T13:30:00Z",
        "time_to_kickoff_h": -335.4,
        "home": "莱比锡红牛",
        "away": "汉堡",
        "home_en": "RB Leipzig",
        "away_en": "Hamburger SV",
        "home_abbr": "UNK",
        "away_abbr": "UNK",
        "score": "5-0",
        "home_form": "WL",
        "away_form": "LL",
        "home_form_score": 0.5,
        "away_form_score": 0.0,
        "home_record": "1-0-1",
        "away_record": "0-0-2",
        "home_record_score": 0.5,
        "away_record_score": 0.0,
        "ml_home_close": null,
        "draw_ml": null,
        "home_ml_implied": null,
        "draw_implied": null,
        "home_true_prob": null,
        "draw_true_prob": null,
        "away_true_prob": null,
        "spread_home_line": "",
        "spread_home_close_odds": "",
        "spread_movement_score": 0.0,
        "total_over_close": "",
        "total_under_close": "",
        "odds_data_available": false
      },
      {
        "name": "鄂尔士贝格 vs 拜仁慕尼黑",
        "status": "STATUS_FULL_TIME",
        "completed": true,
        "kickoff_utc": "2026-09-13T15:30:00Z",
        "time_to_kickoff_h": -333.4,
        "home": "鄂尔士贝格",
        "away": "拜仁慕尼黑",
        "home_en": "SV 07 Elversberg",
        "away_en": "FC Bayern München",
        "home_abbr": "UNK",
        "away_abbr": "UNK",
        "score": "1-2",
        "home_form": "WW",
        "away_form": "WD",
        "home_form_score": 1.0,
        "away_form_score": 0.75,
        "home_record": "2-0-0",
        "away_record": "1-1-0",
        "home_record_score": 1.0,
        "away_record_score": 0.5,
        "ml_home_close": null,
        "draw_ml": null,
        "home_ml_implied": null,
        "draw_implied": null,
        "home_true_prob": null,
        "draw_true_prob": null,
        "away_true_prob": null,
        "spread_home_line": "",
        "spread_home_close_odds": "",
        "spread_movement_score": 0.0,
        "total_over_close": "",
        "total_under_close": "",
        "odds_data_available": false
      },
      {
        "name": "拜仁慕尼黑 vs 柏林联合",
        "status": "STATUS_FULL_TIME",
        "completed": true,
        "kickoff_utc": "2026-09-18T18:30:00Z",
        "time_to_kickoff_h": -210.4,
        "home": "拜仁慕尼黑",
        "away": "柏林联合",
        "home_en": "FC Bayern München",
        "away_en": "1. FC Union Berlin",
        "home_abbr": "UNK",
        "away_abbr": "UNK",
        "score": "7-0",
        "home_form": "WDW",
        "away_form": "DLL",
        "home_form_score": 0.833,
        "away_form_score": 0.167,
        "home_record": "2-1-0",
        "away_record": "0-1-2",
        "home_record_score": 0.667,
        "away_record_score": 0.0,
        "ml_home_close": null,
        "draw_ml": null,
        "home_ml_implied": null,
        "draw_implied": null,
        "home_true_prob": null,
        "draw_true_prob": null,
        "away_true_prob": null,
        "spread_home_line": "",
        "spread_home_close_odds": "",
        "spread_movement_score": 0.0,
        "total_over_close": "",
        "total_under_close": "",
        "odds_data_available": false
      },
      {
        "name": "汉堡 vs 科隆",
        "status": "STATUS_FULL_TIME",
        "completed": true,
        "kickoff_utc": "2026-09-19T13:30:00Z",
        "time_to_kickoff_h": -191.4,
        "home": "汉堡",
        "away": "科隆",
        "home_en": "Hamburger SV",
        "away_en": "1. FC Köln",
        "home_abbr": "UNK",
        "away_abbr": "UNK",
        "score": "2-1",
        "home_form": "LLL",
        "away_form": "WLD",
        "home_form_score": 0.0,
        "away_form_score": 0.5,
        "home_record": "0-0-3",
        "away_record": "1-1-1",
        "home_record_score": 0.0,
        "away_record_score": 0.333,
        "ml_home_close": null,
        "draw_ml": null,
        "home_ml_implied": null,
        "draw_implied": null,
        "home_true_prob": null,
        "draw_true_prob": null,
        "away_true_prob": null,
        "spread_home_line": "",
        "spread_home_close_odds": "",
        "spread_movement_score": 0.0,
        "total_over_close": "",
        "total_under_close": "",
        "odds_data_available": false
      },
      {
        "name": "门兴格拉德巴赫 vs 美因茨05",
        "status": "STATUS_FULL_TIME",
        "completed": true,
        "kickoff_utc": "2026-09-19T13:30:00Z",
        "time_to_kickoff_h": -191.4,
        "home": "门兴格拉德巴赫",
        "away": "美因茨05",
        "home_en": "Borussia Mönchengladbach",
        "away_en": "1. FSV Mainz 05",
        "home_abbr": "UNK",
        "away_abbr": "UNK",
        "score": "3-4",
        "home_form": "LLL",
        "away_form": "DWL",
        "home_form_score": 0.0,
        "away_form_score": 0.5,
        "home_record": "0-0-3",
        "away_record": "1-1-1",
        "home_record_score": 0.0,
        "away_record_score": 0.333,
        "ml_home_close": null,
        "draw_ml": null,
        "home_ml_implied": null,
        "draw_implied": null,
        "home_true_prob": null,
        "draw_true_prob": null,
        "away_true_prob": null,
        "spread_home_line": "",
        "spread_home_close_odds": "",
        "spread_movement_score": 0.0,
        "total_over_close": "",
        "total_under_close": "",
        "odds_data_available": false
      },
      {
        "name": "云达不莱梅 vs 奥格斯堡",
        "status": "STATUS_FULL_TIME",
        "completed": true,
        "kickoff_utc": "2026-09-19T13:30:00Z",
        "time_to_kickoff_h": -191.4,
        "home": "云达不莱梅",
        "away": "奥格斯堡",
        "home_en": "SV Werder Bremen",
        "away_en": "FC Augsburg",
        "home_abbr": "UNK",
        "away_abbr": "UNK",
        "score": "3-2",
        "home_form": "LWD",
        "away_form": "WWD",
        "home_form_score": 0.5,
        "away_form_score": 0.833,
        "home_record": "1-1-1",
        "away_record": "2-1-0",
        "home_record_score": 0.333,
        "away_record_score": 0.667,
        "ml_home_close": null,
        "draw_ml": null,
        "home_ml_implied": null,
        "draw_implied": null,
        "home_true_prob": null,
        "draw_true_prob": null,
        "away_true_prob": null,
        "spread_home_line": "",
        "spread_home_close_odds": "",
        "spread_movement_score": 0.0,
        "total_over_close": "",
        "total_under_close": "",
        "odds_data_available": false
      },
      {
        "name": "法兰克福 vs 弗赖堡",
        "status": "STATUS_FULL_TIME",
        "completed": true,
        "kickoff_utc": "2026-09-19T13:30:00Z",
        "time_to_kickoff_h": -191.4,
        "home": "法兰克福",
        "away": "弗赖堡",
        "home_en": "Eintracht Frankfurt",
        "away_en": "SC Freiburg",
        "home_abbr": "UNK",
        "away_abbr": "UNK",
        "score": "2-2",
        "home_form": "DLW",
        "away_form": "WWW",
        "home_form_score": 0.5,
        "away_form_score": 1.0,
        "home_record": "1-1-1",
        "away_record": "3-0-0",
        "home_record_score": 0.333,
        "away_record_score": 1.0,
        "ml_home_close": null,
        "draw_ml": null,
        "home_ml_implied": null,
        "draw_implied": null,
        "home_true_prob": null,
        "draw_true_prob": null,
        "away_true_prob": null,
        "spread_home_line": "",
        "spread_home_close_odds": "",
        "spread_movement_score": 0.0,
        "total_over_close": "",
        "total_under_close": "",
        "odds_data_available": false
      },
      {
        "name": "斯图加特 vs 多特蒙德",
        "status": "STATUS_FULL_TIME",
        "completed": true,
        "kickoff_utc": "2026-09-19T16:30:00Z",
        "time_to_kickoff_h": -188.4,
        "home": "斯图加特",
        "away": "多特蒙德",
        "home_en": "VfB Stuttgart",
        "away_en": "Borussia Dortmund",
        "home_abbr": "UNK",
        "away_abbr": "UNK",
        "score": "0-1",
        "home_form": "LWL",
        "away_form": "WWW",
        "home_form_score": 0.333,
        "away_form_score": 1.0,
        "home_record": "1-0-2",
        "away_record": "3-0-0",
        "home_record_score": 0.333,
        "away_record_score": 1.0,
        "ml_home_close": null,
        "draw_ml": null,
        "home_ml_implied": null,
        "draw_implied": null,
        "home_true_prob": null,
        "draw_true_prob": null,
        "away_true_prob": null,
        "spread_home_line": "",
        "spread_home_close_odds": "",
        "spread_movement_score": 0.0,
        "total_over_close": "",
        "total_under_close": "",
        "odds_data_available": false
      },
      {
        "name": "勒沃库森 vs 莱比锡红牛",
        "status": "STATUS_FULL_TIME",
        "completed": true,
        "kickoff_utc": "2026-09-20T13:30:00Z",
        "time_to_kickoff_h": -167.4,
        "home": "勒沃库森",
        "away": "莱比锡红牛",
        "home_en": "Bayer 04 Leverkusen",
        "away_en": "RB Leipzig",
        "home_abbr": "UNK",
        "away_abbr": "UNK",
        "score": "2-0",
        "home_form": "LWD",
        "away_form": "WLW",
        "home_form_score": 0.5,
        "away_form_score": 0.667,
        "home_record": "1-1-1",
        "away_record": "2-0-1",
        "home_record_score": 0.333,
        "away_record_score": 0.667,
        "ml_home_close": null,
        "draw_ml": null,
        "home_ml_implied": null,
        "draw_implied": null,
        "home_true_prob": null,
        "draw_true_prob": null,
        "away_true_prob": null,
        "spread_home_line": "",
        "spread_home_close_odds": "",
        "spread_movement_score": 0.0,
        "total_over_close": "",
        "total_under_close": "",
        "odds_data_available": false
      },
      {
        "name": "沙尔克04 vs 鄂尔士贝格",
        "status": "STATUS_FULL_TIME",
        "completed": true,
        "kickoff_utc": "2026-09-20T15:30:00Z",
        "time_to_kickoff_h": -165.4,
        "home": "沙尔克04",
        "away": "鄂尔士贝格",
        "home_en": "FC Schalke 04",
        "away_en": "SV 07 Elversberg",
        "home_abbr": "UNK",
        "away_abbr": "UNK",
        "score": "0-0",
        "home_form": "LDW",
        "away_form": "WWL",
        "home_form_score": 0.5,
        "away_form_score": 0.667,
        "home_record": "1-1-1",
        "away_record": "2-0-1",
        "home_record_score": 0.333,
        "away_record_score": 0.667,
        "ml_home_close": null,
        "draw_ml": null,
        "home_ml_implied": null,
        "draw_implied": null,
        "home_true_prob": null,
        "draw_true_prob": null,
        "away_true_prob": null,
        "spread_home_line": "",
        "spread_home_close_odds": "",
        "spread_movement_score": 0.0,
        "total_over_close": "",
        "total_under_close": "",
        "odds_data_available": false
      },
      {
        "name": "帕德博恩07 vs 霍芬海姆",
        "status": "STATUS_FULL_TIME",
        "completed": true,
        "kickoff_utc": "2026-09-20T17:30:00Z",
        "time_to_kickoff_h": -163.4,
        "home": "帕德博恩07",
        "away": "霍芬海姆",
        "home_en": "SC Paderborn 07",
        "away_en": "TSG 1899 Hoffenheim",
        "home_abbr": "UNK",
        "away_abbr": "UNK",
        "score": "3-1",
        "home_form": "DLL",
        "away_form": "LLW",
        "home_form_score": 0.167,
        "away_form_score": 0.333,
        "home_record": "0-1-2",
        "away_record": "1-0-2",
        "home_record_score": 0.0,
        "away_record_score": 0.333,
        "ml_home_close": null,
        "draw_ml": null,
        "home_ml_implied": null,
        "draw_implied": null,
        "home_true_prob": null,
        "draw_true_prob": null,
        "away_true_prob": null,
        "spread_home_line": "",
        "spread_home_close_odds": "",
        "spread_movement_score": 0.0,
        "total_over_close": "",
        "total_under_close": "",
        "odds_data_available": false
      }
    ],
    "predictions": []
  },
  {
    "generated_at": "2026-09-27T20:56:44.731465+08:00",
    "data_window": "20260828-20260928",
    "status": "no_future_matches",
    "league": "seriea",
    "tournament_type": "league",
    "message": "No matches to predict in window (20260828-20260928)",
    "calibration": {
      "total_matches": 40,
      "home_wins": 19,
      "draws": 8,
      "away_wins": 13,
      "home_win_rate": 0.475,
      "draw_rate": 0.2,
      "away_win_rate": 0.325,
      "favored_by_odds": 0,
      "favored_won": 0,
      "odds_accuracy": 0
    },
    "past_matches": [
      {
        "name": "AC米兰 vs 威尼斯",
        "status": "STATUS_FULL_TIME",
        "completed": true,
        "kickoff_utc": "2026-08-28T18:45:00Z",
        "time_to_kickoff_h": -714.2,
        "home": "AC米兰",
        "away": "威尼斯",
        "home_en": "AC Milan",
        "away_en": "Venezia FC",
        "home_abbr": "UNK",
        "away_abbr": "UNK",
        "score": "2-0",
        "home_form": "",
        "away_form": "",
        "home_form_score": 0.5,
        "away_form_score": 0.5,
        "home_record": "",
        "away_record": "",
        "home_record_score": 0.5,
        "away_record_score": 0.5,
        "ml_home_close": null,
        "draw_ml": null,
        "home_ml_implied": null,
        "draw_implied": null,
        "home_true_prob": null,
        "draw_true_prob": null,
        "away_true_prob": null,
        "spread_home_line": "",
        "spread_home_close_odds": "",
        "spread_movement_score": 0.0,
        "total_over_close": "",
        "total_under_close": "",
        "odds_data_available": false
      },
      {
        "name": "萨索洛 vs 都灵",
        "status": "STATUS_FULL_TIME",
        "completed": true,
        "kickoff_utc": "2026-08-29T16:30:00Z",
        "time_to_kickoff_h": -692.4,
        "home": "萨索洛",
        "away": "都灵",
        "home_en": "US Sassuolo Calcio",
        "away_en": "Torino FC",
        "home_abbr": "UNK",
        "away_abbr": "UNK",
        "score": "2-1",
        "home_form": "",
        "away_form": "",
        "home_form_score": 0.5,
        "away_form_score": 0.5,
        "home_record": "",
        "away_record": "",
        "home_record_score": 0.5,
        "away_record_score": 0.5,
        "ml_home_close": null,
        "draw_ml": null,
        "home_ml_implied": null,
        "draw_implied": null,
        "home_true_prob": null,
        "draw_true_prob": null,
        "away_true_prob": null,
        "spread_home_line": "",
        "spread_home_close_odds": "",
        "spread_movement_score": 0.0,
        "total_over_close": "",
        "total_under_close": "",
        "odds_data_available": false
      },
      {
        "name": "蒙扎 vs 乌迪内斯",
        "status": "STATUS_FULL_TIME",
        "completed": true,
        "kickoff_utc": "2026-08-29T16:30:00Z",
        "time_to_kickoff_h": -692.4,
        "home": "蒙扎",
        "away": "乌迪内斯",
        "home_en": "AC Monza",
        "away_en": "Udinese Calcio",
        "home_abbr": "UNK",
        "away_abbr": "UNK",
        "score": "2-3",
        "home_form": "",
        "away_form": "",
        "home_form_score": 0.5,
        "away_form_score": 0.5,
        "home_record": "",
        "away_record": "",
        "home_record_score": 0.5,
        "away_record_score": 0.5,
        "ml_home_close": null,
        "draw_ml": null,
        "home_ml_implied": null,
        "draw_implied": null,
        "home_true_prob": null,
        "draw_true_prob": null,
        "away_true_prob": null,
        "spread_home_line": "",
        "spread_home_close_odds": "",
        "spread_movement_score": 0.0,
        "total_over_close": "",
        "total_under_close": "",
        "odds_data_available": false
      },
      {
        "name": "佛罗伦萨 vs 弗罗西诺内",
        "status": "STATUS_FULL_TIME",
        "completed": true,
        "kickoff_utc": "2026-08-29T16:30:00Z",
        "time_to_kickoff_h": -692.4,
        "home": "佛罗伦萨",
        "away": "弗罗西诺内",
        "home_en": "ACF Fiorentina",
        "away_en": "Frosinone Calcio",
        "home_abbr": "UNK",
        "away_abbr": "UNK",
        "score": "0-3",
        "home_form": "",
        "away_form": "",
        "home_form_score": 0.5,
        "away_form_score": 0.5,
        "home_record": "",
        "away_record": "",
        "home_record_score": 0.5,
        "away_record_score": 0.5,
        "ml_home_close": null,
        "draw_ml": null,
        "home_ml_implied": null,
        "draw_implied": null,
        "home_true_prob": null,
        "draw_true_prob": null,
        "away_true_prob": null,
        "spread_home_line": "",
        "spread_home_close_odds": "",
        "spread_movement_score": 0.0,
        "total_over_close": "",
        "total_under_close": "",
        "odds_data_available": false
      },
      {
        "name": "尤文图斯 vs 帕尔马",
        "status": "STATUS_FULL_TIME",
        "completed": true,
        "kickoff_utc": "2026-08-29T18:45:00Z",
        "time_to_kickoff_h": -690.2,
        "home": "尤文图斯",
        "away": "帕尔马",
        "home_en": "Juventus FC",
        "away_en": "Parma Calcio 1913",
        "home_abbr": "UNK",
        "away_abbr": "UNK",
        "score": "2-0",
        "home_form": "",
        "away_form": "",
        "home_form_score": 0.5,
        "away_form_score": 0.5,
        "home_record": "",
        "away_record": "",
        "home_record_score": 0.5,
        "away_record_score": 0.5,
        "ml_home_close": null,
        "draw_ml": null,
        "home_ml_implied": null,
        "draw_implied": null,
        "home_true_prob": null,
        "draw_true_prob": null,
        "away_true_prob": null,
        "spread_home_line": "",
        "spread_home_close_odds": "",
        "spread_movement_score": 0.0,
        "total_over_close": "",
        "total_under_close": "",
        "odds_data_available": false
      },
      {
        "name": "那不勒斯 vs 科莫",
        "status": "STATUS_FULL_TIME",
        "completed": true,
        "kickoff_utc": "2026-08-30T16:30:00Z",
        "time_to_kickoff_h": -668.4,
        "home": "那不勒斯",
        "away": "科莫",
        "home_en": "SSC Napoli",
        "away_en": "Como 1907",
        "home_abbr": "UNK",
        "away_abbr": "UNK",
        "score": "1-2",
        "home_form": "",
        "away_form": "",
        "home_form_score": 0.5,
        "away_form_score": 0.5,
        "home_record": "",
        "away_record": "",
        "home_record_score": 0.5,
        "away_record_score": 0.5,
        "ml_home_close": null,
        "draw_ml": null,
        "home_ml_implied": null,
        "draw_implied": null,
        "home_true_prob": null,
        "draw_true_prob": null,
        "away_true_prob": null,
        "spread_home_line": "",
        "spread_home_close_odds": "",
        "spread_movement_score": 0.0,
        "total_over_close": "",
        "total_under_close": "",
        "odds_data_available": false
      },
      {
        "name": "拉齐奥 vs 热那亚",
        "status": "STATUS_FULL_TIME",
        "completed": true,
        "kickoff_utc": "2026-08-30T18:45:00Z",
        "time_to_kickoff_h": -666.2,
        "home": "拉齐奥",
        "away": "热那亚",
        "home_en": "SS Lazio",
        "away_en": "Genoa CFC",
        "home_abbr": "UNK",
        "away_abbr": "UNK",
        "score": "1-0",
        "home_form": "",
        "away_form": "",
        "home_form_score": 0.5,
        "away_form_score": 0.5,
        "home_record": "",
        "away_record": "",
        "home_record_score": 0.5,
        "away_record_score": 0.5,
        "ml_home_close": null,
        "draw_ml": null,
        "home_ml_implied": null,
        "draw_implied": null,
        "home_true_prob": null,
        "draw_true_prob": null,
        "away_true_prob": null,
        "spread_home_line": "",
        "spread_home_close_odds": "",
        "spread_movement_score": 0.0,
        "total_over_close": "",
        "total_under_close": "",
        "odds_data_available": false
      },
      {
        "name": "卡利亚里 vs 国际米兰",
        "status": "STATUS_FULL_TIME",
        "completed": true,
        "kickoff_utc": "2026-08-30T18:45:00Z",
        "time_to_kickoff_h": -666.2,
        "home": "卡利亚里",
        "away": "国际米兰",
        "home_en": "Cagliari Calcio",
        "away_en": "FC Internazionale Milano",
        "home_abbr": "UNK",
        "away_abbr": "UNK",
        "score": "0-1",
        "home_form": "",
        "away_form": "",
        "home_form_score": 0.5,
        "away_form_score": 0.5,
        "home_record": "",
        "away_record": "",
        "home_record_score": 0.5,
        "away_record_score": 0.5,
        "ml_home_close": null,
        "draw_ml": null,
        "home_ml_implied": null,
        "draw_implied": null,
        "home_true_prob": null,
        "draw_true_prob": null,
        "away_true_prob": null,
        "spread_home_line": "",
        "spread_home_close_odds": "",
        "spread_movement_score": 0.0,
        "total_over_close": "",
        "total_under_close": "",
        "odds_data_available": false
      },
      {
        "name": "莱切 vs 罗马",
        "status": "STATUS_FULL_TIME",
        "completed": true,
        "kickoff_utc": "2026-08-31T16:30:00Z",
        "time_to_kickoff_h": -644.4,
        "home": "莱切",
        "away": "罗马",
        "home_en": "US Lecce",
        "away_en": "AS Roma",
        "home_abbr": "UNK",
        "away_abbr": "UNK",
        "score": "0-4",
        "home_form": "",
        "away_form": "",
        "home_form_score": 0.5,
        "away_form_score": 0.5,
        "home_record": "",
        "away_record": "",
        "home_record_score": 0.5,
        "away_record_score": 0.5,
        "ml_home_close": null,
        "draw_ml": null,
        "home_ml_implied": null,
        "draw_implied": null,
        "home_true_prob": null,
        "draw_true_prob": null,
        "away_true_prob": null,
        "spread_home_line": "",
        "spread_home_close_odds": "",
        "spread_movement_score": 0.0,
        "total_over_close": "",
        "total_under_close": "",
        "odds_data_available": false
      },
      {
        "name": "亚特兰大 vs 博洛尼亚",
        "status": "STATUS_FULL_TIME",
        "completed": true,
        "kickoff_utc": "2026-08-31T18:45:00Z",
        "time_to_kickoff_h": -642.2,
        "home": "亚特兰大",
        "away": "博洛尼亚",
        "home_en": "Atalanta BC",
        "away_en": "Bologna FC 1909",
        "home_abbr": "UNK",
        "away_abbr": "UNK",
        "score": "1-0",
        "home_form": "",
        "away_form": "",
        "home_form_score": 0.5,
        "away_form_score": 0.5,
        "home_record": "",
        "away_record": "",
        "home_record_score": 0.5,
        "away_record_score": 0.5,
        "ml_home_close": null,
        "draw_ml": null,
        "home_ml_implied": null,
        "draw_implied": null,
        "home_true_prob": null,
        "draw_true_prob": null,
        "away_true_prob": null,
        "spread_home_line": "",
        "spread_home_close_odds": "",
        "spread_movement_score": 0.0,
        "total_over_close": "",
        "total_under_close": "",
        "odds_data_available": false
      },
      {
        "name": "热那亚 vs 科莫",
        "status": "STATUS_FULL_TIME",
        "completed": true,
        "kickoff_utc": "2026-09-04T18:45:00Z",
        "time_to_kickoff_h": -546.2,
        "home": "热那亚",
        "away": "科莫",
        "home_en": "Genoa CFC",
        "away_en": "Como 1907",
        "home_abbr": "UNK",
        "away_abbr": "UNK",
        "score": "1-4",
        "home_form": "L",
        "away_form": "W",
        "home_form_score": 0.0,
        "away_form_score": 1.0,
        "home_record": "0-0-1",
        "away_record": "1-0-0",
        "home_record_score": 0.0,
        "away_record_score": 1.0,
        "ml_home_close": null,
        "draw_ml": null,
        "home_ml_implied": null,
        "draw_implied": null,
        "home_true_prob": null,
        "draw_true_prob": null,
        "away_true_prob": null,
        "spread_home_line": "",
        "spread_home_close_odds": "",
        "spread_movement_score": 0.0,
        "total_over_close": "",
        "total_under_close": "",
        "odds_data_available": false
      },
      {
        "name": "佛罗伦萨 vs 都灵",
        "status": "STATUS_FULL_TIME",
        "completed": true,
        "kickoff_utc": "2026-09-05T13:00:00Z",
        "time_to_kickoff_h": -527.9,
        "home": "佛罗伦萨",
        "away": "都灵",
        "home_en": "ACF Fiorentina",
        "away_en": "Torino FC",
        "home_abbr": "UNK",
        "away_abbr": "UNK",
        "score": "1-2",
        "home_form": "L",
        "away_form": "L",
        "home_form_score": 0.0,
        "away_form_score": 0.0,
        "home_record": "0-0-1",
        "away_record": "0-0-1",
        "home_record_score": 0.0,
        "away_record_score": 0.0,
        "ml_home_close": null,
        "draw_ml": null,
        "home_ml_implied": null,
        "draw_implied": null,
        "home_true_prob": null,
        "draw_true_prob": null,
        "away_true_prob": null,
        "spread_home_line": "",
        "spread_home_close_odds": "",
        "spread_movement_score": 0.0,
        "total_over_close": "",
        "total_under_close": "",
        "odds_data_available": false
      },
      {
        "name": "国际米兰 vs 那不勒斯",
        "status": "STATUS_FULL_TIME",
        "completed": true,
        "kickoff_utc": "2026-09-05T16:00:00Z",
        "time_to_kickoff_h": -524.9,
        "home": "国际米兰",
        "away": "那不勒斯",
        "home_en": "FC Internazionale Milano",
        "away_en": "SSC Napoli",
        "home_abbr": "UNK",
        "away_abbr": "UNK",
        "score": "3-2",
        "home_form": "W",
        "away_form": "L",
        "home_form_score": 1.0,
        "away_form_score": 0.0,
        "home_record": "1-0-0",
        "away_record": "0-0-1",
        "home_record_score": 1.0,
        "away_record_score": 0.0,
        "ml_home_close": null,
        "draw_ml": null,
        "home_ml_implied": null,
        "draw_implied": null,
        "home_true_prob": null,
        "draw_true_prob": null,
        "away_true_prob": null,
        "spread_home_line": "",
        "spread_home_close_odds": "",
        "spread_movement_score": 0.0,
        "total_over_close": "",
        "total_under_close": "",
        "odds_data_available": false
      },
      {
        "name": "罗马 vs 亚特兰大",
        "status": "STATUS_FULL_TIME",
        "completed": true,
        "kickoff_utc": "2026-09-05T18:45:00Z",
        "time_to_kickoff_h": -522.2,
        "home": "罗马",
        "away": "亚特兰大",
        "home_en": "AS Roma",
        "away_en": "Atalanta BC",
        "home_abbr": "UNK",
        "away_abbr": "UNK",
        "score": "2-1",
        "home_form": "W",
        "away_form": "W",
        "home_form_score": 1.0,
        "away_form_score": 1.0,
        "home_record": "1-0-0",
        "away_record": "1-0-0",
        "home_record_score": 1.0,
        "away_record_score": 1.0,
        "ml_home_close": null,
        "draw_ml": null,
        "home_ml_implied": null,
        "draw_implied": null,
        "home_true_prob": null,
        "draw_true_prob": null,
        "away_true_prob": null,
        "spread_home_line": "",
        "spread_home_close_odds": "",
        "spread_movement_score": 0.0,
        "total_over_close": "",
        "total_under_close": "",
        "odds_data_available": false
      },
      {
        "name": "帕尔马 vs 蒙扎",
        "status": "STATUS_FULL_TIME",
        "completed": true,
        "kickoff_utc": "2026-09-06T13:00:00Z",
        "time_to_kickoff_h": -503.9,
        "home": "帕尔马",
        "away": "蒙扎",
        "home_en": "Parma Calcio 1913",
        "away_en": "AC Monza",
        "home_abbr": "UNK",
        "away_abbr": "UNK",
        "score": "1-1",
        "home_form": "L",
        "away_form": "L",
        "home_form_score": 0.0,
        "away_form_score": 0.0,
        "home_record": "0-0-1",
        "away_record": "0-0-1",
        "home_record_score": 0.0,
        "away_record_score": 0.0,
        "ml_home_close": null,
        "draw_ml": null,
        "home_ml_implied": null,
        "draw_implied": null,
        "home_true_prob": null,
        "draw_true_prob": null,
        "away_true_prob": null,
        "spread_home_line": "",
        "spread_home_close_odds": "",
        "spread_movement_score": 0.0,
        "total_over_close": "",
        "total_under_close": "",
        "odds_data_available": false
      },
      {
        "name": "弗罗西诺内 vs 威尼斯",
        "status": "STATUS_FULL_TIME",
        "completed": true,
        "kickoff_utc": "2026-09-06T13:00:00Z",
        "time_to_kickoff_h": -503.9,
        "home": "弗罗西诺内",
        "away": "威尼斯",
        "home_en": "Frosinone Calcio",
        "away_en": "Venezia FC",
        "home_abbr": "UNK",
        "away_abbr": "UNK",
        "score": "3-2",
        "home_form": "W",
        "away_form": "L",
        "home_form_score": 1.0,
        "away_form_score": 0.0,
        "home_record": "1-0-0",
        "away_record": "0-0-1",
        "home_record_score": 1.0,
        "away_record_score": 0.0,
        "ml_home_close": null,
        "draw_ml": null,
        "home_ml_implied": null,
        "draw_implied": null,
        "home_true_prob": null,
        "draw_true_prob": null,
        "away_true_prob": null,
        "spread_home_line": "",
        "spread_home_close_odds": "",
        "spread_movement_score": 0.0,
        "total_over_close": "",
        "total_under_close": "",
        "odds_data_available": false
      },
      {
        "name": "博洛尼亚 vs 萨索洛",
        "status": "STATUS_FULL_TIME",
        "completed": true,
        "kickoff_utc": "2026-09-06T16:00:00Z",
        "time_to_kickoff_h": -500.9,
        "home": "博洛尼亚",
        "away": "萨索洛",
        "home_en": "Bologna FC 1909",
        "away_en": "US Sassuolo Calcio",
        "home_abbr": "UNK",
        "away_abbr": "UNK",
        "score": "2-2",
        "home_form": "L",
        "away_form": "W",
        "home_form_score": 0.0,
        "away_form_score": 1.0,
        "home_record": "0-0-1",
        "away_record": "1-0-0",
        "home_record_score": 0.0,
        "away_record_score": 1.0,
        "ml_home_close": null,
        "draw_ml": null,
        "home_ml_implied": null,
        "draw_implied": null,
        "home_true_prob": null,
        "draw_true_prob": null,
        "away_true_prob": null,
        "spread_home_line": "",
        "spread_home_close_odds": "",
        "spread_movement_score": 0.0,
        "total_over_close": "",
        "total_under_close": "",
        "odds_data_available": false
      },
      {
        "name": "尤文图斯 vs AC米兰",
        "status": "STATUS_FULL_TIME",
        "completed": true,
        "kickoff_utc": "2026-09-06T18:45:00Z",
        "time_to_kickoff_h": -498.2,
        "home": "尤文图斯",
        "away": "AC米兰",
        "home_en": "Juventus FC",
        "away_en": "AC Milan",
        "home_abbr": "UNK",
        "away_abbr": "UNK",
        "score": "1-1",
        "home_form": "W",
        "away_form": "W",
        "home_form_score": 1.0,
        "away_form_score": 1.0,
        "home_record": "1-0-0",
        "away_record": "1-0-0",
        "home_record_score": 1.0,
        "away_record_score": 1.0,
        "ml_home_close": null,
        "draw_ml": null,
        "home_ml_implied": null,
        "draw_implied": null,
        "home_true_prob": null,
        "draw_true_prob": null,
        "away_true_prob": null,
        "spread_home_line": "",
        "spread_home_close_odds": "",
        "spread_movement_score": 0.0,
        "total_over_close": "",
        "total_under_close": "",
        "odds_data_available": false
      },
      {
        "name": "卡利亚里 vs 莱切",
        "status": "STATUS_FULL_TIME",
        "completed": true,
        "kickoff_utc": "2026-09-07T16:30:00Z",
        "time_to_kickoff_h": -476.4,
        "home": "卡利亚里",
        "away": "莱切",
        "home_en": "Cagliari Calcio",
        "away_en": "US Lecce",
        "home_abbr": "UNK",
        "away_abbr": "UNK",
        "score": "1-0",
        "home_form": "L",
        "away_form": "L",
        "home_form_score": 0.0,
        "away_form_score": 0.0,
        "home_record": "0-0-1",
        "away_record": "0-0-1",
        "home_record_score": 0.0,
        "away_record_score": 0.0,
        "ml_home_close": null,
        "draw_ml": null,
        "home_ml_implied": null,
        "draw_implied": null,
        "home_true_prob": null,
        "draw_true_prob": null,
        "away_true_prob": null,
        "spread_home_line": "",
        "spread_home_close_odds": "",
        "spread_movement_score": 0.0,
        "total_over_close": "",
        "total_under_close": "",
        "odds_data_available": false
      },
      {
        "name": "乌迪内斯 vs 拉齐奥",
        "status": "STATUS_FULL_TIME",
        "completed": true,
        "kickoff_utc": "2026-09-07T18:45:00Z",
        "time_to_kickoff_h": -474.2,
        "home": "乌迪内斯",
        "away": "拉齐奥",
        "home_en": "Udinese Calcio",
        "away_en": "SS Lazio",
        "home_abbr": "UNK",
        "away_abbr": "UNK",
        "score": "1-2",
        "home_form": "W",
        "away_form": "W",
        "home_form_score": 1.0,
        "away_form_score": 1.0,
        "home_record": "1-0-0",
        "away_record": "1-0-0",
        "home_record_score": 1.0,
        "away_record_score": 1.0,
        "ml_home_close": null,
        "draw_ml": null,
        "home_ml_implied": null,
        "draw_implied": null,
        "home_true_prob": null,
        "draw_true_prob": null,
        "away_true_prob": null,
        "spread_home_line": "",
        "spread_home_close_odds": "",
        "spread_movement_score": 0.0,
        "total_over_close": "",
        "total_under_close": "",
        "odds_data_available": false
      },
      {
        "name": "威尼斯 vs 佛罗伦萨",
        "status": "STATUS_FULL_TIME",
        "completed": true,
        "kickoff_utc": "2026-09-11T18:45:00Z",
        "time_to_kickoff_h": -378.2,
        "home": "威尼斯",
        "away": "佛罗伦萨",
        "home_en": "Venezia FC",
        "away_en": "ACF Fiorentina",
        "home_abbr": "UNK",
        "away_abbr": "UNK",
        "score": "2-4",
        "home_form": "LL",
        "away_form": "LL",
        "home_form_score": 0.0,
        "away_form_score": 0.0,
        "home_record": "0-0-2",
        "away_record": "0-0-2",
        "home_record_score": 0.0,
        "away_record_score": 0.0,
        "ml_home_close": null,
        "draw_ml": null,
        "home_ml_implied": null,
        "draw_implied": null,
        "home_true_prob": null,
        "draw_true_prob": null,
        "away_true_prob": null,
        "spread_home_line": "",
        "spread_home_close_odds": "",
        "spread_movement_score": 0.0,
        "total_over_close": "",
        "total_under_close": "",
        "odds_data_available": false
      },
      {
        "name": "热那亚 vs 弗罗西诺内",
        "status": "STATUS_FULL_TIME",
        "completed": true,
        "kickoff_utc": "2026-09-12T13:00:00Z",
        "time_to_kickoff_h": -359.9,
        "home": "热那亚",
        "away": "弗罗西诺内",
        "home_en": "Genoa CFC",
        "away_en": "Frosinone Calcio",
        "home_abbr": "UNK",
        "away_abbr": "UNK",
        "score": "1-1",
        "home_form": "LL",
        "away_form": "WW",
        "home_form_score": 0.0,
        "away_form_score": 1.0,
        "home_record": "0-0-2",
        "away_record": "2-0-0",
        "home_record_score": 0.0,
        "away_record_score": 1.0,
        "ml_home_close": null,
        "draw_ml": null,
        "home_ml_implied": null,
        "draw_implied": null,
        "home_true_prob": null,
        "draw_true_prob": null,
        "away_true_prob": null,
        "spread_home_line": "",
        "spread_home_close_odds": "",
        "spread_movement_score": 0.0,
        "total_over_close": "",
        "total_under_close": "",
        "odds_data_available": false
      },
      {
        "name": "拉齐奥 vs AC米兰",
        "status": "STATUS_FULL_TIME",
        "completed": true,
        "kickoff_utc": "2026-09-12T16:00:00Z",
        "time_to_kickoff_h": -356.9,
        "home": "拉齐奥",
        "away": "AC米兰",
        "home_en": "SS Lazio",
        "away_en": "AC Milan",
        "home_abbr": "UNK",
        "away_abbr": "UNK",
        "score": "2-2",
        "home_form": "WW",
        "away_form": "WD",
        "home_form_score": 1.0,
        "away_form_score": 0.75,
        "home_record": "2-0-0",
        "away_record": "1-1-0",
        "home_record_score": 1.0,
        "away_record_score": 0.5,
        "ml_home_close": null,
        "draw_ml": null,
        "home_ml_implied": null,
        "draw_implied": null,
        "home_true_prob": null,
        "draw_true_prob": null,
        "away_true_prob": null,
        "spread_home_line": "",
        "spread_home_close_odds": "",
        "spread_movement_score": 0.0,
        "total_over_close": "",
        "total_under_close": "",
        "odds_data_available": false
      },
      {
        "name": "亚特兰大 vs 卡利亚里",
        "status": "STATUS_FULL_TIME",
        "completed": true,
        "kickoff_utc": "2026-09-12T18:45:00Z",
        "time_to_kickoff_h": -354.2,
        "home": "亚特兰大",
        "away": "卡利亚里",
        "home_en": "Atalanta BC",
        "away_en": "Cagliari Calcio",
        "home_abbr": "UNK",
        "away_abbr": "UNK",
        "score": "1-2",
        "home_form": "WL",
        "away_form": "LW",
        "home_form_score": 0.5,
        "away_form_score": 0.5,
        "home_record": "1-0-1",
        "away_record": "1-0-1",
        "home_record_score": 0.5,
        "away_record_score": 0.5,
        "ml_home_close": null,
        "draw_ml": null,
        "home_ml_implied": null,
        "draw_implied": null,
        "home_true_prob": null,
        "draw_true_prob": null,
        "away_true_prob": null,
        "spread_home_line": "",
        "spread_home_close_odds": "",
        "spread_movement_score": 0.0,
        "total_over_close": "",
        "total_under_close": "",
        "odds_data_available": false
      },
      {
        "name": "莱切 vs 蒙扎",
        "status": "STATUS_FULL_TIME",
        "completed": true,
        "kickoff_utc": "2026-09-13T13:00:00Z",
        "time_to_kickoff_h": -335.9,
        "home": "莱切",
        "away": "蒙扎",
        "home_en": "US Lecce",
        "away_en": "AC Monza",
        "home_abbr": "UNK",
        "away_abbr": "UNK",
        "score": "3-2",
        "home_form": "LL",
        "away_form": "LD",
        "home_form_score": 0.0,
        "away_form_score": 0.25,
        "home_record": "0-0-2",
        "away_record": "0-1-1",
        "home_record_score": 0.0,
        "away_record_score": 0.0,
        "ml_home_close": null,
        "draw_ml": null,
        "home_ml_implied": null,
        "draw_implied": null,
        "home_true_prob": null,
        "draw_true_prob": null,
        "away_true_prob": null,
        "spread_home_line": "",
        "spread_home_close_odds": "",
        "spread_movement_score": 0.0,
        "total_over_close": "",
        "total_under_close": "",
        "odds_data_available": false
      },
      {
        "name": "那不勒斯 vs 博洛尼亚",
        "status": "STATUS_FULL_TIME",
        "completed": true,
        "kickoff_utc": "2026-09-13T16:00:00Z",
        "time_to_kickoff_h": -332.9,
        "home": "那不勒斯",
        "away": "博洛尼亚",
        "home_en": "SSC Napoli",
        "away_en": "Bologna FC 1909",
        "home_abbr": "UNK",
        "away_abbr": "UNK",
        "score": "1-0",
        "home_form": "LL",
        "away_form": "LD",
        "home_form_score": 0.0,
        "away_form_score": 0.25,
        "home_record": "0-0-2",
        "away_record": "0-1-1",
        "home_record_score": 0.0,
        "away_record_score": 0.0,
        "ml_home_close": null,
        "draw_ml": null,
        "home_ml_implied": null,
        "draw_implied": null,
        "home_true_prob": null,
        "draw_true_prob": null,
        "away_true_prob": null,
        "spread_home_line": "",
        "spread_home_close_odds": "",
        "spread_movement_score": 0.0,
        "total_over_close": "",
        "total_under_close": "",
        "odds_data_available": false
      },
      {
        "name": "萨索洛 vs 尤文图斯",
        "status": "STATUS_FULL_TIME",
        "completed": true,
        "kickoff_utc": "2026-09-13T18:45:00Z",
        "time_to_kickoff_h": -330.2,
        "home": "萨索洛",
        "away": "尤文图斯",
        "home_en": "US Sassuolo Calcio",
        "away_en": "Juventus FC",
        "home_abbr": "UNK",
        "away_abbr": "UNK",
        "score": "3-2",
        "home_form": "WD",
        "away_form": "WD",
        "home_form_score": 0.75,
        "away_form_score": 0.75,
        "home_record": "1-1-0",
        "away_record": "1-1-0",
        "home_record_score": 0.5,
        "away_record_score": 0.5,
        "ml_home_close": null,
        "draw_ml": null,
        "home_ml_implied": null,
        "draw_implied": null,
        "home_true_prob": null,
        "draw_true_prob": null,
        "away_true_prob": null,
        "spread_home_line": "",
        "spread_home_close_odds": "",
        "spread_movement_score": 0.0,
        "total_over_close": "",
        "total_under_close": "",
        "odds_data_available": false
      },
      {
        "name": "科莫 vs 帕尔马",
        "status": "STATUS_FULL_TIME",
        "completed": true,
        "kickoff_utc": "2026-09-14T16:30:00Z",
        "time_to_kickoff_h": -308.4,
        "home": "科莫",
        "away": "帕尔马",
        "home_en": "Como 1907",
        "away_en": "Parma Calcio 1913",
        "home_abbr": "UNK",
        "away_abbr": "UNK",
        "score": "2-1",
        "home_form": "WW",
        "away_form": "LD",
        "home_form_score": 1.0,
        "away_form_score": 0.25,
        "home_record": "2-0-0",
        "away_record": "0-1-1",
        "home_record_score": 1.0,
        "away_record_score": 0.0,
        "ml_home_close": null,
        "draw_ml": null,
        "home_ml_implied": null,
        "draw_implied": null,
        "home_true_prob": null,
        "draw_true_prob": null,
        "away_true_prob": null,
        "spread_home_line": "",
        "spread_home_close_odds": "",
        "spread_movement_score": 0.0,
        "total_over_close": "",
        "total_under_close": "",
        "odds_data_available": false
      },
      {
        "name": "都灵 vs 罗马",
        "status": "STATUS_FULL_TIME",
        "completed": true,
        "kickoff_utc": "2026-09-14T16:30:00Z",
        "time_to_kickoff_h": -308.4,
        "home": "都灵",
        "away": "罗马",
        "home_en": "Torino FC",
        "away_en": "AS Roma",
        "home_abbr": "UNK",
        "away_abbr": "UNK",
        "score": "0-2",
        "home_form": "LW",
        "away_form": "WW",
        "home_form_score": 0.5,
        "away_form_score": 1.0,
        "home_record": "1-0-1",
        "away_record": "2-0-0",
        "home_record_score": 0.5,
        "away_record_score": 1.0,
        "ml_home_close": null,
        "draw_ml": null,
        "home_ml_implied": null,
        "draw_implied": null,
        "home_true_prob": null,
        "draw_true_prob": null,
        "away_true_prob": null,
        "spread_home_line": "",
        "spread_home_close_odds": "",
        "spread_movement_score": 0.0,
        "total_over_close": "",
        "total_under_close": "",
        "odds_data_available": false
      },
      {
        "name": "国际米兰 vs 乌迪内斯",
        "status": "STATUS_FULL_TIME",
        "completed": true,
        "kickoff_utc": "2026-09-14T18:45:00Z",
        "time_to_kickoff_h": -306.2,
        "home": "国际米兰",
        "away": "乌迪内斯",
        "home_en": "FC Internazionale Milano",
        "away_en": "Udinese Calcio",
        "home_abbr": "UNK",
        "away_abbr": "UNK",
        "score": "5-3",
        "home_form": "WW",
        "away_form": "WL",
        "home_form_score": 1.0,
        "away_form_score": 0.5,
        "home_record": "2-0-0",
        "away_record": "1-0-1",
        "home_record_score": 1.0,
        "away_record_score": 0.5,
        "ml_home_close": null,
        "draw_ml": null,
        "home_ml_implied": null,
        "draw_implied": null,
        "home_true_prob": null,
        "draw_true_prob": null,
        "away_true_prob": null,
        "spread_home_line": "",
        "spread_home_close_odds": "",
        "spread_movement_score": 0.0,
        "total_over_close": "",
        "total_under_close": "",
        "odds_data_available": false
      },
      {
        "name": "蒙扎 vs 萨索洛",
        "status": "STATUS_FULL_TIME",
        "completed": true,
        "kickoff_utc": "2026-09-18T18:45:00Z",
        "time_to_kickoff_h": -210.2,
        "home": "蒙扎",
        "away": "萨索洛",
        "home_en": "AC Monza",
        "away_en": "US Sassuolo Calcio",
        "home_abbr": "UNK",
        "away_abbr": "UNK",
        "score": "2-1",
        "home_form": "LDL",
        "away_form": "WDW",
        "home_form_score": 0.167,
        "away_form_score": 0.833,
        "home_record": "0-1-2",
        "away_record": "2-1-0",
        "home_record_score": 0.0,
        "away_record_score": 0.667,
        "ml_home_close": null,
        "draw_ml": null,
        "home_ml_implied": null,
        "draw_implied": null,
        "home_true_prob": null,
        "draw_true_prob": null,
        "away_true_prob": null,
        "spread_home_line": "",
        "spread_home_close_odds": "",
        "spread_movement_score": 0.0,
        "total_over_close": "",
        "total_under_close": "",
        "odds_data_available": false
      },
      {
        "name": "博洛尼亚 vs 都灵",
        "status": "STATUS_FULL_TIME",
        "completed": true,
        "kickoff_utc": "2026-09-19T13:00:00Z",
        "time_to_kickoff_h": -191.9,
        "home": "博洛尼亚",
        "away": "都灵",
        "home_en": "Bologna FC 1909",
        "away_en": "Torino FC",
        "home_abbr": "UNK",
        "away_abbr": "UNK",
        "score": "1-1",
        "home_form": "LDL",
        "away_form": "LWL",
        "home_form_score": 0.167,
        "away_form_score": 0.333,
        "home_record": "0-1-2",
        "away_record": "1-0-2",
        "home_record_score": 0.0,
        "away_record_score": 0.333,
        "ml_home_close": null,
        "draw_ml": null,
        "home_ml_implied": null,
        "draw_implied": null,
        "home_true_prob": null,
        "draw_true_prob": null,
        "away_true_prob": null,
        "spread_home_line": "",
        "spread_home_close_odds": "",
        "spread_movement_score": 0.0,
        "total_over_close": "",
        "total_under_close": "",
        "odds_data_available": false
      },
      {
        "name": "乌迪内斯 vs 卡利亚里",
        "status": "STATUS_FULL_TIME",
        "completed": true,
        "kickoff_utc": "2026-09-19T13:00:00Z",
        "time_to_kickoff_h": -191.9,
        "home": "乌迪内斯",
        "away": "卡利亚里",
        "home_en": "Udinese Calcio",
        "away_en": "Cagliari Calcio",
        "home_abbr": "UNK",
        "away_abbr": "UNK",
        "score": "0-1",
        "home_form": "WLL",
        "away_form": "LWW",
        "home_form_score": 0.333,
        "away_form_score": 0.667,
        "home_record": "1-0-2",
        "away_record": "2-0-1",
        "home_record_score": 0.333,
        "away_record_score": 0.667,
        "ml_home_close": null,
        "draw_ml": null,
        "home_ml_implied": null,
        "draw_implied": null,
        "home_true_prob": null,
        "draw_true_prob": null,
        "away_true_prob": null,
        "spread_home_line": "",
        "spread_home_close_odds": "",
        "spread_movement_score": 0.0,
        "total_over_close": "",
        "total_under_close": "",
        "odds_data_available": false
      },
      {
        "name": "罗马 vs 国际米兰",
        "status": "STATUS_FULL_TIME",
        "completed": true,
        "kickoff_utc": "2026-09-19T16:00:00Z",
        "time_to_kickoff_h": -188.9,
        "home": "罗马",
        "away": "国际米兰",
        "home_en": "AS Roma",
        "away_en": "FC Internazionale Milano",
        "home_abbr": "UNK",
        "away_abbr": "UNK",
        "score": "2-2",
        "home_form": "WWW",
        "away_form": "WWW",
        "home_form_score": 1.0,
        "away_form_score": 1.0,
        "home_record": "3-0-0",
        "away_record": "3-0-0",
        "home_record_score": 1.0,
        "away_record_score": 1.0,
        "ml_home_close": null,
        "draw_ml": null,
        "home_ml_implied": null,
        "draw_implied": null,
        "home_true_prob": null,
        "draw_true_prob": null,
        "away_true_prob": null,
        "spread_home_line": "",
        "spread_home_close_odds": "",
        "spread_movement_score": 0.0,
        "total_over_close": "",
        "total_under_close": "",
        "odds_data_available": false
      },
      {
        "name": "威尼斯 vs 拉齐奥",
        "status": "STATUS_FULL_TIME",
        "completed": true,
        "kickoff_utc": "2026-09-19T18:45:00Z",
        "time_to_kickoff_h": -186.2,
        "home": "威尼斯",
        "away": "拉齐奥",
        "home_en": "Venezia FC",
        "away_en": "SS Lazio",
        "home_abbr": "UNK",
        "away_abbr": "UNK",
        "score": "0-2",
        "home_form": "LLL",
        "away_form": "WWD",
        "home_form_score": 0.0,
        "away_form_score": 0.833,
        "home_record": "0-0-3",
        "away_record": "2-1-0",
        "home_record_score": 0.0,
        "away_record_score": 0.667,
        "ml_home_close": null,
        "draw_ml": null,
        "home_ml_implied": null,
        "draw_implied": null,
        "home_true_prob": null,
        "draw_true_prob": null,
        "away_true_prob": null,
        "spread_home_line": "",
        "spread_home_close_odds": "",
        "spread_movement_score": 0.0,
        "total_over_close": "",
        "total_under_close": "",
        "odds_data_available": false
      },
      {
        "name": "佛罗伦萨 vs 那不勒斯",
        "status": "STATUS_FULL_TIME",
        "completed": true,
        "kickoff_utc": "2026-09-20T10:30:00Z",
        "time_to_kickoff_h": -170.4,
        "home": "佛罗伦萨",
        "away": "那不勒斯",
        "home_en": "ACF Fiorentina",
        "away_en": "SSC Napoli",
        "home_abbr": "UNK",
        "away_abbr": "UNK",
        "score": "1-1",
        "home_form": "LLW",
        "away_form": "LLW",
        "home_form_score": 0.333,
        "away_form_score": 0.333,
        "home_record": "1-0-2",
        "away_record": "1-0-2",
        "home_record_score": 0.333,
        "away_record_score": 0.333,
        "ml_home_close": null,
        "draw_ml": null,
        "home_ml_implied": null,
        "draw_implied": null,
        "home_true_prob": null,
        "draw_true_prob": null,
        "away_true_prob": null,
        "spread_home_line": "",
        "spread_home_close_odds": "",
        "spread_movement_score": 0.0,
        "total_over_close": "",
        "total_under_close": "",
        "odds_data_available": false
      },
      {
        "name": "弗罗西诺内 vs 科莫",
        "status": "STATUS_FULL_TIME",
        "completed": true,
        "kickoff_utc": "2026-09-20T13:00:00Z",
        "time_to_kickoff_h": -167.9,
        "home": "弗罗西诺内",
        "away": "科莫",
        "home_en": "Frosinone Calcio",
        "away_en": "Como 1907",
        "home_abbr": "UNK",
        "away_abbr": "UNK",
        "score": "2-0",
        "home_form": "WWD",
        "away_form": "WWW",
        "home_form_score": 0.833,
        "away_form_score": 1.0,
        "home_record": "2-1-0",
        "away_record": "3-0-0",
        "home_record_score": 0.667,
        "away_record_score": 1.0,
        "ml_home_close": null,
        "draw_ml": null,
        "home_ml_implied": null,
        "draw_implied": null,
        "home_true_prob": null,
        "draw_true_prob": null,
        "away_true_prob": null,
        "spread_home_line": "",
        "spread_home_close_odds": "",
        "spread_movement_score": 0.0,
        "total_over_close": "",
        "total_under_close": "",
        "odds_data_available": false
      },
      {
        "name": "帕尔马 vs 热那亚",
        "status": "STATUS_FULL_TIME",
        "completed": true,
        "kickoff_utc": "2026-09-20T13:00:00Z",
        "time_to_kickoff_h": -167.9,
        "home": "帕尔马",
        "away": "热那亚",
        "home_en": "Parma Calcio 1913",
        "away_en": "Genoa CFC",
        "home_abbr": "UNK",
        "away_abbr": "UNK",
        "score": "2-1",
        "home_form": "LDL",
        "away_form": "LLD",
        "home_form_score": 0.167,
        "away_form_score": 0.167,
        "home_record": "0-1-2",
        "away_record": "0-1-2",
        "home_record_score": 0.0,
        "away_record_score": 0.0,
        "ml_home_close": null,
        "draw_ml": null,
        "home_ml_implied": null,
        "draw_implied": null,
        "home_true_prob": null,
        "draw_true_prob": null,
        "away_true_prob": null,
        "spread_home_line": "",
        "spread_home_close_odds": "",
        "spread_movement_score": 0.0,
        "total_over_close": "",
        "total_under_close": "",
        "odds_data_available": false
      },
      {
        "name": "尤文图斯 vs 亚特兰大",
        "status": "STATUS_FULL_TIME",
        "completed": true,
        "kickoff_utc": "2026-09-20T16:00:00Z",
        "time_to_kickoff_h": -164.9,
        "home": "尤文图斯",
        "away": "亚特兰大",
        "home_en": "Juventus FC",
        "away_en": "Atalanta BC",
        "home_abbr": "UNK",
        "away_abbr": "UNK",
        "score": "2-0",
        "home_form": "WDL",
        "away_form": "WLL",
        "home_form_score": 0.5,
        "away_form_score": 0.333,
        "home_record": "1-1-1",
        "away_record": "1-0-2",
        "home_record_score": 0.333,
        "away_record_score": 0.333,
        "ml_home_close": null,
        "draw_ml": null,
        "home_ml_implied": null,
        "draw_implied": null,
        "home_true_prob": null,
        "draw_true_prob": null,
        "away_true_prob": null,
        "spread_home_line": "",
        "spread_home_close_odds": "",
        "spread_movement_score": 0.0,
        "total_over_close": "",
        "total_under_close": "",
        "odds_data_available": false
      },
      {
        "name": "AC米兰 vs 莱切",
        "status": "STATUS_FULL_TIME",
        "completed": true,
        "kickoff_utc": "2026-09-20T18:45:00Z",
        "time_to_kickoff_h": -162.2,
        "home": "AC米兰",
        "away": "莱切",
        "home_en": "AC Milan",
        "away_en": "US Lecce",
        "home_abbr": "UNK",
        "away_abbr": "UNK",
        "score": "3-0",
        "home_form": "WDD",
        "away_form": "LLW",
        "home_form_score": 0.667,
        "away_form_score": 0.333,
        "home_record": "1-2-0",
        "away_record": "1-0-2",
        "home_record_score": 0.333,
        "away_record_score": 0.333,
        "ml_home_close": null,
        "draw_ml": null,
        "home_ml_implied": null,
        "draw_implied": null,
        "home_true_prob": null,
        "draw_true_prob": null,
        "away_true_prob": null,
        "spread_home_line": "",
        "spread_home_close_odds": "",
        "spread_movement_score": 0.0,
        "total_over_close": "",
        "total_under_close": "",
        "odds_data_available": false
      }
    ],
    "predictions": []
  },
  {
    "generated_at": "2026-09-27T20:56:44.731465+08:00",
    "data_window": "20260828-20260928",
    "status": "no_future_matches",
    "league": "ligue1",
    "tournament_type": "league",
    "message": "No matches to predict in window (20260828-20260928)",
    "calibration": {
      "total_matches": 36,
      "home_wins": 16,
      "draws": 9,
      "away_wins": 11,
      "home_win_rate": 0.444,
      "draw_rate": 0.25,
      "away_win_rate": 0.306,
      "favored_by_odds": 0,
      "favored_won": 0,
      "odds_accuracy": 0
    },
    "past_matches": [
      {
        "name": "里尔 vs 巴黎圣日耳曼",
        "status": "STATUS_FULL_TIME",
        "completed": true,
        "kickoff_utc": "2026-08-28T18:45:00Z",
        "time_to_kickoff_h": -714.2,
        "home": "里尔",
        "away": "巴黎圣日耳曼",
        "home_en": "Lille OSC",
        "away_en": "Paris Saint-Germain FC",
        "home_abbr": "UNK",
        "away_abbr": "UNK",
        "score": "2-2",
        "home_form": "",
        "away_form": "",
        "home_form_score": 0.5,
        "away_form_score": 0.5,
        "home_record": "",
        "away_record": "",
        "home_record_score": 0.5,
        "away_record_score": 0.5,
        "ml_home_close": null,
        "draw_ml": null,
        "home_ml_implied": null,
        "draw_implied": null,
        "home_true_prob": null,
        "draw_true_prob": null,
        "away_true_prob": null,
        "spread_home_line": "",
        "spread_home_close_odds": "",
        "spread_movement_score": 0.0,
        "total_over_close": "",
        "total_under_close": "",
        "odds_data_available": false
      },
      {
        "name": "斯特拉斯堡 vs 朗斯",
        "status": "STATUS_FULL_TIME",
        "completed": true,
        "kickoff_utc": "2026-08-29T15:15:00Z",
        "time_to_kickoff_h": -693.7,
        "home": "斯特拉斯堡",
        "away": "朗斯",
        "home_en": "RC Strasbourg Alsace",
        "away_en": "Racing Club de Lens",
        "home_abbr": "UNK",
        "away_abbr": "UNK",
        "score": "2-1",
        "home_form": "",
        "away_form": "",
        "home_form_score": 0.5,
        "away_form_score": 0.5,
        "home_record": "",
        "away_record": "",
        "home_record_score": 0.5,
        "away_record_score": 0.5,
        "ml_home_close": null,
        "draw_ml": null,
        "home_ml_implied": null,
        "draw_implied": null,
        "home_true_prob": null,
        "draw_true_prob": null,
        "away_true_prob": null,
        "spread_home_line": "",
        "spread_home_close_odds": "",
        "spread_movement_score": 0.0,
        "total_over_close": "",
        "total_under_close": "",
        "odds_data_available": false
      },
      {
        "name": "洛里昂 vs 特鲁瓦",
        "status": "STATUS_FULL_TIME",
        "completed": true,
        "kickoff_utc": "2026-08-29T18:45:00Z",
        "time_to_kickoff_h": -690.2,
        "home": "洛里昂",
        "away": "特鲁瓦",
        "home_en": "FC Lorient",
        "away_en": "ES Troyes AC",
        "home_abbr": "UNK",
        "away_abbr": "UNK",
        "score": "1-2",
        "home_form": "",
        "away_form": "",
        "home_form_score": 0.5,
        "away_form_score": 0.5,
        "home_record": "",
        "away_record": "",
        "home_record_score": 0.5,
        "away_record_score": 0.5,
        "ml_home_close": null,
        "draw_ml": null,
        "home_ml_implied": null,
        "draw_implied": null,
        "home_true_prob": null,
        "draw_true_prob": null,
        "away_true_prob": null,
        "spread_home_line": "",
        "spread_home_close_odds": "",
        "spread_movement_score": 0.0,
        "total_over_close": "",
        "total_under_close": "",
        "odds_data_available": false
      },
      {
        "name": "里昂 vs 勒阿弗尔",
        "status": "STATUS_FULL_TIME",
        "completed": true,
        "kickoff_utc": "2026-08-29T18:45:00Z",
        "time_to_kickoff_h": -690.2,
        "home": "里昂",
        "away": "勒阿弗尔",
        "home_en": "Olympique Lyonnais",
        "away_en": "Le Havre AC",
        "home_abbr": "UNK",
        "away_abbr": "UNK",
        "score": "1-1",
        "home_form": "",
        "away_form": "",
        "home_form_score": 0.5,
        "away_form_score": 0.5,
        "home_record": "",
        "away_record": "",
        "home_record_score": 0.5,
        "away_record_score": 0.5,
        "ml_home_close": null,
        "draw_ml": null,
        "home_ml_implied": null,
        "draw_implied": null,
        "home_true_prob": null,
        "draw_true_prob": null,
        "away_true_prob": null,
        "spread_home_line": "",
        "spread_home_close_odds": "",
        "spread_movement_score": 0.0,
        "total_over_close": "",
        "total_under_close": "",
        "odds_data_available": false
      },
      {
        "name": "欧塞尔 vs 昂热",
        "status": "STATUS_FULL_TIME",
        "completed": true,
        "kickoff_utc": "2026-08-29T18:45:00Z",
        "time_to_kickoff_h": -690.2,
        "home": "欧塞尔",
        "away": "昂热",
        "home_en": "AJ Auxerre",
        "away_en": "Angers SCO",
        "home_abbr": "UNK",
        "away_abbr": "UNK",
        "score": "1-3",
        "home_form": "",
        "away_form": "",
        "home_form_score": 0.5,
        "away_form_score": 0.5,
        "home_record": "",
        "away_record": "",
        "home_record_score": 0.5,
        "away_record_score": 0.5,
        "ml_home_close": null,
        "draw_ml": null,
        "home_ml_implied": null,
        "draw_implied": null,
        "home_true_prob": null,
        "draw_true_prob": null,
        "away_true_prob": null,
        "spread_home_line": "",
        "spread_home_close_odds": "",
        "spread_movement_score": 0.0,
        "total_over_close": "",
        "total_under_close": "",
        "odds_data_available": false
      },
      {
        "name": "布雷斯特 vs 图卢兹",
        "status": "STATUS_FULL_TIME",
        "completed": true,
        "kickoff_utc": "2026-08-29T18:45:00Z",
        "time_to_kickoff_h": -690.2,
        "home": "布雷斯特",
        "away": "图卢兹",
        "home_en": "Stade Brestois 29",
        "away_en": "Toulouse FC",
        "home_abbr": "UNK",
        "away_abbr": "UNK",
        "score": "2-2",
        "home_form": "",
        "away_form": "",
        "home_form_score": 0.5,
        "away_form_score": 0.5,
        "home_record": "",
        "away_record": "",
        "home_record_score": 0.5,
        "away_record_score": 0.5,
        "ml_home_close": null,
        "draw_ml": null,
        "home_ml_implied": null,
        "draw_implied": null,
        "home_true_prob": null,
        "draw_true_prob": null,
        "away_true_prob": null,
        "spread_home_line": "",
        "spread_home_close_odds": "",
        "spread_movement_score": 0.0,
        "total_over_close": "",
        "total_under_close": "",
        "odds_data_available": false
      },
      {
        "name": "巴黎FC vs 尼斯",
        "status": "STATUS_FULL_TIME",
        "completed": true,
        "kickoff_utc": "2026-08-30T13:00:00Z",
        "time_to_kickoff_h": -671.9,
        "home": "巴黎FC",
        "away": "尼斯",
        "home_en": "Paris FC",
        "away_en": "OGC Nice",
        "home_abbr": "UNK",
        "away_abbr": "UNK",
        "score": "3-0",
        "home_form": "",
        "away_form": "",
        "home_form_score": 0.5,
        "away_form_score": 0.5,
        "home_record": "",
        "away_record": "",
        "home_record_score": 0.5,
        "away_record_score": 0.5,
        "ml_home_close": null,
        "draw_ml": null,
        "home_ml_implied": null,
        "draw_implied": null,
        "home_true_prob": null,
        "draw_true_prob": null,
        "away_true_prob": null,
        "spread_home_line": "",
        "spread_home_close_odds": "",
        "spread_movement_score": 0.0,
        "total_over_close": "",
        "total_under_close": "",
        "odds_data_available": false
      },
      {
        "name": "雷恩 vs 勒芒",
        "status": "STATUS_FULL_TIME",
        "completed": true,
        "kickoff_utc": "2026-08-30T15:15:00Z",
        "time_to_kickoff_h": -669.7,
        "home": "雷恩",
        "away": "勒芒",
        "home_en": "Stade Rennais FC 1901",
        "away_en": "Le Mans FC",
        "home_abbr": "UNK",
        "away_abbr": "UNK",
        "score": "3-2",
        "home_form": "",
        "away_form": "",
        "home_form_score": 0.5,
        "away_form_score": 0.5,
        "home_record": "",
        "away_record": "",
        "home_record_score": 0.5,
        "away_record_score": 0.5,
        "ml_home_close": null,
        "draw_ml": null,
        "home_ml_implied": null,
        "draw_implied": null,
        "home_true_prob": null,
        "draw_true_prob": null,
        "away_true_prob": null,
        "spread_home_line": "",
        "spread_home_close_odds": "",
        "spread_movement_score": 0.0,
        "total_over_close": "",
        "total_under_close": "",
        "odds_data_available": false
      },
      {
        "name": "摩纳哥 vs 马赛",
        "status": "STATUS_FULL_TIME",
        "completed": true,
        "kickoff_utc": "2026-08-30T18:45:00Z",
        "time_to_kickoff_h": -666.2,
        "home": "摩纳哥",
        "away": "马赛",
        "home_en": "AS Monaco FC",
        "away_en": "Olympique de Marseille",
        "home_abbr": "UNK",
        "away_abbr": "UNK",
        "score": "2-0",
        "home_form": "",
        "away_form": "",
        "home_form_score": 0.5,
        "away_form_score": 0.5,
        "home_record": "",
        "away_record": "",
        "home_record_score": 0.5,
        "away_record_score": 0.5,
        "ml_home_close": null,
        "draw_ml": null,
        "home_ml_implied": null,
        "draw_implied": null,
        "home_true_prob": null,
        "draw_true_prob": null,
        "away_true_prob": null,
        "spread_home_line": "",
        "spread_home_close_odds": "",
        "spread_movement_score": 0.0,
        "total_over_close": "",
        "total_under_close": "",
        "odds_data_available": false
      },
      {
        "name": "图卢兹 vs 里尔",
        "status": "STATUS_FULL_TIME",
        "completed": true,
        "kickoff_utc": "2026-09-03T18:45:00Z",
        "time_to_kickoff_h": -570.2,
        "home": "图卢兹",
        "away": "里尔",
        "home_en": "Toulouse FC",
        "away_en": "Lille OSC",
        "home_abbr": "UNK",
        "away_abbr": "UNK",
        "score": "0-1",
        "home_form": "D",
        "away_form": "D",
        "home_form_score": 0.5,
        "away_form_score": 0.5,
        "home_record": "0-1-0",
        "away_record": "0-1-0",
        "home_record_score": 0.0,
        "away_record_score": 0.0,
        "ml_home_close": null,
        "draw_ml": null,
        "home_ml_implied": null,
        "draw_implied": null,
        "home_true_prob": null,
        "draw_true_prob": null,
        "away_true_prob": null,
        "spread_home_line": "",
        "spread_home_close_odds": "",
        "spread_movement_score": 0.0,
        "total_over_close": "",
        "total_under_close": "",
        "odds_data_available": false
      },
      {
        "name": "里昂 vs 欧塞尔",
        "status": "STATUS_FULL_TIME",
        "completed": true,
        "kickoff_utc": "2026-09-04T17:00:00Z",
        "time_to_kickoff_h": -547.9,
        "home": "里昂",
        "away": "欧塞尔",
        "home_en": "Olympique Lyonnais",
        "away_en": "AJ Auxerre",
        "home_abbr": "UNK",
        "away_abbr": "UNK",
        "score": "3-1",
        "home_form": "D",
        "away_form": "L",
        "home_form_score": 0.5,
        "away_form_score": 0.0,
        "home_record": "0-1-0",
        "away_record": "0-0-1",
        "home_record_score": 0.0,
        "away_record_score": 0.0,
        "ml_home_close": null,
        "draw_ml": null,
        "home_ml_implied": null,
        "draw_implied": null,
        "home_true_prob": null,
        "draw_true_prob": null,
        "away_true_prob": null,
        "spread_home_line": "",
        "spread_home_close_odds": "",
        "spread_movement_score": 0.0,
        "total_over_close": "",
        "total_under_close": "",
        "odds_data_available": false
      },
      {
        "name": "巴黎圣日耳曼 vs 摩纳哥",
        "status": "STATUS_FULL_TIME",
        "completed": true,
        "kickoff_utc": "2026-09-04T19:05:00Z",
        "time_to_kickoff_h": -545.9,
        "home": "巴黎圣日耳曼",
        "away": "摩纳哥",
        "home_en": "Paris Saint-Germain FC",
        "away_en": "AS Monaco FC",
        "home_abbr": "UNK",
        "away_abbr": "UNK",
        "score": "1-2",
        "home_form": "D",
        "away_form": "W",
        "home_form_score": 0.5,
        "away_form_score": 1.0,
        "home_record": "0-1-0",
        "away_record": "1-0-0",
        "home_record_score": 0.0,
        "away_record_score": 1.0,
        "ml_home_close": null,
        "draw_ml": null,
        "home_ml_implied": null,
        "draw_implied": null,
        "home_true_prob": null,
        "draw_true_prob": null,
        "away_true_prob": null,
        "spread_home_line": "",
        "spread_home_close_odds": "",
        "spread_movement_score": 0.0,
        "total_over_close": "",
        "total_under_close": "",
        "odds_data_available": false
      },
      {
        "name": "朗斯 vs 洛里昂",
        "status": "STATUS_FULL_TIME",
        "completed": true,
        "kickoff_utc": "2026-09-05T15:15:00Z",
        "time_to_kickoff_h": -525.7,
        "home": "朗斯",
        "away": "洛里昂",
        "home_en": "Racing Club de Lens",
        "away_en": "FC Lorient",
        "home_abbr": "UNK",
        "away_abbr": "UNK",
        "score": "0-1",
        "home_form": "L",
        "away_form": "L",
        "home_form_score": 0.0,
        "away_form_score": 0.0,
        "home_record": "0-0-1",
        "away_record": "0-0-1",
        "home_record_score": 0.0,
        "away_record_score": 0.0,
        "ml_home_close": null,
        "draw_ml": null,
        "home_ml_implied": null,
        "draw_implied": null,
        "home_true_prob": null,
        "draw_true_prob": null,
        "away_true_prob": null,
        "spread_home_line": "",
        "spread_home_close_odds": "",
        "spread_movement_score": 0.0,
        "total_over_close": "",
        "total_under_close": "",
        "odds_data_available": false
      },
      {
        "name": "勒阿弗尔 vs 布雷斯特",
        "status": "STATUS_FULL_TIME",
        "completed": true,
        "kickoff_utc": "2026-09-05T18:45:00Z",
        "time_to_kickoff_h": -522.2,
        "home": "勒阿弗尔",
        "away": "布雷斯特",
        "home_en": "Le Havre AC",
        "away_en": "Stade Brestois 29",
        "home_abbr": "UNK",
        "away_abbr": "UNK",
        "score": "1-2",
        "home_form": "D",
        "away_form": "D",
        "home_form_score": 0.5,
        "away_form_score": 0.5,
        "home_record": "0-1-0",
        "away_record": "0-1-0",
        "home_record_score": 0.0,
        "away_record_score": 0.0,
        "ml_home_close": null,
        "draw_ml": null,
        "home_ml_implied": null,
        "draw_implied": null,
        "home_true_prob": null,
        "draw_true_prob": null,
        "away_true_prob": null,
        "spread_home_line": "",
        "spread_home_close_odds": "",
        "spread_movement_score": 0.0,
        "total_over_close": "",
        "total_under_close": "",
        "odds_data_available": false
      },
      {
        "name": "尼斯 vs 勒芒",
        "status": "STATUS_FULL_TIME",
        "completed": true,
        "kickoff_utc": "2026-09-05T18:45:00Z",
        "time_to_kickoff_h": -522.2,
        "home": "尼斯",
        "away": "勒芒",
        "home_en": "OGC Nice",
        "away_en": "Le Mans FC",
        "home_abbr": "UNK",
        "away_abbr": "UNK",
        "score": "1-1",
        "home_form": "L",
        "away_form": "L",
        "home_form_score": 0.0,
        "away_form_score": 0.0,
        "home_record": "0-0-1",
        "away_record": "0-0-1",
        "home_record_score": 0.0,
        "away_record_score": 0.0,
        "ml_home_close": null,
        "draw_ml": null,
        "home_ml_implied": null,
        "draw_implied": null,
        "home_true_prob": null,
        "draw_true_prob": null,
        "away_true_prob": null,
        "spread_home_line": "",
        "spread_home_close_odds": "",
        "spread_movement_score": 0.0,
        "total_over_close": "",
        "total_under_close": "",
        "odds_data_available": false
      },
      {
        "name": "特鲁瓦 vs 斯特拉斯堡",
        "status": "STATUS_FULL_TIME",
        "completed": true,
        "kickoff_utc": "2026-09-06T13:00:00Z",
        "time_to_kickoff_h": -503.9,
        "home": "特鲁瓦",
        "away": "斯特拉斯堡",
        "home_en": "ES Troyes AC",
        "away_en": "RC Strasbourg Alsace",
        "home_abbr": "UNK",
        "away_abbr": "UNK",
        "score": "2-6",
        "home_form": "W",
        "away_form": "W",
        "home_form_score": 1.0,
        "away_form_score": 1.0,
        "home_record": "1-0-0",
        "away_record": "1-0-0",
        "home_record_score": 1.0,
        "away_record_score": 1.0,
        "ml_home_close": null,
        "draw_ml": null,
        "home_ml_implied": null,
        "draw_implied": null,
        "home_true_prob": null,
        "draw_true_prob": null,
        "away_true_prob": null,
        "spread_home_line": "",
        "spread_home_close_odds": "",
        "spread_movement_score": 0.0,
        "total_over_close": "",
        "total_under_close": "",
        "odds_data_available": false
      },
      {
        "name": "昂热 vs 雷恩",
        "status": "STATUS_FULL_TIME",
        "completed": true,
        "kickoff_utc": "2026-09-06T15:15:00Z",
        "time_to_kickoff_h": -501.7,
        "home": "昂热",
        "away": "雷恩",
        "home_en": "Angers SCO",
        "away_en": "Stade Rennais FC 1901",
        "home_abbr": "UNK",
        "away_abbr": "UNK",
        "score": "1-2",
        "home_form": "W",
        "away_form": "W",
        "home_form_score": 1.0,
        "away_form_score": 1.0,
        "home_record": "1-0-0",
        "away_record": "1-0-0",
        "home_record_score": 1.0,
        "away_record_score": 1.0,
        "ml_home_close": null,
        "draw_ml": null,
        "home_ml_implied": null,
        "draw_implied": null,
        "home_true_prob": null,
        "draw_true_prob": null,
        "away_true_prob": null,
        "spread_home_line": "",
        "spread_home_close_odds": "",
        "spread_movement_score": 0.0,
        "total_over_close": "",
        "total_under_close": "",
        "odds_data_available": false
      },
      {
        "name": "马赛 vs 巴黎FC",
        "status": "STATUS_FULL_TIME",
        "completed": true,
        "kickoff_utc": "2026-09-06T18:45:00Z",
        "time_to_kickoff_h": -498.2,
        "home": "马赛",
        "away": "巴黎FC",
        "home_en": "Olympique de Marseille",
        "away_en": "Paris FC",
        "home_abbr": "UNK",
        "away_abbr": "UNK",
        "score": "2-3",
        "home_form": "L",
        "away_form": "W",
        "home_form_score": 0.0,
        "away_form_score": 1.0,
        "home_record": "0-0-1",
        "away_record": "1-0-0",
        "home_record_score": 0.0,
        "away_record_score": 1.0,
        "ml_home_close": null,
        "draw_ml": null,
        "home_ml_implied": null,
        "draw_implied": null,
        "home_true_prob": null,
        "draw_true_prob": null,
        "away_true_prob": null,
        "spread_home_line": "",
        "spread_home_close_odds": "",
        "spread_movement_score": 0.0,
        "total_over_close": "",
        "total_under_close": "",
        "odds_data_available": false
      },
      {
        "name": "雷恩 vs 马赛",
        "status": "STATUS_FULL_TIME",
        "completed": true,
        "kickoff_utc": "2026-09-11T18:45:00Z",
        "time_to_kickoff_h": -378.2,
        "home": "雷恩",
        "away": "马赛",
        "home_en": "Stade Rennais FC 1901",
        "away_en": "Olympique de Marseille",
        "home_abbr": "UNK",
        "away_abbr": "UNK",
        "score": "1-0",
        "home_form": "WW",
        "away_form": "LL",
        "home_form_score": 1.0,
        "away_form_score": 0.0,
        "home_record": "2-0-0",
        "away_record": "0-0-2",
        "home_record_score": 1.0,
        "away_record_score": 0.0,
        "ml_home_close": null,
        "draw_ml": null,
        "home_ml_implied": null,
        "draw_implied": null,
        "home_true_prob": null,
        "draw_true_prob": null,
        "away_true_prob": null,
        "spread_home_line": "",
        "spread_home_close_odds": "",
        "spread_movement_score": 0.0,
        "total_over_close": "",
        "total_under_close": "",
        "odds_data_available": false
      },
      {
        "name": "斯特拉斯堡 vs 摩纳哥",
        "status": "STATUS_FULL_TIME",
        "completed": true,
        "kickoff_utc": "2026-09-12T15:15:00Z",
        "time_to_kickoff_h": -357.7,
        "home": "斯特拉斯堡",
        "away": "摩纳哥",
        "home_en": "RC Strasbourg Alsace",
        "away_en": "AS Monaco FC",
        "home_abbr": "UNK",
        "away_abbr": "UNK",
        "score": "1-1",
        "home_form": "WW",
        "away_form": "WW",
        "home_form_score": 1.0,
        "away_form_score": 1.0,
        "home_record": "2-0-0",
        "away_record": "2-0-0",
        "home_record_score": 1.0,
        "away_record_score": 1.0,
        "ml_home_close": null,
        "draw_ml": null,
        "home_ml_implied": null,
        "draw_implied": null,
        "home_true_prob": null,
        "draw_true_prob": null,
        "away_true_prob": null,
        "spread_home_line": "",
        "spread_home_close_odds": "",
        "spread_movement_score": 0.0,
        "total_over_close": "",
        "total_under_close": "",
        "odds_data_available": false
      },
      {
        "name": "洛里昂 vs 图卢兹",
        "status": "STATUS_FULL_TIME",
        "completed": true,
        "kickoff_utc": "2026-09-12T18:45:00Z",
        "time_to_kickoff_h": -354.2,
        "home": "洛里昂",
        "away": "图卢兹",
        "home_en": "FC Lorient",
        "away_en": "Toulouse FC",
        "home_abbr": "UNK",
        "away_abbr": "UNK",
        "score": "2-2",
        "home_form": "LW",
        "away_form": "DL",
        "home_form_score": 0.5,
        "away_form_score": 0.25,
        "home_record": "1-0-1",
        "away_record": "0-1-1",
        "home_record_score": 0.5,
        "away_record_score": 0.0,
        "ml_home_close": null,
        "draw_ml": null,
        "home_ml_implied": null,
        "draw_implied": null,
        "home_true_prob": null,
        "draw_true_prob": null,
        "away_true_prob": null,
        "spread_home_line": "",
        "spread_home_close_odds": "",
        "spread_movement_score": 0.0,
        "total_over_close": "",
        "total_under_close": "",
        "odds_data_available": false
      },
      {
        "name": "欧塞尔 vs 尼斯",
        "status": "STATUS_FULL_TIME",
        "completed": true,
        "kickoff_utc": "2026-09-12T18:45:00Z",
        "time_to_kickoff_h": -354.2,
        "home": "欧塞尔",
        "away": "尼斯",
        "home_en": "AJ Auxerre",
        "away_en": "OGC Nice",
        "home_abbr": "UNK",
        "away_abbr": "UNK",
        "score": "1-0",
        "home_form": "LL",
        "away_form": "LD",
        "home_form_score": 0.0,
        "away_form_score": 0.25,
        "home_record": "0-0-2",
        "away_record": "0-1-1",
        "home_record_score": 0.0,
        "away_record_score": 0.0,
        "ml_home_close": null,
        "draw_ml": null,
        "home_ml_implied": null,
        "draw_implied": null,
        "home_true_prob": null,
        "draw_true_prob": null,
        "away_true_prob": null,
        "spread_home_line": "",
        "spread_home_close_odds": "",
        "spread_movement_score": 0.0,
        "total_over_close": "",
        "total_under_close": "",
        "odds_data_available": false
      },
      {
        "name": "勒阿弗尔 vs 昂热",
        "status": "STATUS_FULL_TIME",
        "completed": true,
        "kickoff_utc": "2026-09-12T18:45:00Z",
        "time_to_kickoff_h": -354.2,
        "home": "勒阿弗尔",
        "away": "昂热",
        "home_en": "Le Havre AC",
        "away_en": "Angers SCO",
        "home_abbr": "UNK",
        "away_abbr": "UNK",
        "score": "0-0",
        "home_form": "DL",
        "away_form": "WL",
        "home_form_score": 0.25,
        "away_form_score": 0.5,
        "home_record": "0-1-1",
        "away_record": "1-0-1",
        "home_record_score": 0.0,
        "away_record_score": 0.5,
        "ml_home_close": null,
        "draw_ml": null,
        "home_ml_implied": null,
        "draw_implied": null,
        "home_true_prob": null,
        "draw_true_prob": null,
        "away_true_prob": null,
        "spread_home_line": "",
        "spread_home_close_odds": "",
        "spread_movement_score": 0.0,
        "total_over_close": "",
        "total_under_close": "",
        "odds_data_available": false
      },
      {
        "name": "巴黎FC vs 里昂",
        "status": "STATUS_FULL_TIME",
        "completed": true,
        "kickoff_utc": "2026-09-12T18:45:00Z",
        "time_to_kickoff_h": -354.2,
        "home": "巴黎FC",
        "away": "里昂",
        "home_en": "Paris FC",
        "away_en": "Olympique Lyonnais",
        "home_abbr": "UNK",
        "away_abbr": "UNK",
        "score": "0-0",
        "home_form": "WW",
        "away_form": "DW",
        "home_form_score": 1.0,
        "away_form_score": 0.75,
        "home_record": "2-0-0",
        "away_record": "1-1-0",
        "home_record_score": 1.0,
        "away_record_score": 0.5,
        "ml_home_close": null,
        "draw_ml": null,
        "home_ml_implied": null,
        "draw_implied": null,
        "home_true_prob": null,
        "draw_true_prob": null,
        "away_true_prob": null,
        "spread_home_line": "",
        "spread_home_close_odds": "",
        "spread_movement_score": 0.0,
        "total_over_close": "",
        "total_under_close": "",
        "odds_data_available": false
      },
      {
        "name": "里尔 vs 特鲁瓦",
        "status": "STATUS_FULL_TIME",
        "completed": true,
        "kickoff_utc": "2026-09-13T13:00:00Z",
        "time_to_kickoff_h": -335.9,
        "home": "里尔",
        "away": "特鲁瓦",
        "home_en": "Lille OSC",
        "away_en": "ES Troyes AC",
        "home_abbr": "UNK",
        "away_abbr": "UNK",
        "score": "2-0",
        "home_form": "DW",
        "away_form": "WL",
        "home_form_score": 0.75,
        "away_form_score": 0.5,
        "home_record": "1-1-0",
        "away_record": "1-0-1",
        "home_record_score": 0.5,
        "away_record_score": 0.5,
        "ml_home_close": null,
        "draw_ml": null,
        "home_ml_implied": null,
        "draw_implied": null,
        "home_true_prob": null,
        "draw_true_prob": null,
        "away_true_prob": null,
        "spread_home_line": "",
        "spread_home_close_odds": "",
        "spread_movement_score": 0.0,
        "total_over_close": "",
        "total_under_close": "",
        "odds_data_available": false
      },
      {
        "name": "勒芒 vs 朗斯",
        "status": "STATUS_FULL_TIME",
        "completed": true,
        "kickoff_utc": "2026-09-13T15:15:00Z",
        "time_to_kickoff_h": -333.7,
        "home": "勒芒",
        "away": "朗斯",
        "home_en": "Le Mans FC",
        "away_en": "Racing Club de Lens",
        "home_abbr": "UNK",
        "away_abbr": "UNK",
        "score": "2-2",
        "home_form": "LD",
        "away_form": "LL",
        "home_form_score": 0.25,
        "away_form_score": 0.0,
        "home_record": "0-1-1",
        "away_record": "0-0-2",
        "home_record_score": 0.0,
        "away_record_score": 0.0,
        "ml_home_close": null,
        "draw_ml": null,
        "home_ml_implied": null,
        "draw_implied": null,
        "home_true_prob": null,
        "draw_true_prob": null,
        "away_true_prob": null,
        "spread_home_line": "",
        "spread_home_close_odds": "",
        "spread_movement_score": 0.0,
        "total_over_close": "",
        "total_under_close": "",
        "odds_data_available": false
      },
      {
        "name": "布雷斯特 vs 巴黎圣日耳曼",
        "status": "STATUS_FULL_TIME",
        "completed": true,
        "kickoff_utc": "2026-09-13T18:45:00Z",
        "time_to_kickoff_h": -330.2,
        "home": "布雷斯特",
        "away": "巴黎圣日耳曼",
        "home_en": "Stade Brestois 29",
        "away_en": "Paris Saint-Germain FC",
        "home_abbr": "UNK",
        "away_abbr": "UNK",
        "score": "0-1",
        "home_form": "DW",
        "away_form": "DL",
        "home_form_score": 0.75,
        "away_form_score": 0.25,
        "home_record": "1-1-0",
        "away_record": "0-1-1",
        "home_record_score": 0.5,
        "away_record_score": 0.0,
        "ml_home_close": null,
        "draw_ml": null,
        "home_ml_implied": null,
        "draw_implied": null,
        "home_true_prob": null,
        "draw_true_prob": null,
        "away_true_prob": null,
        "spread_home_line": "",
        "spread_home_close_odds": "",
        "spread_movement_score": 0.0,
        "total_over_close": "",
        "total_under_close": "",
        "odds_data_available": false
      },
      {
        "name": "摩纳哥 vs 朗斯",
        "status": "STATUS_FULL_TIME",
        "completed": true,
        "kickoff_utc": "2026-09-18T18:45:00Z",
        "time_to_kickoff_h": -210.2,
        "home": "摩纳哥",
        "away": "朗斯",
        "home_en": "AS Monaco FC",
        "away_en": "Racing Club de Lens",
        "home_abbr": "UNK",
        "away_abbr": "UNK",
        "score": "2-1",
        "home_form": "WWD",
        "away_form": "LLD",
        "home_form_score": 0.833,
        "away_form_score": 0.167,
        "home_record": "2-1-0",
        "away_record": "0-1-2",
        "home_record_score": 0.667,
        "away_record_score": 0.0,
        "ml_home_close": null,
        "draw_ml": null,
        "home_ml_implied": null,
        "draw_implied": null,
        "home_true_prob": null,
        "draw_true_prob": null,
        "away_true_prob": null,
        "spread_home_line": "",
        "spread_home_close_odds": "",
        "spread_movement_score": 0.0,
        "total_over_close": "",
        "total_under_close": "",
        "odds_data_available": false
      },
      {
        "name": "巴黎FC vs 斯特拉斯堡",
        "status": "STATUS_FULL_TIME",
        "completed": true,
        "kickoff_utc": "2026-09-19T15:15:00Z",
        "time_to_kickoff_h": -189.7,
        "home": "巴黎FC",
        "away": "斯特拉斯堡",
        "home_en": "Paris FC",
        "away_en": "RC Strasbourg Alsace",
        "home_abbr": "UNK",
        "away_abbr": "UNK",
        "score": "2-1",
        "home_form": "WWD",
        "away_form": "WWD",
        "home_form_score": 0.833,
        "away_form_score": 0.833,
        "home_record": "2-1-0",
        "away_record": "2-1-0",
        "home_record_score": 0.667,
        "away_record_score": 0.667,
        "ml_home_close": null,
        "draw_ml": null,
        "home_ml_implied": null,
        "draw_implied": null,
        "home_true_prob": null,
        "draw_true_prob": null,
        "away_true_prob": null,
        "spread_home_line": "",
        "spread_home_close_odds": "",
        "spread_movement_score": 0.0,
        "total_over_close": "",
        "total_under_close": "",
        "odds_data_available": false
      },
      {
        "name": "勒芒 vs 洛里昂",
        "status": "STATUS_FULL_TIME",
        "completed": true,
        "kickoff_utc": "2026-09-19T18:45:00Z",
        "time_to_kickoff_h": -186.2,
        "home": "勒芒",
        "away": "洛里昂",
        "home_en": "Le Mans FC",
        "away_en": "FC Lorient",
        "home_abbr": "UNK",
        "away_abbr": "UNK",
        "score": "2-1",
        "home_form": "LDD",
        "away_form": "LWD",
        "home_form_score": 0.333,
        "away_form_score": 0.5,
        "home_record": "0-2-1",
        "away_record": "1-1-1",
        "home_record_score": 0.0,
        "away_record_score": 0.333,
        "ml_home_close": null,
        "draw_ml": null,
        "home_ml_implied": null,
        "draw_implied": null,
        "home_true_prob": null,
        "draw_true_prob": null,
        "away_true_prob": null,
        "spread_home_line": "",
        "spread_home_close_odds": "",
        "spread_movement_score": 0.0,
        "total_over_close": "",
        "total_under_close": "",
        "odds_data_available": false
      },
      {
        "name": "图卢兹 vs 勒阿弗尔",
        "status": "STATUS_FULL_TIME",
        "completed": true,
        "kickoff_utc": "2026-09-19T18:45:00Z",
        "time_to_kickoff_h": -186.2,
        "home": "图卢兹",
        "away": "勒阿弗尔",
        "home_en": "Toulouse FC",
        "away_en": "Le Havre AC",
        "home_abbr": "UNK",
        "away_abbr": "UNK",
        "score": "3-2",
        "home_form": "DLD",
        "away_form": "DLD",
        "home_form_score": 0.333,
        "away_form_score": 0.333,
        "home_record": "0-2-1",
        "away_record": "0-2-1",
        "home_record_score": 0.0,
        "away_record_score": 0.0,
        "ml_home_close": null,
        "draw_ml": null,
        "home_ml_implied": null,
        "draw_implied": null,
        "home_true_prob": null,
        "draw_true_prob": null,
        "away_true_prob": null,
        "spread_home_line": "",
        "spread_home_close_odds": "",
        "spread_movement_score": 0.0,
        "total_over_close": "",
        "total_under_close": "",
        "odds_data_available": false
      },
      {
        "name": "昂热 vs 特鲁瓦",
        "status": "STATUS_FULL_TIME",
        "completed": true,
        "kickoff_utc": "2026-09-19T18:45:00Z",
        "time_to_kickoff_h": -186.2,
        "home": "昂热",
        "away": "特鲁瓦",
        "home_en": "Angers SCO",
        "away_en": "ES Troyes AC",
        "home_abbr": "UNK",
        "away_abbr": "UNK",
        "score": "2-0",
        "home_form": "WLD",
        "away_form": "WLL",
        "home_form_score": 0.5,
        "away_form_score": 0.333,
        "home_record": "1-1-1",
        "away_record": "1-0-2",
        "home_record_score": 0.333,
        "away_record_score": 0.333,
        "ml_home_close": null,
        "draw_ml": null,
        "home_ml_implied": null,
        "draw_implied": null,
        "home_true_prob": null,
        "draw_true_prob": null,
        "away_true_prob": null,
        "spread_home_line": "",
        "spread_home_close_odds": "",
        "spread_movement_score": 0.0,
        "total_over_close": "",
        "total_under_close": "",
        "odds_data_available": false
      },
      {
        "name": "里昂 vs 雷恩",
        "status": "STATUS_FULL_TIME",
        "completed": true,
        "kickoff_utc": "2026-09-19T18:45:00Z",
        "time_to_kickoff_h": -186.2,
        "home": "里昂",
        "away": "雷恩",
        "home_en": "Olympique Lyonnais",
        "away_en": "Stade Rennais FC 1901",
        "home_abbr": "UNK",
        "away_abbr": "UNK",
        "score": "4-0",
        "home_form": "DWD",
        "away_form": "WWW",
        "home_form_score": 0.667,
        "away_form_score": 1.0,
        "home_record": "1-2-0",
        "away_record": "3-0-0",
        "home_record_score": 0.333,
        "away_record_score": 1.0,
        "ml_home_close": null,
        "draw_ml": null,
        "home_ml_implied": null,
        "draw_implied": null,
        "home_true_prob": null,
        "draw_true_prob": null,
        "away_true_prob": null,
        "spread_home_line": "",
        "spread_home_close_odds": "",
        "spread_movement_score": 0.0,
        "total_over_close": "",
        "total_under_close": "",
        "odds_data_available": false
      },
      {
        "name": "欧塞尔 vs 布雷斯特",
        "status": "STATUS_FULL_TIME",
        "completed": true,
        "kickoff_utc": "2026-09-20T13:00:00Z",
        "time_to_kickoff_h": -167.9,
        "home": "欧塞尔",
        "away": "布雷斯特",
        "home_en": "AJ Auxerre",
        "away_en": "Stade Brestois 29",
        "home_abbr": "UNK",
        "away_abbr": "UNK",
        "score": "2-1",
        "home_form": "LLW",
        "away_form": "DWL",
        "home_form_score": 0.333,
        "away_form_score": 0.5,
        "home_record": "1-0-2",
        "away_record": "1-1-1",
        "home_record_score": 0.333,
        "away_record_score": 0.333,
        "ml_home_close": null,
        "draw_ml": null,
        "home_ml_implied": null,
        "draw_implied": null,
        "home_true_prob": null,
        "draw_true_prob": null,
        "away_true_prob": null,
        "spread_home_line": "",
        "spread_home_close_odds": "",
        "spread_movement_score": 0.0,
        "total_over_close": "",
        "total_under_close": "",
        "odds_data_available": false
      },
      {
        "name": "尼斯 vs 里尔",
        "status": "STATUS_FULL_TIME",
        "completed": true,
        "kickoff_utc": "2026-09-20T15:15:00Z",
        "time_to_kickoff_h": -165.7,
        "home": "尼斯",
        "away": "里尔",
        "home_en": "OGC Nice",
        "away_en": "Lille OSC",
        "home_abbr": "UNK",
        "away_abbr": "UNK",
        "score": "2-1",
        "home_form": "LDL",
        "away_form": "DWW",
        "home_form_score": 0.167,
        "away_form_score": 0.833,
        "home_record": "0-1-2",
        "away_record": "2-1-0",
        "home_record_score": 0.0,
        "away_record_score": 0.667,
        "ml_home_close": null,
        "draw_ml": null,
        "home_ml_implied": null,
        "draw_implied": null,
        "home_true_prob": null,
        "draw_true_prob": null,
        "away_true_prob": null,
        "spread_home_line": "",
        "spread_home_close_odds": "",
        "spread_movement_score": 0.0,
        "total_over_close": "",
        "total_under_close": "",
        "odds_data_available": false
      },
      {
        "name": "马赛 vs 巴黎圣日耳曼",
        "status": "STATUS_FULL_TIME",
        "completed": true,
        "kickoff_utc": "2026-09-20T18:45:00Z",
        "time_to_kickoff_h": -162.2,
        "home": "马赛",
        "away": "巴黎圣日耳曼",
        "home_en": "Olympique de Marseille",
        "away_en": "Paris Saint-Germain FC",
        "home_abbr": "UNK",
        "away_abbr": "UNK",
        "score": "1-2",
        "home_form": "LLL",
        "away_form": "DLW",
        "home_form_score": 0.0,
        "away_form_score": 0.5,
        "home_record": "0-0-3",
        "away_record": "1-1-1",
        "home_record_score": 0.0,
        "away_record_score": 0.333,
        "ml_home_close": null,
        "draw_ml": null,
        "home_ml_implied": null,
        "draw_implied": null,
        "home_true_prob": null,
        "draw_true_prob": null,
        "away_true_prob": null,
        "spread_home_line": "",
        "spread_home_close_odds": "",
        "spread_movement_score": 0.0,
        "total_over_close": "",
        "total_under_close": "",
        "odds_data_available": false
      }
    ],
    "predictions": []
  }
]
